State,City,Date,AQI,PM2.5,n_PM2.5,PM10,n_PM10,NO2,n_NO2,SO2,n_SO2,NH3,n_NH3,CO,n_CO,O3,n_O3,tempmax,tempmin,precip,windspeed,winddir,solarradiation,temp,feelslikemax,feelslikemin,feelslike,dew,humidity,precipprob,precipcover,snow,snowdepth,windgust,sealevelpressure,cloudcover,visibility,solarenergy,uvindex
Delhi,Delhi,01-01-2017,345,213.192,10,343.363,8,47.6345,11,19.922,5,77.8533,6,5.5775,4,43.055,4,22.2,9.4,0,16.6,89.5,148.2,15.6,22.2,9.4,15.6,12.7,84.7,0,0,0,0,31.7,1016.3,1.1,1.2,12.7,6
Delhi,Delhi,02-01-2017,337,191.199,8,382.616,5,62.6256,9,18.3067,6,78.3583,6,4.584,5,39.044,5,23.6,11,0,9.2,326,152.1,16.2,23.6,11,16.2,13.2,84.1,0,0,0,0,20.5,1018.2,6,0.9,13.1,6
Delhi,Delhi,03-01-2017,331,187.049,9,365.222,5,66.85,9,18.7083,6,76.9767,6,6.028,5,42.144,5,23.5,10.8,0,9.4,270.7,157.2,15.6,23.5,10.8,15.6,12.9,85.6,0,0,0,0,17.6,1018.4,35.5,0.8,13.5,6
Delhi,Delhi,04-01-2017,381,194.639,9,346.418,5,66.0489,9,19.7617,6,93.3883,6,4.868,5,52.592,5,24.8,10.2,0,11.2,157.9,162.6,16.8,24.8,10.2,16.8,12.4,78.2,0,0,0,0,18.7,1016,0,1.2,14.1,6
Delhi,Delhi,05-01-2017,321,192.943,9,331.446,5,65.1733,9,20.0083,6,87.0717,6,5.43,5,62.086,5,24.9,11.3,0,9.4,269,164.3,17.1,24.9,11.3,17.1,13.2,79.9,0,0,0,0,16.9,1014.3,0,1.5,14.2,6
Delhi,Delhi,06-01-2017,351,164.98,9,259.134,5,59.5189,9,14.795,6,73.2533,6,2.4,5,47.316,5,24,13.2,0,14.1,121.9,141.2,18,24,13.2,18,14.8,83,0,0,0,0,37.4,1012,10.8,1.5,12.3,5
Delhi,Delhi,07-01-2017,278,123.346,9,178.928,5,45.7956,9,13.0733,6,54.18,6,1.752,5,19.1,4,16,13,2.299,21.3,109.8,92.6,14.6,16,13,14.6,13.8,95.5,100,12.5,0,0,29.2,1011.5,70.6,1,8,3
Delhi,Delhi,08-01-2017,288,128.056,9,220.284,5,54.5522,9,21.0667,6,48.4467,6,2.18,5,44.996,5,20.2,11.7,0,7.7,59.5,146.4,14.8,20.2,11.7,14.8,12.6,87.4,0,0,0,0,20.9,1014.9,36.1,1.2,12.6,6
Delhi,Delhi,09-01-2017,308,124.497,10,248.308,5,58.843,10,18.3857,7,45.5617,6,1.938,5,46.7333,6,18.8,9.9,0,12.3,305.9,164.4,13.5,18.8,9.9,13.5,10.9,85.5,0,0,0,0,24.5,1015.6,18.9,1.1,14.2,6
Delhi,Delhi,10-01-2017,247,98.534,10,222.16,5,56.567,10,14.5714,7,40.425,6,2.0725,4,56.9267,6,17.6,6,0,21,290.9,179.3,11.5,17.6,6,11.3,5.6,72.2,0,0,0,0,32.8,1016.3,0,2.3,15.4,7
Delhi,Delhi,11-01-2017,280,137.631,10,281.774,5,63.1056,9,19.8629,7,46.162,5,2.41333,6,54.638,5,16.9,5.2,0,20,275.5,178.8,10.4,16.9,2.6,10,4.8,70.2,0,0,0,0,27.7,1016.7,6,1.8,15.4,7
Delhi,Delhi,12-01-2017,323,193.165,10,400.5,5,67.261,10,27.8629,7,56.6833,6,2.904,5,56.5583,6,18,4.2,0,15.1,283.1,177.2,10.6,18,4.2,10.5,6.1,75.9,0,0,0,0,22.7,1016.3,0.2,1.5,15.5,7
Delhi,Delhi,13-01-2017,326,204.787,10,396.58,5,71.604,10,23.9971,7,65.3617,6,4.638,5,62.6083,6,19,5.2,0,14.1,298,180.4,11.5,19,5.2,11.4,6,72.7,0,0,0,0,23.8,1017.2,0,1.4,15.6,7
Delhi,Delhi,14-01-2017,384,273.8,9,502.225,4,71.1122,9,17.9767,6,71.408,5,4.185,4,37.21,2,18.9,4.4,0,11.3,291.4,162.2,11.8,18.9,4.4,11.8,7.2,75.3,0,0,0,0,19.1,1018.6,36.3,1.2,14,6
Delhi,Delhi,15-01-2017,326,188.48,10,359.4,5,71.1878,9,25.2286,7,67.642,5,3.296,5,78.385,6,23,9,0,7.6,150.7,173.7,15.7,23,9,15.7,8.9,66.7,0,0,0,0,15.5,1017.9,43.6,1.4,15.1,7
Delhi,Delhi,16-01-2017,355,149.826,10,260.07,5,49.93,10,16.4614,7,58.3167,6,2.072,5,31.394,5,18.6,9.8,0,20.5,300.5,172,13.8,18.6,7.7,13.6,9.3,75.2,0,0,0,0,25.6,1016.7,30.5,1.3,14.9,7
Delhi,Delhi,17-01-2017,245,127.839,10,199.342,5,43.907,10,15.2129,7,45.8233,6,2.034,5,40.035,6,15,5,0,13,285,177.8,10,15,2.1,9.1,8,87.8,0,0,0,0,27,1018.4,30.9,1,15.5,7
Delhi,Delhi,18-01-2017,317,155.713,10,253.88,5,62.5422,9,19.3014,7,51.012,5,1.81,5,42.0733,6,19,5,0,11.8,315.7,180.9,11.4,19,5,11.3,8.1,81.3,0,0,0,0,25.6,1021.4,20.5,1.2,15.7,7
Delhi,Delhi,19-01-2017,300,146.927,10,211.84,5,45.9933,9,15.3829,7,37.764,5,1.834,5,43.2633,6,20.7,6.8,0,15.4,289,179.7,12.5,20.7,5.2,12.1,8.8,80.2,0,0,0,0,31,1022.7,12.5,1.4,15.5,7
Delhi,Delhi,20-01-2017,216,138.639,10,199.008,5,54.371,10,15.1871,7,39.9883,6,1.922,5,55.5933,6,19.8,6,0,18,283.2,167.4,12.1,19.8,4.4,11.5,7.8,78.4,0,0,0,0,28.4,1021.8,31.9,1.3,14.4,7
Delhi,Delhi,21-01-2017,286,254.157,6,238.08,1,56.2533,6,17.95,3,48.5167,3,0.62,1,34.27,2,19,5,0,13.4,267.4,134.3,12.7,19,3.3,12.4,8.5,78,0,0,0,0,21.6,1020.4,39.9,1.1,11.6,5
Delhi,Delhi,22-01-2017,365,239.093,6,356.68,1,49.885,6,14.9567,3,66.4167,3,1.67,1,36.62,2,23.2,9,0,10.5,302.7,175.5,15.7,23.2,7.9,15.7,12.2,81,0,0,0,0,24.1,1021.2,16.3,1.3,15,7
Delhi,Delhi,23-01-2017,309,157.506,10,307.112,5,63.765,10,19.0229,7,51.7333,6,3.2925,4,51.2667,6,24,9,0,14.4,286.1,180.2,16.2,24,8.5,16.1,12.6,81.4,0,0,0,0,27.7,1019.9,5.1,1.2,15.6,7
Delhi,Delhi,24-01-2017,336,181.664,10,408.042,5,78.642,10,19.6857,7,73.6533,6,5.184,5,62.4683,6,25.1,11,0,9.4,347.5,174.8,17.4,25.1,11,17.4,12,73.8,0,0,0,0,21.2,1018.5,20.4,1.2,15.1,7
Delhi,Delhi,25-01-2017,366,196.256,10,374.414,5,77.002,10,18.1314,7,82.095,6,5.0775,4,39.4683,6,25.8,13.4,0.597,23.1,108.7,144.6,19.2,25.8,13.4,19.2,14.5,76,100,4.17,0,0,37.4,1018.3,52.8,1.3,12.4,6
Delhi,Delhi,26-01-2017,324,105.822,10,154.026,5,49.25,10,15.0086,7,45.2517,6,1.2425,4,14.455,6,18.2,14,29.918,21,74.5,42.3,16.4,18.2,14,16.4,15.1,92.2,100,20.83,0,0,33.5,1017.7,80.7,1,3.6,2
Delhi,Delhi,27-01-2017,118,59.9378,9,72.658,5,37.736,10,11.9443,7,32.7083,6,1.164,5,29.6017,6,19.6,12,0.2,20.3,275.2,118,15.1,19.6,12,15.1,12.6,86.1,100,8.33,0,0,37.1,1017.8,47.4,1.5,10.1,5
Delhi,Delhi,28-01-2017,212,91.45,10,147.984,5,40.24,10,13.1714,7,31.4383,6,1.354,5,27.9867,6,18.8,10,0,15.9,281.2,161.1,13.8,18.8,8.7,13.7,11.7,88.2,0,0,0,0,27,1019.6,43.2,0.8,13.9,6
Delhi,Delhi,29-01-2017,211,103.721,9,180.786,5,42.397,10,14.6786,7,33.24,6,2.596,5,38.5817,6,21,11,0,16.9,271.8,185,15,21,11,15,12.1,84.2,0,0,0,0,32.8,1017.2,44.5,1.1,16,7
Delhi,Delhi,30-01-2017,294,142.077,10,281.788,5,58.835,10,16.2886,7,52.3733,6,3.67,5,46.18,6,21.8,10.8,0,13.6,271.4,180.7,15.4,21.8,10.8,15.4,11.9,81.9,0,0,0,0,19.8,1015.8,28.4,1,15.6,7
Delhi,Delhi,31-01-2017,366,165.463,10,282.374,5,64.525,10,18.5014,7,67.12,6,4.4,5,42.87,6,22.9,10,0,16.2,310,180.7,16.5,22.9,10,16.5,12.3,78.8,0,0,0,0,26.6,1015.3,3.4,1.3,15.6,7
Delhi,Delhi,01-02-2017,273,117.387,10,235.672,5,54.962,10,14.6471,7,54.5517,6,3.59,5,37.6517,6,21.8,10,0,16.2,278.1,197.4,15.5,21.8,10,15.5,11.7,80.8,0,0,0,0,24.5,1016.9,16,1.2,16.9,7
Delhi,Delhi,02-02-2017,327,174.077,10,374.956,5,71.648,10,16.1586,7,80.345,6,3.588,5,49.1233,6,23.6,9.3,0,9.4,302.7,195.8,16.3,23.6,9.3,16.3,10.5,72.4,0,0,0,0,17.3,1019.1,26.5,1.6,16.9,7
Delhi,Delhi,03-02-2017,314,181.086,10,388.574,5,70.65,10,16.8229,7,79.7717,6,4.622,5,65.6283,6,24.8,10.2,0,10,262.7,198.9,16.9,24.8,10.2,16.9,11.5,73.6,0,0,0,0,20.2,1017.8,30.9,1.5,16.9,7
Delhi,Delhi,04-02-2017,336,155.531,10,286.096,5,61.676,10,13.2157,7,68.0067,6,2.926,5,50.8167,6,23,13.1,0,18.4,114.3,165.8,18,23,13.1,18,14.5,81.1,0,0,0,0,36.7,1014.8,48.4,1.3,14.3,6
Delhi,Delhi,05-02-2017,260,131.724,9,256.113,4,50.775,10,14.72,7,53.1267,6,3.274,5,50.93,5,23,16,0,23.9,104.8,148.4,18.9,23,16,18.9,15,78.9,0,0,0,0,37.8,1013.7,55.1,1.4,13,7
Delhi,Delhi,06-02-2017,306,140.99,9,340.428,4,52.548,10,12.7114,7,52.6367,6,3.242,5,31.7,6,23.1,12.6,0,19.8,301.6,193.5,17,23.1,12.6,17,12.4,77.1,0,0,0,0,28.1,1015.8,34.8,1.6,16.7,7
Delhi,Delhi,07-02-2017,148,72.336,10,189.556,5,49.409,10,11.8029,7,33.9617,6,1.844,5,55.5667,6,21.8,9,0,17.3,291.3,203,15,21.8,7.6,14.8,8.6,67.7,0,0,0,0,29.9,1016.1,21.4,2.7,17.5,7
Delhi,Delhi,08-02-2017,254,116.328,10,288.936,5,64.139,10,15.5243,7,41.415,6,2.496,5,61.4417,6,23.8,9.8,0,17.4,269.6,207.5,16,23.8,9.8,16,9.2,68,0,0,0,0,22.7,1015.2,25.3,1.9,17.9,8
Delhi,Delhi,09-02-2017,268,116.129,10,267.674,5,61.442,10,16.3786,7,44.9933,6,1.786,5,57.05,6,22,10,0,22.9,289.4,208.7,15.9,22,10,15.9,10,70.6,0,0,0,0,33.5,1016.2,1.1,1.9,17.9,8
Delhi,Delhi,10-02-2017,249,96.166,10,233.452,5,57.657,10,19.6657,7,48.505,6,2.114,5,53.01,6,22.1,9,0,20.5,282.9,214.2,15.2,22.1,8.5,15.2,9.3,71,0,0,0,0,33.1,1015.6,0,2.1,18.6,8
Delhi,Delhi,11-02-2017,239,112.358,10,264.006,5,59.425,10,17.4986,7,58.7533,6,1.434,5,57.6367,6,23.8,8,0,11.8,302.3,216.5,16,23.8,8,15.9,8.2,64.9,0,0,0,0,20.9,1016.3,0,2.3,18.8,8
Delhi,Delhi,12-02-2017,274,127.858,10,249.07,5,65.2,10,21.8471,7,75.065,6,1.864,5,90.4617,6,24.6,9.8,0,11.2,355.6,210.8,16.5,24.6,9.8,16.5,9.9,67.8,0,0,0,0,16.9,1019.4,0,1.9,18.1,8
Delhi,Delhi,13-02-2017,279,116.02,10,254.974,5,66.36,10,17.5229,7,63.3333,6,1.988,5,70.7033,6,24.5,10,0,15.1,291.9,217.8,16.7,24.5,10,16.7,10.2,68.9,0,0,0,0,25.6,1021.3,5.7,2,18.8,8
Delhi,Delhi,14-02-2017,303,151.254,10,296.738,5,70.97,10,17.5129,7,53.895,6,2.438,5,71.5283,6,24.8,9,0,16.9,284.6,221.4,17.2,24.8,7.9,17.1,10.1,66.4,0,0,0,0,28.8,1021.4,13.2,1.8,19.2,8
Delhi,Delhi,15-02-2017,294,148.654,10,319.624,5,72.929,10,18.0757,7,56.8983,6,2.12,5,64.7417,6,26.8,11,0,16.9,276.1,216.8,18.2,26.5,11,18.2,10.7,65.4,0,0,0,0,25.6,1020.7,3.3,2.3,18.8,8
Delhi,Delhi,16-02-2017,284,145.635,10,282.384,5,63.984,10,18.8543,7,53.3817,6,1.642,5,57.5367,6,26.3,13,0,18.4,278.1,208.4,19.8,26.3,13,19.8,11.6,62.1,0,0,0,0,29.2,1018.2,27.6,2,18.1,8
Delhi,Delhi,17-02-2017,294,120,10,275.124,5,61.623,10,17.5243,7,51.3067,6,1.98,5,50.4417,6,26.8,15,0,19.1,275.7,195.1,20,27.1,15,20,13.7,68.1,0,0,0,0,30.2,1017.2,39.5,2.1,16.8,6
Delhi,Delhi,18-02-2017,236,100.198,9,270.16,4,63.48,10,18.4486,7,60.915,6,2.07,5,59.8367,6,29.6,14,0,17.4,291.8,217.6,21.3,28.9,14,21.2,14.9,70.8,0,0,0,0,26.3,1017.1,27.6,2,18.8,8
Delhi,Delhi,19-02-2017,237,108.47,9,312.327,4,61.712,10,17.0057,7,70.6183,6,3.815,4,71.7033,6,30.8,15.8,0,14.7,274.7,219.2,22.8,29.8,15.8,22.7,14.7,64.7,0,0,0,0,24.8,1013.9,40.7,2.8,19,8
Delhi,Delhi,20-02-2017,243,112.236,10,325.138,5,66.545,10,19.3571,7,79.7317,6,2.89,5,64.3433,6,32,17.5,0,12.6,242.3,205.4,24,30.7,17.5,23.7,14.5,59.2,0,0,0,0,24.8,1006.6,28.3,2.6,17.8,8
Delhi,Delhi,21-02-2017,254,99.283,10,257.61,5,48.935,10,15.7586,7,55.365,6,2.158,5,51.2533,6,25,16,0,21.6,268,195.6,20.5,25,16,20.5,15,71.7,0,0,0,0,27.7,1007.5,29.7,2.4,16.9,7
Delhi,Delhi,22-02-2017,236,98.174,10,245.886,5,56.16,10,18.3943,7,45.675,6,1.674,5,75.3483,6,26.8,12.4,0,15.4,282.3,234.9,20.1,26.3,12.4,20.1,11.2,61.3,0,0,0,0,25.2,1011.8,6.3,2.5,20.3,8
Delhi,Delhi,23-02-2017,182,94.758,10,190.714,5,54.294,10,19.5429,7,40.635,6,1.34,5,49.7917,6,25,11.8,0,28.7,286.7,239.6,18.7,25,11.8,18.7,6.3,47.5,0,0,0,0,45.2,1014.7,0,3.2,20.8,8
Delhi,Delhi,24-02-2017,226,205.172,6,104.66,1,36.4817,6,8.91667,3,37.25,3,2.47,1,78.51,2,25,9,0,23,294.5,242.1,18.6,25,7.6,18.6,6.8,48.3,0,0,0,0,42.8,1016.2,0,3.3,20.9,8
Delhi,Delhi,25-02-2017,208,199.983,6,105.26,1,41.3083,6,11.3633,3,43.0533,3,1.32,1,71.33,2,27,11,0,33.6,286,237.9,19.3,26.6,11,19.3,7.7,49,0,0,0,0,53.6,1014.7,0,3,20.6,8
Delhi,Delhi,26-02-2017,256,156.221,10,194.21,5,54.168,10,17.6914,7,38.0117,6,2.44,1,91.85,6,27,11,0,25,275.3,242.9,19.1,26.5,11,19,9.6,57.9,0,0,0,0,43.2,1012.7,0,2.7,20.9,8
Delhi,Delhi,27-02-2017,226,178.42,10,226.926,5,57.989,10,17.3386,7,48.8967,6,2.86,5,87.0067,6,28.8,11,0,15.9,288.3,241.6,20.3,27.7,11,20.1,9.4,53.9,0,0,0,0,29.9,1014.2,0,3.1,20.8,8
Delhi,Delhi,28-02-2017,266,139.329,10,378.224,5,81.768,10,22.6386,7,86.6,6,4.198,5,76.3217,6,32.2,13.9,0,11.5,100.7,227.5,22.5,30.5,13.9,22.1,10.9,53.4,0,0,0,0,18,1014,19.4,2.6,19.6,8
Delhi,Delhi,01-03-2017,290,111.936,9,313.032,5,76.0911,9,25.3483,6,78.1433,6,3.9775,4,64.142,5,29.9,19.2,0,14.8,69.8,205.8,24,29.1,19.2,23.8,12.5,50.1,0,0,0,0,27,1012.7,43.2,2.6,17.7,7
Delhi,Delhi,02-03-2017,258,97.3,9,245.752,5,61.7056,9,23.3467,6,57.95,6,1.82,4,43.42,5,28,16.8,0,16.6,288.3,214.2,22.4,27.7,16.8,22.4,14.3,61.6,0,0,0,0,19.1,1012.3,46.1,2.4,18.4,7
Delhi,Delhi,03-03-2017,141,56.8744,9,160.02,5,51.4944,9,19.735,6,44.72,6,1.72,4,69.046,5,27,13.4,0,20.1,313,233.1,21,26.1,13.4,20.9,8.3,48,0,0,0,0,29.5,1011.2,32.8,3.5,20.2,9
Delhi,Delhi,04-03-2017,173,72.6211,9,174.912,5,52.1311,9,17.2183,6,40.3767,6,1.7175,4,76.896,5,26.2,12,0,18,292.9,254.4,19.3,26.2,12,19.3,7.9,51.5,0,0,0,0,29.5,1010.3,12,3,22,9
Delhi,Delhi,05-03-2017,200,90.44,8,204.958,5,52.5244,9,21.8383,6,32.1467,6,7.78,5,85.036,5,27.8,11,0,22.2,288.3,256,19.5,26.7,11,19.4,7,49.1,0,0,0,0,36.7,1010.9,4.1,2.6,22.1,9
Delhi,Delhi,06-03-2017,177,79.5656,9,213.73,5,55.7744,9,23.2933,6,39.7867,6,1.97,4,91.512,5,28,11,0,18.5,283.5,252.6,20.2,26.9,11,20,6.8,45.2,0,0,0,0,33.8,1010.6,9.8,2.8,21.9,9
Delhi,Delhi,07-03-2017,197,98.1867,9,286.02,5,69.5933,9,29.7033,6,59.21,6,3.4975,4,95.458,5,30,13,0,12.8,280.3,224.6,21.9,28.6,13,21.6,8.7,47.2,0,0,0,0,27.7,1009.1,31,2.6,19.4,8
Delhi,Delhi,08-03-2017,194,117.437,9,194.794,5,45.9967,9,22.9083,6,39.1033,6,1.7925,4,61.236,5,26.8,19,0,24.1,27.2,216.4,22.2,26.8,19,22.2,11.5,50.9,0,0,0,0,37.8,1008.7,56.1,3.3,18.7,8
Delhi,Delhi,09-03-2017,162,74.8563,8,122.225,4,45.8813,8,17.6,5,46.58,5,1.15667,3,40.152,5,27.9,15,3.41,16.6,81.5,219.5,19.6,27.8,15,19.6,13.7,70.9,100,8.33,0,0,33.1,1008.1,50.1,2.8,19.2,8
Delhi,Delhi,10-03-2017,90,33.8143,7,93.365,4,41.5312,8,15.196,5,43.126,5,0.903333,3,39.3767,3,24.8,15,0,20.6,127.8,210.6,18.3,24.8,15,18.3,12.8,70.9,0,0,0,0,41.8,1007,50.2,3.4,18.3,8
Delhi,Delhi,11-03-2017,68,36.6975,8,106.778,5,38.555,8,17.4267,6,37.298,5,1.20667,3,82.04,5,23,12,0.979,14.8,11.1,214.7,17.3,23,12,17.3,10.2,66,100,4.17,0,0,33.5,1010,45.8,3.5,18.5,8
Delhi,Delhi,12-03-2017,104,55.075,8,144.134,5,39.4087,8,16.005,6,37.726,5,1.33667,3,63.61,5,23.6,11.9,6.597,27.7,311.7,260,17.8,23.6,11.9,17.8,8.7,59,100,4.17,0,0,46.4,1014.3,28.4,3.4,22.4,9
Delhi,Delhi,13-03-2017,150,62.065,8,150.514,5,31.8238,8,16.5217,6,34.282,5,1.24667,3,84.914,5,23.8,10,0,18.9,303.8,267.5,17.7,23.8,9.1,17.7,6.3,50.8,0,0,0,0,33.8,1014.6,2.3,3.4,23.2,9
Delhi,Delhi,14-03-2017,123,67.6675,8,289.098,5,41.7912,8,18.725,6,45.616,5,1.97,3,89.482,5,26,10.4,0,18.6,304.8,265.5,18.4,26,10.4,18.4,7.3,52.1,0,0,0,0,27.7,1016.3,13.9,3.3,23,9
Delhi,Delhi,15-03-2017,214,82.99,8,306.104,5,46.5125,8,18.8883,6,53.356,5,1.82667,3,78.286,5,28,12,0,37.8,300.3,267,20.3,27,12,20.1,9.1,53.5,0,0,0,0,27.7,1014.9,11.8,3,23,9
Delhi,Delhi,16-03-2017,207,98.1,8,303.384,5,50.5538,8,22.3467,6,51.926,5,1.85333,3,76.718,5,29.8,14.8,0,20.5,303.3,234.2,22.2,28.8,14.8,21.9,10.9,52.9,0,0,0,0,20.9,1012,49.1,2.7,20,8
Delhi,Delhi,17-03-2017,226,89.5725,8,242.694,5,40.6562,8,18.9433,6,40.25,5,5.202,5,53.89,4,27.8,13,0,22.5,294.8,266.5,21.4,27.4,13,21.3,12.8,61.4,0,0,0,0,34.9,1011,11.1,2.8,23,9
Delhi,Delhi,18-03-2017,185,77.82,8,233.286,5,49.1275,8,22.6,6,41.924,5,2.7275,4,89.47,5,29.8,14,0,29.1,300.9,267.1,22.6,28.8,14,22.3,11.2,52.2,0,0,0,0,25.2,1010.6,21.2,2.7,23,9
Delhi,Delhi,19-03-2017,222,108.949,8,304.196,5,56.93,8,24.3267,6,57.018,5,2.305,4,80.718,5,29.8,16.8,0,18.1,297.8,255.2,22.9,29.4,16.8,22.9,12.8,54.7,0,0,0,0,27.7,1011.6,26.2,3,21.9,9
Delhi,Delhi,20-03-2017,241,97.4313,8,304.32,5,44.9,8,19.3983,6,42.282,5,1.8075,4,82.15,5,30.2,16,0,23.5,290.2,277.4,22.9,29,16,22.7,13.3,58.4,0,0,0,0,38.9,1012.7,0,2.7,24,9
Delhi,Delhi,21-03-2017,251,99.6875,8,338.718,5,51.1863,8,23.3433,6,45.436,5,2.52,4,90.2,5,33.2,17,0,20.6,284.2,270.9,25.1,32.2,17,24.7,13.4,52,0,0,0,0,32.6,1012.4,6.5,2.7,23.3,9
Delhi,Delhi,22-03-2017,242,111.129,9,328.022,5,50.7522,9,21.4286,7,49.968,5,2.18333,3,67.2367,6,35.2,19,0,22,277.8,267.3,27.1,35.3,19,26.9,14.1,48.3,0,0,0,0,33.5,1010.8,0,3.1,23,9
Delhi,Delhi,23-03-2017,246,113.22,8,360.192,4,57.6543,7,29.524,5,64.555,4,2.6775,4,94.205,4,37,19.5,0,9.4,303.2,261.2,28.5,37.9,19.5,28.6,15.5,48.5,0,0,0,0,19.4,1009.7,6.3,3.1,22.5,9
Delhi,Delhi,24-03-2017,244,125.99,8,241.772,4,82.9025,8,22.7,5,68.452,5,1.57,3,42.785,4,34.8,21.6,0,95.1,318,263.2,28.1,33.5,21.6,27.7,14.6,47.3,0,0,0,0,33.5,1010.4,25.9,2.9,22.7,9
Delhi,Delhi,25-03-2017,197,93.6337,8,205.752,4,59.9963,8,16.79,5,47.214,5,1.31333,3,54.06,4,34.6,17,0,25.4,296.4,277.7,26.5,33.3,17,26.1,12.9,46.2,0,0,0,0,35.6,1010.7,5.9,3.5,24,9
Delhi,Delhi,26-03-2017,177,81.235,8,216.305,4,56.7257,7,17.642,5,43.405,4,1.37667,3,57.5575,4,34.8,18,0,32.2,298.2,281.4,27.4,33,18,26.9,13.2,45.2,0,0,0,0,50,1011.3,3.5,3.3,24.2,9
Delhi,Delhi,27-03-2017,164,92.6688,8,195.35,4,58.2163,8,18.054,5,45.658,5,1.38333,3,56.7825,4,37,20,0,140.1,303.5,279,28.9,37,20,28.9,15,44.8,0,0,0,0,37.1,1010.3,0.4,3.4,24.1,9
Delhi,Delhi,28-03-2017,218,127.862,8,267.545,4,65.0938,8,18.556,5,54.69,5,1.71,2,52.53,4,38,22,0,16.8,291.9,280,29.9,37,22,29.9,16,46.8,0,0,0,0,37.1,1009.6,0.4,3,24.3,9
Delhi,Delhi,29-03-2017,264,85.7671,7,257.798,4,57.7575,8,18.07,5,49.09,5,1.77,3,45.7375,4,38.1,23,0,23.9,288.8,280,30.6,37.4,23,30.4,15.2,42.4,0,0,0,0,39.1,1008.2,0,3.4,24.2,9
Delhi,Delhi,30-03-2017,151,51.9317,6,184.3,4,54.6487,8,17.42,5,45.696,5,1.31333,3,48.0375,4,38,22,0,25.3,293.6,283.5,31.1,37.4,22,30.8,14.8,40.3,0,0,0,0,42.2,1008.1,2.2,3.6,24.5,9
Delhi,Delhi,31-03-2017,176,85.2343,7,349.062,4,67.1238,8,19.972,5,55.482,5,2.14333,3,73.025,4,39,23,0,16.6,286.8,274.3,31.1,38.3,23,31,15,40.4,0,0,0,0,25.2,1008.7,24,3.4,23.7,9
Delhi,Delhi,01-04-2017,223,92.3525,8,234.368,4,62.735,8,23.0683,6,54.426,5,6.665,4,47.6233,3,40,23,0,21,296,256.1,31.7,38.6,23,31.4,14.8,39.6,0,0,0,0,33.5,1006.7,25.3,3.3,22.2,9
Delhi,Delhi,02-04-2017,177,73.0037,8,176.86,4,59.9275,8,18.3667,6,47.75,5,7.905,4,76.63,4,38,23,0,24.1,288.4,291.9,30.9,36.7,23,30.2,13.5,37.9,0,0,0,0,33.5,1005.3,5.2,3.8,25.3,9
Delhi,Delhi,03-04-2017,154,70.4,8,179.368,4,65.4275,8,23.9467,6,47.67,5,1.164,5,77.2025,4,39.2,22,0,20,299.7,271.4,31.4,37.8,22,30.6,11.7,32.3,0,0,0,0,27.7,1005.5,6,3.7,23.5,9
Delhi,Delhi,04-04-2017,165,67.4513,8,237.885,4,62.0871,7,22.3517,6,45.3075,4,1.36,5,49.6525,4,37,23.5,0,30.9,343.1,259.2,30.2,35.1,23.5,29.4,12.4,35.1,0,0,0,0,40.7,1007.2,43.1,3.8,22.4,9
Delhi,Delhi,05-04-2017,108,41.2175,8,158.96,4,53.3614,7,15.27,6,41.535,4,10.254,5,41.8575,4,33.8,22.8,23.996,24.1,99.8,244.1,27.9,35.2,22.8,28.3,16.8,51.9,100,12.5,0,0,46.4,1005,51.6,3.4,21.1,9
Delhi,Delhi,06-04-2017,109,65.0475,8,273.855,4,56.5786,7,16.5667,6,37.3925,4,3.212,5,64.765,4,38,23.9,0,24,169.2,289.8,30,36.1,23.9,29.2,11.7,36.5,0,0,0,0,54,1003.5,21.1,3.4,25.1,9
Delhi,Delhi,07-04-2017,351,133.539,8,578.32,4,66.3225,8,24.63,6,30.42,5,4.556,5,68.52,4,34.2,23.1,0,17.4,295,283.8,28.8,32,23.1,27.7,6.8,27.9,0,0,0,0,30.6,1007.5,8,2.1,24.5,9
Delhi,Delhi,08-04-2017,269,102.509,8,360.757,4,86.5387,8,29.9383,6,33.688,5,9.558,5,92.305,4,33.8,17.6,0,19.5,284.6,311.8,26.6,31.4,17.6,25.7,4.4,26.5,0,0,0,0,26.3,1010.7,0,3.3,27.1,10
Delhi,Delhi,09-04-2017,130,46.435,8,172.005,4,54.9062,8,20.6183,6,24.258,5,3.664,5,88.4375,4,32.2,19.4,0,24.6,311.2,311.5,27,30,19.4,26.1,5,26.1,0,0,0,0,43,1011.5,0,4.1,27,10
Delhi,Delhi,10-04-2017,144,81.6562,8,212.648,4,61.6175,8,18.6717,6,24.964,5,6.81,5,91.69,4,34,20,0,26.8,295.6,313.1,27.5,32,20,26.6,5.5,25.5,0,0,0,0,47.8,1009.6,0,3.8,27.1,10
Delhi,Delhi,11-04-2017,162,84.173,10,226.288,5,61.5744,9,24.5714,7,25.1217,6,8.936,5,89.135,4,38,17,0,26,294,311,29.1,35.3,17,27.7,4.8,23.6,0,0,0,0,49,1007.6,0.5,3.8,26.9,10
Delhi,Delhi,12-04-2017,201,96.932,10,259.69,5,76.5667,9,28.0743,7,29.2767,6,5.635,6,85.552,5,39,20,0,26.8,298.9,308.9,30.6,36.7,20,29.2,6.9,25.2,0,0,0,0,45,1006.8,0,3.5,26.7,10
Delhi,Delhi,13-04-2017,282,139.749,10,339,5,106.041,9,37.1043,7,46.9083,6,8.875,6,76.285,4,40.2,21.2,0,10.5,278.3,312.6,30.9,37.6,21.2,29.6,8.3,27.6,0,0,0,0,23.8,1007.4,0,3.3,27,10
Delhi,Delhi,14-04-2017,290,151.51,10,383.244,5,147.314,9,38.9386,7,43.4833,6,3.13833,6,106.085,4,40.5,22.7,0,11.2,106.6,300.4,32.3,39.4,22.7,31.3,10.6,29.3,0,0,0,0,26.6,1005.9,0,3.1,25.9,10
Delhi,Delhi,15-04-2017,307,140.772,10,377.56,5,125.95,9,29.9329,7,42.355,6,2.66,6,102.464,5,40.5,23.4,0,20.8,290.4,309.8,32.7,38.6,23.4,31.5,10.7,30,0,0,0,0,29.9,1003.5,0.5,3.3,26.9,10
Delhi,Delhi,16-04-2017,291,161.727,9,370.692,4,90.235,8,36.2767,6,29.998,5,2.284,5,108.433,3,40.4,23,0,10.3,41.5,310.2,32.2,39.8,23,31.7,12,30.9,0,0,0,0,21.6,1003.9,0,3,26.9,10
Delhi,Delhi,17-04-2017,276,121.243,10,358.276,5,112.968,9,25.43,7,45.7933,6,2.5125,4,105.964,5,41.5,26,0,15.9,91,305,33.3,41.3,26,33.7,16.2,38.3,0,0,0,0,32.4,1005.2,0,3.1,26.4,10
Delhi,Delhi,18-04-2017,307,134.863,10,380.328,5,78.9267,9,27.2686,7,32.822,5,1.53,4,89.5817,6,42.4,26.3,0,20.9,275.3,308.5,34.4,40.9,26.3,33.8,13.5,33.4,0,0,0,0,37.1,1004,0,2.8,26.7,10
Delhi,Delhi,19-04-2017,262,114.413,10,351.768,5,87.7311,9,25.5386,7,36.605,6,3.45167,6,66.344,5,42.2,26.6,0,32.5,284.4,311.7,35.2,40.4,26.6,33.7,9.4,22.1,0,0,0,0,33.5,1002.3,0,3.5,27,10
Delhi,Delhi,20-04-2017,221,103.471,10,382.936,5,81.1244,9,22.9417,6,41.41,6,2.608,5,71.108,5,43,27.6,0,17.1,277.1,302.4,35.5,43.5,27.1,35.1,13,27.1,0,0,0,0,20.2,1000.2,0,3.7,26,10
Delhi,Delhi,21-04-2017,234,114.708,9,389.637,4,60.5962,8,18.882,5,36.8333,6,1.508,5,87.4775,4,40.4,29,0,20.2,103,302.7,34.7,45.1,30,37.4,19.6,42.5,0,0,0,0,35.6,1000.6,4.4,2.9,26.2,10
Delhi,Delhi,22-04-2017,244,101.343,6,301.37,1,61.538,5,14.72,3,32.3967,3,0.72,2,27.82,1,39.6,29.8,0,19.2,64.6,275.2,33.4,45.1,30.7,35.8,19.6,45,0,0,0,0,50.4,1002.4,18.7,2.5,23.9,10
Delhi,Delhi,23-04-2017,193,83.8756,9,267.56,4,50.2587,8,17.665,6,24.6967,6,1.455,4,66,3,40.2,26,0,21.5,299.5,296.3,32.9,39.3,26,32.5,14.1,35.1,0,0,0,0,31,1003.3,12.7,3.1,25.7,10
Delhi,Delhi,24-04-2017,164,75.8275,8,244.657,4,47.4275,8,16.8267,6,25.7267,6,1.748,5,84.19,4,38,26,0,27.7,306.3,272.4,32.2,37.5,26,31.6,13.7,33.8,0,0,0,0,46.4,1004.9,12.6,3.5,23.5,9
Delhi,Delhi,25-04-2017,189,98.67,9,308.805,4,51.9763,8,21.8633,6,24.67,6,1.156,5,109.257,4,39,24,1.701,22.6,301,309.9,31.9,37.2,24,31.1,12,31.5,100,4.17,0,0,40.7,1005.4,16.7,3.3,26.7,9
Delhi,Delhi,26-04-2017,153,67.7711,9,181.472,4,58.7188,8,15.95,6,24.7917,6,1.042,5,100.752,4,38.2,23,0,22,242.6,306.9,31.2,37.4,23,30.5,12.1,32.8,0,0,0,0,37.1,1005.8,38,3.6,26.6,10
Delhi,Delhi,27-04-2017,185,83.0478,9,262.03,4,71,8,25.8067,6,36.61,6,1.324,5,104.955,4,37.3,23.5,0,48.5,274.4,310.3,31.9,37,23.5,31.1,11.8,30.4,0,0,0,0,33.5,1007.3,49.5,3.1,26.7,10
Delhi,Delhi,28-04-2017,183,85.8878,9,266.83,4,56.2888,8,21.155,6,26.5683,6,1.37,5,95.6625,4,38.2,24.9,0.17,18,252.3,287.2,32,37.8,24.9,31.3,12.7,32,100,4.17,0,0,33.5,1006.2,42.2,3.2,24.9,10
Delhi,Delhi,29-04-2017,190,114.331,9,289.887,4,68.1713,8,28.2917,6,30.8517,6,2.332,5,108.49,3,39,24.8,0,19.1,137.1,273.7,31.3,38.5,24.8,30.9,13.7,35.6,0,0,0,0,37.9,1006.1,46.7,3.3,23.7,9
Delhi,Delhi,30-04-2017,186,79.5533,9,217.78,4,45.1938,8,22.2867,6,27.5617,6,1.202,5,110.39,4,38,24,0.627,20.5,70.2,295.1,31.1,39.7,24,31.3,15.2,39.4,100,8.33,0,0,55.8,1006.4,45.6,3.4,25.5,10
Delhi,Delhi,01-05-2017,158,80.1971,7,196.197,4,55.5571,7,27.836,5,33.14,6,2.7825,4,93.7975,4,37.8,23.9,0,13,14.4,324.7,31.3,37,23.9,30.5,12.4,33.8,0,0,0,0,32.4,1008.2,15.5,4,28,10
Delhi,Delhi,02-05-2017,240,145.417,7,337.973,4,93.8186,7,36.318,5,32.1033,6,3.155,4,113.77,3,40,23.1,0,13,331.8,309.7,32.3,38,23.1,31.4,11.3,30.9,0,0,0,0,19.1,1008.6,20.8,3.6,26.7,10
Delhi,Delhi,03-05-2017,297,131.828,6,340.7,4,82.035,6,33.3525,4,35.246,5,2.2375,4,72.1875,4,39.8,25.8,0.17,18.4,137.6,230,32.2,38.9,25.8,31.3,12.6,32.3,100,4.17,0,0,55.4,1006.9,61,2.7,19.8,7
Delhi,Delhi,04-05-2017,214,110.413,7,300.788,4,53.5729,7,20.12,5,28.51,6,1.77,4,93.9325,4,38.8,25,0.597,24.3,290.7,315.9,31.9,37.3,25,31.2,13.4,36,100,4.17,0,0,34.2,1008,15.9,3.6,27.2,10
Delhi,Delhi,05-05-2017,332,176.185,6,437.77,4,60.0867,6,29.564,5,25.55,5,2.845,4,98.1833,3,40.1,24,0,21.6,286.1,316.3,33.3,38.2,24,32.1,11.5,29.5,0,0,0,0,32.4,1006.8,8.5,3,27.3,10
Delhi,Delhi,06-05-2017,284,155.668,6,337.075,4,73.43,6,33.106,5,26.976,5,2.925,4,115.383,3,42.2,25.7,0,10.7,290.1,316.8,34.4,41,25.7,33.8,13.5,30.8,0,0,0,0,18.4,1006.7,5.6,3.5,27.3,10
Delhi,Delhi,07-05-2017,293,163.782,6,340.308,4,78.204,5,41.13,4,26.62,4,3.10333,3,85.1667,3,44,26,0,16.7,310.8,314.9,35.5,44,26,35.2,13.3,30.4,0,0,0,0,27.7,1005.3,0.6,3.4,27.2,10
Delhi,Delhi,08-05-2017,278,151.789,7,368.373,4,98.8357,7,41.936,5,47.986,5,2.3675,4,109.067,3,42.8,28.7,0,13,285.1,306.3,35.9,44.4,28.7,35.9,14,28.1,0,0,0,0,18.4,1004.7,20.8,3,26.5,10
Delhi,Delhi,09-05-2017,259,96.4314,7,328.972,4,51.6243,7,28.356,5,25.8167,6,1.31,4,89.3375,4,42.4,28.3,0,18.8,128.9,316.3,35.5,43.8,28.4,36,15.4,32.5,0,0,0,0,37.1,1002.8,26,3.5,27.3,10
Delhi,Delhi,10-05-2017,187,72.2229,7,205.842,4,38.9843,7,25.98,5,25.0317,6,1.1225,4,92.7625,4,39.8,28.9,0.625,27.7,109.4,277.6,33.1,43,29.5,35.5,19.7,46.5,100,8.33,0,0,46.4,1005.3,47.6,3.3,24.1,10
Delhi,Delhi,11-05-2017,218,76.5643,7,241.43,4,54.4686,7,37.65,5,21.6467,6,2.2225,4,109.602,4,41.4,27.8,0,18.4,119.3,309.8,34.6,43.8,28.6,36,17.5,38.1,0,0,0,0,37.1,1006.2,26.2,3.7,26.9,10
Delhi,Delhi,12-05-2017,365,187.234,7,528.07,4,76.2243,7,42.12,5,34.2933,6,2.56,4,93.5433,3,41.2,29.6,0,16.6,288.4,285.4,35,44,31,36.5,18,37.9,0,0,0,0,30.2,1006.4,46.1,2.5,24.8,9
Delhi,Delhi,13-05-2017,316,145.674,7,323.495,4,74.4714,7,43.646,5,30.9283,6,2.3825,4,88.3767,3,41.7,28.4,0,16.7,302.8,314.7,35.8,42.8,30.3,36.8,16.9,35.7,0,0,0,0,37.1,1004.3,6,3,27.1,10
Delhi,Delhi,14-05-2017,284,100.446,7,297.885,4,63.04,7,30.832,5,27.0633,6,1.955,4,101.612,4,44,29.7,0,18.4,287.4,317.6,36.7,44,29.4,36.5,14.2,28,0,0,0,0,36,1001.7,15.9,3.5,27.5,10
Delhi,Delhi,15-05-2017,248,105.101,7,336.65,4,62.2186,7,36.19,5,23.8717,6,2.53,3,67.3675,4,46,28.8,0,20.3,272.2,316.6,37.2,46,29.3,36.4,12.5,24.9,0,0,0,0,30.4,1000,8.4,3.6,27.3,10
Delhi,Delhi,16-05-2017,272,111.161,7,349.345,4,42.5014,7,30.33,5,22.7833,6,1.18333,3,92.675,4,41.4,30,0,16.6,311.5,290.2,35.7,42.9,29.9,35.8,15.1,30,0,0,0,0,51.1,1000,28.9,3.1,25,9
Delhi,Delhi,17-05-2017,183,81.4483,6,240.493,4,45.17,6,23.514,5,15.73,4,1.32,3,60.0267,3,37.2,28.8,0.075,15.4,271.3,292.9,32.5,38.3,28.6,33.3,17,40.3,100,4.17,0,0,33.5,1002.7,47.5,3.3,25.3,8
Delhi,Delhi,18-05-2017,235,97.6614,7,243.355,4,51.0314,7,28.08,6,18.0425,4,1.795,4,73.21,4,40,28.2,0,21.6,240.1,293.3,34,40.9,29.1,35.3,17.8,39.6,0,0,0,0,31,1002.7,39.1,3.6,25.4,10
Delhi,Delhi,19-05-2017,239,111.56,6,278.317,4,59.4333,6,24.078,5,26.766,5,1.375,4,82.9725,4,42,28.7,0.455,27.7,218.5,300.7,33.2,44.6,30.3,34.2,17.4,40.7,100,8.33,0,0,46.4,1002.9,46.4,3.5,26.1,10
Delhi,Delhi,20-05-2017,221,128.103,6,331.762,4,63.2317,6,21.22,5,22.55,5,2.5025,4,95.175,4,39,29.5,0,21.6,305.3,291.7,33.7,38.9,29.2,33.9,16,35.4,0,0,0,0,35.3,1002.3,44.4,3.3,25.2,9
Delhi,Delhi,21-05-2017,339,135.12,6,480.562,4,47.795,6,24.184,5,19.3275,4,2.0875,4,89.735,4,39,24.4,14.461,20.6,329.2,304.3,31.4,41.4,24.4,31.9,17.3,45.7,100,4.17,0,0,37.1,1001.6,34.2,2.8,26.4,10
Delhi,Delhi,22-05-2017,228,109.98,7,409.212,4,69.9857,7,21.958,5,38.855,6,2.9175,4,19.45,3,29,25.2,0.2,15.1,279.7,256.6,27.3,30.1,25.2,28.1,18.6,59.3,100,8.33,0,0,27.7,1005.2,64.2,3,22.2,9
Delhi,Delhi,23-05-2017,222,101.149,7,233.007,3,71.9714,7,21.332,5,45.2917,6,2.17,4,46.4167,3,38.4,23.9,0,17.7,335.8,288.4,32.1,39.6,23.9,32.8,17.9,46.1,0,0,0,0,29.2,1004.2,27.3,3.5,25.1,10
Delhi,Delhi,24-05-2017,224,96.6262,8,215.54,3,63.13,8,19.238,5,33.474,5,1.245,4,63.3967,3,41,27.7,0,14.4,106.9,309.6,34.8,45,29.9,37.1,19.3,41.7,0,0,0,0,20.5,1002.6,37.5,3.3,26.8,9
Delhi,Delhi,25-05-2017,196,114.208,9,281.707,4,80.1789,9,25.385,6,43.2817,6,2.324,5,97.12,3,41.4,29.7,0,11.2,258.7,289,35.6,44.2,29.7,36.8,17.2,34.8,0,0,0,0,27.7,1001,21.4,3.5,25.2,9
Delhi,Delhi,26-05-2017,250,101.901,10,293.21,5,79.161,10,25.655,6,38.9033,6,1.368,5,108.768,5,44.2,29.9,0,27.7,80.2,298,37.2,44.2,32.8,38.7,17.5,33.8,0,0,0,0,46.4,999.3,5.7,3.4,25.9,9
Delhi,Delhi,27-05-2017,197,68.84,10,278.618,5,46.481,10,19.4733,6,33.9383,6,1.14833,6,74.812,5,40.2,30,0,24.1,100.3,310.6,34.4,48.5,30.3,37.7,20,43.4,0,0,0,0,45.4,999,5.2,3.6,27,10
Delhi,Delhi,28-05-2017,136,53.576,10,127.566,5,42.258,10,17.9017,6,33.3,6,1.06333,6,51.598,5,37,26,10.358,24.8,106.2,300.5,31.5,41,26,34.4,21.5,56.8,100,8.33,0,0,43.2,999.7,24.1,4,25.9,9
Delhi,Delhi,29-05-2017,130,62.33,10,134.594,5,47.014,10,16.4017,6,34.8433,6,1.29833,6,37.125,4,33.8,23,7.552,34.8,78.5,296.4,29,38.3,23,31.4,21.7,65.9,100,8.33,0,0,40,1000.5,38.7,3.3,25.6,9
Delhi,Delhi,30-05-2017,162,72.083,10,144.168,4,56.229,10,18.7586,7,39.895,6,1.31333,6,72.6,6,37,23.1,0,18.4,89.1,295,31.4,40.9,23.1,34,21.1,56.9,0,0,0,0,20.9,998.7,15.2,3.7,25.5,9
Delhi,Delhi,31-05-2017,126,65.285,10,130.465,4,55.653,10,16.55,7,41.045,6,2.62167,6,35.58,6,34.5,25,11.403,20.8,114.1,272.8,29,39,25,31.8,22.2,67.7,100,4.17,0,0,36.3,1000.7,39.1,3.3,23.6,9
Delhi,Delhi,01-06-2017,200,78.5611,9,230.928,5,70.7344,9,16.1733,6,43.775,6,2.135,6,72.794,5,37,26,0,15.1,290.3,302.3,31.9,41.1,26,34.8,21.6,57.2,0,0,0,0,31,1001.8,28.1,3,26.1,9
Delhi,Delhi,02-06-2017,220,98.3844,9,331.496,5,80.9833,9,19.16,6,45.375,6,2.79167,6,89.658,5,40.4,26.5,0,13,274.2,323.2,34.1,41.2,26.5,35.8,18.9,44.8,0,0,0,0,28.4,1001.5,1.1,2.9,27.9,10
Delhi,Delhi,03-06-2017,215,87.1089,9,332.602,5,80.4878,9,18.455,6,45.4733,6,2.45667,6,90.08,5,42.4,29.5,0,21,289.5,325.6,36.9,43,32.6,38.2,17.1,34.5,0,0,0,0,37.1,999.1,0,3.7,28.1,10
Delhi,Delhi,04-06-2017,237,91.5889,9,397.368,5,60.1512,8,16.93,6,37.03,6,1.32571,7,67.562,5,45.5,32.3,0,22.4,273.1,316,39.1,45.5,32.5,39.2,14.8,25.4,0,0,0,0,40.7,998.1,0,3.6,27.3,10
Delhi,Delhi,05-06-2017,204,61.7733,9,268.15,5,41.92,9,12.5383,6,33.545,6,1.39167,6,34.724,5,45,34.4,0,27.4,270.2,301.9,39.4,48.6,34.7,41.3,18.1,29.9,0,0,0,0,46.4,998.6,0,3.6,26,9
Delhi,Delhi,06-06-2017,204,59.7386,7,264.97,4,38.8225,8,12.8733,6,35.348,5,1.49333,6,23.498,5,43,31.8,0,24.6,264.9,290,37.7,47.7,35.7,41.1,19.8,36.6,0,0,0,0,43,1000.8,8,3.7,25.1,9
Delhi,Delhi,07-06-2017,126,84.2138,8,176.6,4,46.9575,8,17.5683,6,38.682,5,1.05833,6,37.772,5,37,27,0,29.5,75.7,221.1,31.6,40.7,27.9,34.1,20.5,53.1,0,0,0,0,48.2,1004.9,36.6,3.6,19.3,7
Delhi,Delhi,08-06-2017,103,38.2157,7,94.61,3,40.15,7,15.396,5,27.8933,3,1.09,4,32.4,4,34.7,26.9,4.253,19,43.6,262,30.6,38,28.9,33.5,21.4,58.8,100,4.17,0,0,33.5,1003.5,51.9,3.8,22.8,8
Delhi,Delhi,09-06-2017,141,80.3057,7,194.257,3,45.4657,7,18.8325,4,29.735,4,1.7275,4,105.687,3,37.4,27.4,0,16.6,47.8,286.3,32.3,43.1,30.2,35.7,21.5,54.3,0,0,0,0,20.5,1002,53.7,3.2,24.8,9
Delhi,Delhi,10-06-2017,177,57.5017,6,172.915,2,45.0667,6,17.3425,4,33.39,3,1.1675,4,115.507,3,39,28.4,0,35.3,191.6,308.5,33.3,43.5,31.3,36.2,20.3,48.1,0,0,0,0,46.4,1000.8,44.8,3.3,26.8,9
Delhi,Delhi,11-06-2017,118,42.2833,6,103.655,2,36.5883,6,15.43,4,28.1333,3,1.14,4,93.2167,3,38,25.9,0,22.3,350.4,285.1,31.9,40.2,25.9,32.9,18,45.3,0,0,0,0,37.1,1000.8,25.8,3.8,24.4,9
Delhi,Delhi,12-06-2017,125,56.7414,7,131.007,3,45.05,7,15.935,4,29.515,4,1.565,4,73.0967,3,42,26.2,0,22.3,312.9,311.8,34.6,43.2,26.2,35.9,18,40.4,0,0,0,0,40.7,999,7.6,3.9,26.9,10
Delhi,Delhi,13-06-2017,139,56.23,7,184.267,3,41.8271,7,13.97,4,29.155,4,1.7325,4,63.7533,3,42.2,28,0.299,27.5,264.5,299.9,36.1,44.1,30.6,37.4,17.7,35.9,100,4.17,0,0,40.7,998.3,33,3.5,26.1,9
Delhi,Delhi,14-06-2017,182,68.0086,7,237.203,3,37.4814,7,15.1825,4,27.1475,4,0.8675,4,81.6833,3,42,29.9,0,26.8,272.6,295.4,34.7,45,30,35.8,17.3,36.7,0,0,0,0,45,1000.5,29.2,3.4,25.4,9
Delhi,Delhi,15-06-2017,231,77.79,7,289.27,3,44.4986,7,19.315,4,28.685,4,1.5625,4,85.6567,3,41,29,0,16.2,290.6,282.1,34.5,42.7,29.1,35.8,17.7,38.1,0,0,0,0,33.5,1000.9,32.5,3.3,24.6,9
Delhi,Delhi,16-06-2017,154,64.9743,7,127.247,3,42.6871,7,15.3175,4,28.8675,4,1.625,4,50.0933,3,34.8,22.5,18.516,21.2,128.3,275.8,29,41,22.5,31.6,22.2,68.7,100,12.5,0,0,37.1,1001.4,55.9,3,23.9,9
Delhi,Delhi,17-06-2017,100,44.2443,7,89.2933,3,35.9343,7,12.4275,4,28.8125,4,1.35,4,45.3167,3,31.4,26,2.977,21.6,219.2,254,28.8,37.3,26,31.9,22.5,69.1,100,4.17,0,0,33.5,1001.3,65,3.2,21.9,8
Delhi,Delhi,18-06-2017,117,72.5629,7,235.06,3,28.0343,7,10.38,4,28.38,4,1.3725,4,41.5067,3,36,26,0.09,19.1,259.7,250.4,31.1,43.9,26,36.3,23.7,65.7,100,4.17,0,0,33.5,999.8,43.1,3.1,21.4,8
Delhi,Delhi,19-06-2017,210,64.7671,7,199.613,3,30.5671,7,9.9625,4,29.7025,4,2.83333,3,32.58,3,37,24.4,21.296,25.5,285.2,260.6,31.2,48.6,24.4,37.2,24.8,70.3,100,12.5,0,0,46.4,997.9,53.5,3.1,22.5,8
Delhi,Delhi,20-06-2017,89,37.7486,7,70.6633,3,45.0029,7,11.2125,4,32.71,4,2.11667,3,40.42,3,32.2,24,17.104,18.4,52.9,195.6,27.3,37.9,24,29.6,23.4,80.6,100,12.5,0,0,37.1,999.6,54,3,16.8,7
Delhi,Delhi,21-06-2017,102,54.5257,7,100.473,3,34.6171,7,10.0075,4,31.3125,4,2.97,3,30.52,3,32.1,24.2,30.623,22.3,7.6,188.1,28.3,40.2,24.2,32.2,24.5,80.8,100,12.5,0,0,35.6,999.6,55,2.8,16.4,7
Delhi,Delhi,22-06-2017,124,56.0243,7,106.313,3,28.4871,7,8.705,4,36.9275,4,1.89,3,50.4667,3,33,25.9,2.552,20.5,277.6,253.2,30,38.7,25.9,34.3,23.6,69.3,100,4.17,0,0,38.2,1000.7,34.9,3.4,22,8
Delhi,Delhi,23-06-2017,148,51.1957,7,120.763,3,37.5657,7,11.4425,4,32.16,4,1.5425,4,66.39,3,36,27.3,0,14.8,305.8,277.9,31.8,41.7,30.9,37,23.6,63.3,0,0,0,0,26.3,1000.7,31.3,3.4,24,9
Delhi,Delhi,24-06-2017,159,82.8157,7,170.223,3,42.2129,7,10.97,4,32.6825,4,1.715,4,62.3567,3,38,28.3,0,10.5,43.1,279.8,33.4,47.3,32.7,40.4,24.5,60.5,0,0,0,0,22.3,998.2,21.2,3.5,24.2,9
Delhi,Delhi,25-06-2017,195,89.1757,7,204.04,3,39.0114,7,12.8125,4,31.055,4,1.3225,4,82.0933,3,39.2,30.3,0,11.2,78.9,265,34.8,50.1,37.7,43.4,25.3,58.9,0,0,0,0,26.3,998,31.2,3.3,23.1,8
Delhi,Delhi,26-06-2017,160,70.9386,7,192.357,3,29.4686,7,11.63,4,29.515,4,1.5425,4,65.6067,3,38,30.5,0.3,18.4,87,228.8,34.6,53.6,36.5,44.6,26,61.9,100,4.17,0,0,28.1,999.3,38.8,3.6,19.8,8
Delhi,Delhi,27-06-2017,135,52.7286,7,158.193,3,31.2429,7,14.09,4,28.3225,4,1.29,4,33.26,3,39,30,0.2,18.4,90.2,243,34.6,50.3,38.1,44.8,26.3,62.7,100,4.17,0,0,37.1,999.1,48.5,3.7,20.9,8
Delhi,Delhi,28-06-2017,102,42.4614,7,82.98,3,42.6371,7,12.2275,4,27.325,4,1.3725,4,28.0367,3,34,26,30.61,18.4,21.9,159.9,29.2,46.2,26,34.4,25.4,81,100,12.5,0,0,40.7,1000.4,76.6,2.7,13.7,6
Delhi,Delhi,29-06-2017,92,43.1471,7,69.2467,3,28.0257,7,12.465,4,23.13,4,1.3875,4,19.8867,3,30.8,25,17.594,13.3,104.2,117.2,28,38.7,25,32.8,25.8,87.8,100,12.5,0,0,35.3,999.9,77.4,2.2,10.2,5
Delhi,Delhi,30-06-2017,76,40.6843,7,64.3167,3,29.1743,7,11.6775,4,25.675,4,2.3775,4,11.0333,3,30.9,26.2,28.703,15.3,97.1,168.3,27.8,40.6,26.2,33.3,26.6,93.4,100,16.67,0,0,20.2,997.8,73.5,2.2,14.5,7
Delhi,Delhi,01-07-2017,114,42.7343,7,123.313,3,25.9329,7,12.3875,4,24.8425,4,2.3025,4,39.2433,3,34.2,27,21.597,22.3,170.1,210.4,29.4,47.9,31.2,37.2,26.9,87.3,100,12.5,0,0,20.5,996.4,75.4,2.4,17.9,8
Delhi,Delhi,02-07-2017,102,27.83,6,111.08,3,21.14,7,11.1775,4,22.0375,4,1.315,4,19.7133,3,31.6,26,7.136,14.8,95,101.1,28.4,41.7,26,34.6,26.6,90.1,100,8.33,0,0,23.8,997.7,74,2.4,8.8,4
Delhi,Delhi,03-07-2017,97,47.3486,7,139.893,3,22.4057,7,12.3525,4,21.745,4,2.1925,4,45.21,3,36.6,27.2,0,11.2,6,213.8,31.3,51.1,32,40.6,26.9,78.2,0,0,0,0,21.2,997.8,52,2.7,18.5,8
Delhi,Delhi,04-07-2017,158,60.1157,7,147.14,2,18.8586,7,9.765,4,19.4825,4,1.34,4,27.7533,3,36,28,0.851,21.6,264,259.4,32.3,48.1,32.7,41.6,26.4,71.9,100,4.17,0,0,43.2,996.1,50,3.9,22.4,9
Delhi,Delhi,05-07-2017,185,53.215,6,148.995,2,17.3983,6,12.5667,3,21.04,3,2.31,4,23.0333,3,35,29.3,0.2,17.7,254.3,282.9,32.4,46.1,35.1,40.5,25.5,67.3,100,4.17,0,0,35.6,997.4,58.1,3.7,24.3,9
Delhi,Delhi,06-07-2017,167,53.2814,7,131.08,2,27.3857,7,14.8275,4,21.155,4,2.0725,4,39.9867,3,35,26,7.701,16.6,120.1,163.4,30.7,48,26,37.6,25.3,73.4,100,8.33,0,0,35.6,999.6,66.8,3.2,14.2,8
Delhi,Delhi,07-07-2017,108,42.1829,7,101.6,2,24.7843,7,12.43,4,24.72,4,3.2425,4,56.7667,3,35.2,26,8.506,13,84.2,200.8,30.3,46.1,26,37.1,25.8,77.6,100,4.17,0,0,32,1001.1,65.7,3,17.5,7
Delhi,Delhi,08-07-2017,93,45.2971,7,131.98,2,23.3514,7,12.635,4,24.99,4,2.945,4,46.7167,3,36.4,28.5,0,14.8,310.1,273.1,32.6,46.3,34.5,40.6,25.6,67.7,0,0,0,0,32.8,1001,45.6,3.3,23.5,8
Delhi,Delhi,09-07-2017,148,56.4529,7,153.695,2,24.4586,7,12.64,4,26.78,4,2.045,4,43.4467,3,39,30.4,0,14.8,281.5,256.8,34.5,47.2,39.1,42.4,24.9,59,0,0,0,0,33.5,999.8,46.9,3.8,22.1,8
Delhi,Delhi,10-07-2017,117,43.3957,7,134.89,2,20.61,7,10.9975,4,23.275,4,1.1525,4,30.17,3,38,30.3,0.17,20,276.6,256.9,34.2,44.3,34.5,40.7,23.8,55.6,100,4.17,0,0,33.5,999.8,50.7,3.7,22,9
Delhi,Delhi,11-07-2017,93,35.5143,7,94.82,2,29.0629,7,12.0425,4,22.5575,4,1.9625,4,29.2967,3,35.8,26.2,18.714,11.2,130.7,205.8,30,45.8,26.2,36.1,25.4,77.1,100,4.17,0,0,30.2,1000.8,73.5,3.4,17.9,8
Delhi,Delhi,12-07-2017,62,27.0014,7,64.465,2,28.75,7,11.79,4,23.405,4,1.26,4,18.5333,3,33,26,4.045,18.4,127.9,90,29.2,42.1,26,34.7,25.6,81.6,100,4.17,0,0,28.4,1002.2,71.4,3.3,7.8,3
Delhi,Delhi,13-07-2017,71,25.67,7,69.715,2,32.845,6,16.1525,4,24.0475,4,0.9625,4,32.8533,3,34.8,26.8,0,20.5,92.9,234.5,30.8,44.1,30,36.9,24.9,71.7,0,0,0,0,41.4,1001.2,56,3.8,20.4,8
Delhi,Delhi,14-07-2017,64,30.1229,7,75.11,2,28.5,7,35.2275,4,25.14,4,1.1875,4,49.3167,3,36,28.3,0,16.6,95.1,241,32.1,47.3,33.2,39.9,25.5,68.7,0,0,0,0,36.7,1000.5,50.1,3.8,20.8,8
Delhi,Delhi,15-07-2017,79,34.3233,6,77.165,2,37.82,6,12.9333,3,26.5067,3,0.93,4,44.8333,3,35,29,4.253,16.6,96.6,213.1,31,46,35.6,39.3,26.2,76.2,100,4.17,0,0,33.1,1000.6,51.8,3.6,18.5,7
Delhi,Delhi,16-07-2017,90,38.4186,7,77.985,2,33.4714,7,59.7875,4,26.1525,4,1.4575,4,57.0333,3,36,28.8,0,11.2,98.4,211.1,31.7,47.7,35.6,41.2,26.8,76.1,0,0,0,0,30.2,1000.2,59.7,3.2,18.1,8
Delhi,Delhi,17-07-2017,95,42.2557,7,81.08,2,33.5,7,13.2425,4,27.4775,4,1.7475,4,21.7433,3,33.6,27.7,17.312,19.5,76.4,179.4,29.7,43.8,33,37.6,26.7,84.2,100,4.17,0,0,33.5,1000.4,60.9,2.8,15.4,6
Delhi,Delhi,18-07-2017,100,38.3957,7,75.58,2,41.3829,7,18.3375,4,30.2175,4,1.3625,4,64.99,3,36.2,27,2.3,11.5,95.3,221.6,32.1,50,31.2,40.9,26.4,73.6,100,4.17,0,0,29.9,1000.4,54.9,3.2,19.2,9
Delhi,Delhi,19-07-2017,106,50.4814,7,105.31,2,45.3071,7,11.8675,4,31.7275,4,1.985,4,98.4233,3,38,29.1,0.149,14.1,50.2,251.8,33.2,50.8,36,42.4,26.1,67.7,100,4.17,0,0,19.1,999,50.3,3.2,21.7,8
Delhi,Delhi,20-07-2017,88,34.0971,7,65.68,2,43.9529,7,10.8275,4,24.0825,4,1.1375,4,24.7733,3,34,25.3,29.117,17.3,83.5,153,30,45,25.3,37,26.3,81.3,100,16.67,0,0,33.5,998.5,60,2.8,13.4,5
Delhi,Delhi,21-07-2017,69,31.0629,7,59.885,2,23.2671,7,13.1675,4,23.455,4,0.97,4,38.6767,3,36,28.7,0,17.4,76.4,244.9,31.9,46.5,35.4,40.7,26.3,73.3,0,0,0,0,41.4,998.6,57.5,3.6,21.2,8
Delhi,Delhi,22-07-2017,55,32.3657,7,47.575,2,28.4557,7,11.635,4,22.88,4,0.89,4,38.32,3,34.5,27,4.597,20.5,92,161.1,29.7,44.7,31.2,36.5,25.9,80.6,100,12.5,0,0,42.1,998.9,69.3,3.4,13.9,7
Delhi,Delhi,23-07-2017,71,34.8386,7,60.39,2,38.3886,7,9.465,4,24.2025,4,1.3775,4,38.5933,3,34.4,26.4,17.955,18.8,95.6,227,29.1,45.9,26.4,35.5,26.3,85.7,100,12.5,0,0,52.2,997.9,70.5,2.7,19.6,8
Delhi,Delhi,24-07-2017,60,26.1414,7,58.875,2,23.2486,7,9.665,4,24.3375,4,1.1225,4,26.84,3,32.7,26.9,3.449,19.8,96.1,185.1,29.3,41.7,30.9,35.7,26,83.2,100,12.5,0,0,44.6,997.3,69.4,3,16.1,6
Delhi,Delhi,25-07-2017,68,33.4714,7,62.75,2,24.2586,7,10.8525,4,24.085,4,1.205,4,27.1567,3,32,27,2.344,16.6,91.4,188.2,28.8,43.6,30.6,35.2,26.1,85.9,100,12.5,0,0,34.2,997.8,74.2,2.7,16.2,6
Delhi,Delhi,26-07-2017,63,29.8471,7,90.295,2,23.9886,7,11.9525,4,22.41,4,0.6575,4,37.8967,3,34.8,26.9,0,18.4,109.9,193.8,30.6,44.7,30.7,37.9,26,77.4,0,0,0,0,35.6,999.9,58.7,3.3,17,7
Delhi,Delhi,27-07-2017,75,58.5529,7,87.31,2,27.6457,7,11.25,4,22.62,4,0.7025,4,25.4733,3,34.8,29.2,0,16.2,98.6,177.5,31.5,43.2,36.4,39.5,25.8,72.6,0,0,0,0,30.6,1001.6,63.9,3.7,15.3,7
Delhi,Delhi,28-07-2017,70,37.7614,7,86.24,2,33.1957,7,16.3125,4,20.545,4,1.1725,4,29.2833,3,35.6,28,5.448,20.8,91.8,203.2,31.3,49.4,33.9,39.6,26.2,75,100,12.5,0,0,43.6,1002.2,65.9,3.5,17.6,8
Delhi,Delhi,29-07-2017,96,35.1217,6,73.515,2,26.3667,6,13.4033,3,20.4667,3,0.6175,4,34.89,3,34.8,27.9,0,20.8,117.3,201,30.5,44.7,33.3,37.9,26.1,78.3,0,0,0,0,43.6,1002.2,57.3,3.6,17.4,8
Delhi,Delhi,30-07-2017,43,17.536,5,53.27,2,20.496,5,12.6333,3,18.45,2,0.5825,4,31.5833,3,33.2,28,0,13.3,158.3,206.1,30.3,40.9,32.7,36.5,25.1,74.8,0,0,0,0,29.2,1001.7,70.9,3.8,18,7
Delhi,Delhi,31-07-2017,48,31.4214,7,57.725,2,30.03,7,10.775,4,21.49,4,0.8075,4,15.6533,3,30,27,22.299,12.5,234.3,108.4,28.3,38.2,31.3,34.3,26.3,89.6,100,16.67,0,0,20.2,1002.1,80.1,2.7,9.5,5
Delhi,Delhi,01-08-2017,61,28.08,7,60.28,2,25.8386,7,10.9675,4,21.275,4,0.656667,3,19.23,3,31.6,26.9,0.319,16.6,250.8,87.1,28.1,40.4,30.9,33.7,26.3,90.3,100,4.17,0,0,23.4,1002.2,76.1,2.5,7.5,4
Delhi,Delhi,02-08-2017,92,34.5057,7,99.025,2,30.2429,7,9.7525,4,22.17,4,0.88,2,23.69,3,31.1,27,0,18.4,272.6,100.9,29.2,39.3,30.6,35.7,25.9,82.8,0,0,0,0,30.2,1001.6,73.1,3,8.6,4
Delhi,Delhi,03-08-2017,81,36.0433,6,86.04,1,25.75,6,10.62,3,25.6467,3,0.53,2,31.16,2,34,27,0,21.6,260.2,205.3,30.4,42.5,30.6,36.6,25,73.9,0,0,0,0,38.2,998.7,61.2,3.2,17.7,8
Delhi,Delhi,04-08-2017,136,55.1267,6,157.72,1,31.745,6,12.0733,3,26.8933,3,1.025,2,43.915,2,34.8,27,0,17.5,264.8,189.7,30.5,45,29.7,37.2,25.1,73.4,0,0,0,0,34.9,997.7,59.2,3.5,16.3,7
Delhi,Delhi,05-08-2017,166,58.6129,7,170.855,2,35.4657,7,12.09,4,23.2425,4,1.36333,3,75.05,3,34.8,27,0,13,262.1,223.2,31.1,41.8,30.1,37.3,24.7,69.6,0,0,0,0,22.7,999.9,63.7,3,19.3,7
Delhi,Delhi,06-08-2017,182,64.7771,7,163.19,2,33.3429,7,10.595,4,23.605,4,1.65333,3,57.0167,3,36,29,0.83,29.6,306.8,176.3,31.8,45.1,34.4,40,25.8,71.1,100,4.17,0,0,16.9,1001,59.9,3.1,15.2,8
Delhi,Delhi,07-08-2017,156,56.7843,7,102.89,2,33.9214,7,10.7575,4,23.27,4,1.54,3,45.0333,3,33.8,26,27.76,11,95.2,151.1,29.7,45.1,26,37.5,26.8,85.2,100,8.33,0,0,23,1002.1,70.4,2.7,13,6
Delhi,Delhi,08-08-2017,85,43.4129,7,70.315,2,31.0629,7,11.995,4,24.96,4,1.94667,3,50.2833,3,34.9,27.1,5.701,12.6,65.2,172.4,30.2,46.8,31.8,38.4,26.9,83.5,100,8.33,0,0,19.8,1002.2,66.9,2.9,14.8,8
Delhi,Delhi,09-08-2017,125,51.58,6,95.19,2,105.94,7,10.3975,4,25.155,4,2.49333,3,15.2533,3,32,27.2,23.878,17.1,298.3,131.5,29.1,44.2,32.4,37.3,27.2,89.5,100,8.33,0,0,24.1,1001.2,73.5,2.1,11.3,6
Delhi,Delhi,10-08-2017,175,101.973,7,120.075,2,49.5743,7,9.39,4,19.4975,4,1.34667,3,30.2,3,34,28,0,18.4,266.4,154.5,30.9,47.3,33.7,39.8,26.8,79.4,0,0,0,0,30.6,999.7,63.8,3,13.3,7
Delhi,Delhi,11-08-2017,106,31.0443,7,88.745,2,27.8986,7,9.6225,4,19.5075,4,0.936667,3,29.76,3,35,28,0,22.7,258.2,239.3,31.5,45.2,32.7,39.1,25.5,71.3,0,0,0,0,40,998.9,63.7,3.4,20.6,8
Delhi,Delhi,12-08-2017,66,25.795,6,78.6,2,25.715,6,11.75,4,22.28,3,0.755,2,29.3767,3,35,28,0,25.5,255.4,215.4,31.2,43.6,31.9,37.5,24.7,69,0,0,0,0,39.2,998.9,54.2,3.5,18.6,7
Delhi,Delhi,13-08-2017,73,32.9367,6,107.135,2,32.2417,6,9.185,4,18.6867,3,1.245,2,48.95,3,34.1,27,0,20.2,248.7,225.8,30.9,43.5,30.1,37,24.6,70,0,0,0,0,40,1001,43.8,3.5,19.4,8
Delhi,Delhi,14-08-2017,81,33.4071,7,106.685,2,40.7786,7,8.995,4,23.8475,4,0.893333,3,57.22,3,36,27,0,14.8,258.7,222.2,31.4,44.6,30.1,37.2,24.2,66.3,0,0,0,0,23,1004.2,55.9,3.9,19.3,7
Delhi,Delhi,15-08-2017,95,39.2483,6,111.36,1,40.0083,6,13.1667,3,23.61,3,0.88,2,59.9,2,36.8,28.8,0.1,21,266.6,254.8,32,46,32.6,38.5,24.5,65.1,100,4.17,0,0,26.6,1003,47.5,3.8,22,9
Delhi,Delhi,16-08-2017,93,40.9214,7,100.085,2,45.3457,7,11.6875,4,20.4975,4,0.88,3,55.9567,3,36,27,0.1,21.3,283.9,251.6,31.9,42.7,30.1,37.5,24,64.4,100,4.17,0,0,34.2,1000.9,36.9,3.6,21.9,9
Delhi,Delhi,17-08-2017,116,47.83,7,109.88,2,38.9343,7,13.11,4,21.51,4,0.93,2,47.8067,3,37,29,0,23.9,286.5,258.4,32.8,45.7,33.6,39.7,24.5,62.5,0,0,0,0,34.2,999.8,38,3.7,22.4,9
Delhi,Delhi,18-08-2017,116,49.6843,7,119.61,2,40.7286,7,13.3975,4,23.19,4,0.97,3,60.1433,3,37.2,29,0,14.8,314.1,264.2,33.1,44.8,32.7,40.4,24.7,62.5,0,0,0,0,33.5,1001,44.3,3.9,22.8,9
Delhi,Delhi,19-08-2017,84,38.71,7,60.79,2,34.3557,7,14.41,4,20.78,4,2.065,2,32.06,3,31,26.8,24.851,15,105.1,91.7,28.5,39.1,31.1,34.7,26.3,88.3,100,8.33,0,0,28.1,1003.7,68.2,2.6,7.8,3
Delhi,Delhi,20-08-2017,62,28.9886,7,47.935,2,25.5967,6,16.8825,4,16.2033,3,1.225,2,36.5567,3,35.6,27,0,14.8,100.9,199.1,31,45.8,31.1,38.6,26,76.1,0,0,0,0,33.5,1003.3,44.5,3.3,17,6
Delhi,Delhi,21-08-2017,70,31.8886,7,52.805,2,35.2114,7,12.4975,4,19.3425,4,1.215,2,40.9633,3,35,28,0,16.6,101.5,234.1,31.5,46.4,33.5,39.9,26.3,74.7,0,0,0,0,29.5,1002.1,45.6,3.6,20.1,9
Delhi,Delhi,22-08-2017,80,40.8871,7,73,2,45.1929,7,8.98,4,25.9,4,1.21667,3,61.8033,3,34,29,0.917,11.2,107.4,199.8,30.9,45.3,36.1,39.6,26.6,78.3,100,4.17,0,0,25.9,1002,57.9,3.2,17,7
Delhi,Delhi,23-08-2017,88,41.2786,7,65.33,2,64.6514,7,9.45,4,50.338,5,1.38,3,31.9467,3,33.2,26.3,35.249,9.4,118.8,106.5,28.8,44.1,26.3,35.1,26.5,87.6,100,12.5,0,0,24.5,1003.6,72.9,2.5,9.4,4
Delhi,Delhi,24-08-2017,116,50.3586,7,53.375,2,33.3643,7,9.625,4,22.8433,6,0.85,3,52.48,1,34,25.4,0,7.6,113.9,171.7,29.7,43.8,25.4,35.5,25.6,79.7,0,0,0,0,17.3,1003,67,2.5,14.7,7
Delhi,Delhi,25-08-2017,141,53.5171,7,83.085,2,36.7343,7,13.5475,4,21.0833,6,1.74,3,78.1933,3,34.8,26,6.033,11.5,87.8,200,29.9,46.9,26,37,26.2,81.6,100,8.33,0,0,33.5,1001.2,63.9,2.6,17.3,6
Delhi,Delhi,26-08-2017,114,47.2443,7,75.685,2,25.5643,7,13.235,4,19.265,6,1.19333,3,42.84,3,32.4,25.6,12.909,17.7,64.9,177.3,28.3,41.2,25.6,33.3,25.6,85.6,100,8.33,0,0,33.5,1000.5,69.3,2.7,15.3,8
Delhi,Delhi,27-08-2017,104,41.9933,6,67.425,2,25.7617,6,10.5467,3,18.18,5,1.27333,3,82.84,3,35.2,25,1.299,11.2,69,247.7,29.5,43.1,25,34,24.8,77.3,100,4.17,0,0,21.6,1000.6,51.5,3.6,21.3,8
Delhi,Delhi,28-08-2017,70,33.7186,7,49.43,2,25.0386,7,10.5125,4,18.8483,6,0.963333,3,25.9867,3,34.3,27,0.51,27.7,85.2,156.8,29.6,42.4,31.2,35.4,25.3,78.5,100,4.17,0,0,55.4,1002.1,61.7,3.3,13.6,6
Delhi,Delhi,29-08-2017,68,28.45,7,50.705,2,27.4257,7,11.9275,4,19.64,6,0.973333,3,25.6,3,34.8,27,0.851,25.4,87,216.4,30.1,44.7,30.6,36.8,25.5,76.9,100,4.17,0,0,60.5,1001.9,61.1,3.3,18.7,7
Delhi,Delhi,30-08-2017,77,29.4563,8,45.94,2,32.1562,8,12.595,4,18.3383,6,1.02,4,30.6275,4,34.8,26,5.643,19.1,98.6,163.7,30.4,44.7,26,37.6,26,78.5,100,8.33,0,0,43.6,1002.8,66.4,3.3,14,6
Delhi,Delhi,31-08-2017,92,34.06,10,46.9767,6,35.908,10,9.81667,3,15.926,5,1.26429,7,25.8783,6,31.8,25.7,56.324,15.1,110.7,88.1,27.5,42.3,25.7,31.3,26.1,92.7,100,12.5,0,0,30.2,1003.7,81.9,2.1,7.5,6
Delhi,Delhi,01-09-2017,69,26.206,10,34.296,5,21.532,10,7.756,5,18.6033,6,1.27571,7,19.735,4,31,26,11.448,18.4,241.6,126.9,27.8,37.9,26,31.3,25.3,87,100,12.5,0,0,30.6,1003.6,78.6,2.7,10.8,5
Delhi,Delhi,02-09-2017,65,28.9262,8,43.12,3,23.3257,7,5.4675,4,19.2067,6,1.326,5,17.41,3,30.8,26.3,1.448,25.9,260,101.8,27.9,36.5,26.3,31.7,24.5,81.9,100,4.17,0,0,29.2,1003.6,63,3.3,8.6,5
Delhi,Delhi,03-09-2017,80,35.2987,8,67.3433,3,26.01,8,8.696,5,17.5517,6,1.54167,6,40.1225,4,34,25,0,17.1,283.9,221.5,29.7,43.5,25,34.4,24.7,75.7,0,0,0,0,21.6,1004.2,31.9,3.8,19.1,8
Delhi,Delhi,04-09-2017,106,46.5162,8,76.83,3,22.615,8,7.324,5,28.8483,6,1.29833,6,29.4225,4,35,27,0,16.6,284.8,238.6,30.6,43.8,30.1,37.2,25.4,74.7,0,0,0,0,31.7,1005.4,40.5,3.4,20.5,8
Delhi,Delhi,05-09-2017,91,36.1037,8,65.94,3,27.0813,8,9.016,5,18.3017,6,0.976667,6,39.7225,4,34.8,25,0.832,20.5,282.9,223.6,29.6,43.1,25,34,24.3,74.5,100,4.17,0,0,38.9,1005.4,43.8,3.7,19.3,8
Delhi,Delhi,06-09-2017,86,32.2891,11,91.6925,4,24.4209,11,8.972,5,16.63,6,0.96,8,33.85,7,35.6,26,0,25.4,266,226.8,30.2,41.9,26,34.6,23.7,69.6,0,0,0,0,33.5,1005.3,47.9,3.7,19.6,8
Delhi,Delhi,07-09-2017,82,41.8162,13,81.855,8,24.7625,12,7.956,5,20.92,5,0.931818,11,35.9056,9,33,24,5.911,11.2,12,220.9,28.5,40.9,24,32.4,24.4,79.1,100,12.5,0,0,22.3,1006.4,64.6,3.3,19.2,8
Delhi,Delhi,08-09-2017,152,63.2585,13,101.282,8,22.3667,12,9.822,5,23.824,5,0.985455,11,47.5156,9,35,27,0,13.2,324.2,243.7,30.6,40.2,31.1,36.2,24.7,72.5,0,0,0,0,20.5,1006.6,29.7,3.1,21.1,8
Delhi,Delhi,09-09-2017,125,45.9375,12,117.698,8,20.0409,11,9.1975,4,17.86,5,1.03636,11,46.8263,8,35,27,0,11.8,330.1,243.1,30.7,41.1,30.6,36.2,24.6,71.4,0,0,0,0,27.7,1005.2,34,3.2,20.9,8
Delhi,Delhi,10-09-2017,154,56.682,10,122.067,8,25.5167,9,10.4275,4,34.2867,3,1.17909,11,52.4438,8,36.8,27.4,0,11.2,337.5,246.7,31.9,42.8,31.4,37.6,24.2,65.8,0,0,0,0,22.7,1005.7,18.6,3.4,21.1,8
Delhi,Delhi,11-09-2017,149,55.333,10,117.446,8,28.7122,9,9.325,4,31.77,3,0.982727,11,50.785,8,35.8,28,0,15.7,333.8,241.3,31.4,42.6,31.2,36.9,24,66.6,0,0,0,0,26.3,1007.2,45.4,3.4,20.8,8
Delhi,Delhi,12-09-2017,118,40.8556,9,97.2725,8,21.4375,8,8.8025,4,23.84,2,0.996667,6,39.825,8,35.2,26,0,13,281.2,247.3,30.8,41.1,26,35.3,23.6,67.5,0,0,0,0,25.6,1007.6,42.7,3.4,21.3,8
Delhi,Delhi,13-09-2017,141,54.2543,7,131.07,3,24.0243,7,8.556,5,20.9025,4,1.134,5,50.735,4,36.2,27.2,0,11.5,291.4,244.7,31.8,43.2,31,37.8,24.4,66.7,0,0,0,0,19.4,1007,33.9,3.4,21.2,8
Delhi,Delhi,14-09-2017,191,58.9567,9,157.165,4,30.3544,9,8.718,5,21.77,5,1.00429,7,63.22,5,35,28.2,0,9.4,298.1,230.1,31.6,44.9,33.5,38.5,25,69,0,0,0,0,21.2,1006.6,42.1,2.8,19.6,8
Delhi,Delhi,15-09-2017,215,49.8125,12,107.08,8,26.1258,12,9.666,5,16.93,5,1.0375,8,51.7778,9,36,27.7,0,15.4,351.6,241.6,31.8,39.5,32.3,36.3,22.9,61.7,0,0,0,0,20.2,1005.8,29.5,3.2,20.9,8
Delhi,Delhi,16-09-2017,137,34.2923,13,101.146,8,25.9583,12,7.334,5,11.524,5,0.83,11,41.5887,8,31.2,27.4,0,11.2,323.9,188.1,29.5,36.8,30.6,34,23.7,71.2,0,0,0,0,18.7,1005.7,65.4,3,16.2,7
Delhi,Delhi,17-09-2017,126,43.027,10,89.08,8,27.9,9,10.7967,3,14.3733,3,0.716364,11,47.875,8,34.8,25,0,18.4,305.3,169.9,29.7,38.5,25,33.1,23,69.1,0,0,0,0,29.9,1005,59.2,3.3,14.5,7
Delhi,Delhi,18-09-2017,124,38.0638,13,97.065,8,23.0658,12,6.862,5,10.628,5,0.748182,11,50.5333,9,36,24,0,19.1,303.8,245.7,30.1,42.9,24,33.1,22.5,65.8,0,0,0,0,24.1,1004.3,27.5,3.4,21.1,8
Delhi,Delhi,19-09-2017,152,42.2331,13,123.836,7,30.025,12,12.904,5,21.464,5,1.05455,11,57.7289,9,36,26,0,14.8,340.3,208.1,31.1,42.4,26,34.4,21.9,59.4,0,0,0,0,25.2,1003.8,22.6,3.2,17.9,8
Delhi,Delhi,20-09-2017,174,53.6762,13,127.719,8,22.7167,12,10.55,5,18.926,5,1.27818,11,60.3237,8,37.2,25.5,0,10.3,346,234.1,30.9,42.6,25.5,33.6,21.4,58.6,0,0,0,0,17.3,1003.3,13.6,3.1,20.2,8
Delhi,Delhi,21-09-2017,175,50.9,13,107.909,8,19.7658,12,7.206,5,17.268,5,1.10727,11,27.0375,8,34.8,25.4,0,18.4,117.5,189.6,29.9,41.7,25.4,34.4,23.7,70.3,0,0,0,0,27.7,1003.4,49.9,3,16.5,6
Delhi,Delhi,22-09-2017,67,13.725,8,27.2086,7,22.2714,7,11.5267,3,20.258,5,1.03333,6,20.1871,7,28,24.2,42.207,16.1,63.8,48.5,26.1,31.9,24.2,27.3,24,88.8,100,16.67,0,0,33.5,1004.1,82.3,2.8,4.2,2
Delhi,Delhi,23-09-2017,59,21.5386,7,34.6614,7,23.8017,6,9.24,3,18.258,5,0.902,10,19.3043,7,26,24,30.556,17.6,339.9,41.3,24.6,26,24,24.6,23.6,94.3,100,16.67,0,0,28.8,1005.5,84.8,2.6,3.5,2
Delhi,Delhi,24-09-2017,105,35.3312,8,76.5625,8,21.8929,7,9.11,3,19.938,5,1.15182,11,29.2963,8,31,23,0,17.1,313.5,236.3,26.4,35.7,23,28.5,23.3,84.4,0,0,0,0,27,1007.5,47,2.6,20.4,8
Delhi,Delhi,25-09-2017,143,48.3738,8,101.559,7,29.6286,7,9.5,3,11.888,5,1.41,11,40.7043,7,34.8,23,0,15.1,289.1,238.9,29.1,40.6,23,32.2,23.3,73.3,0,0,0,0,33.8,1005.7,1.6,2.8,20.5,8
Delhi,Delhi,26-09-2017,177,55.7975,8,122.19,8,27.2925,8,10.45,3,3.948,5,1.52909,11,39.8657,7,35,25.7,0,17.4,311.5,230.2,30,41.1,25.7,33.6,23.6,70.7,0,0,0,0,28.1,1006.4,6.9,3.2,20,8
Delhi,Delhi,27-09-2017,206,58.2889,9,135.659,7,27.2356,9,11.9233,3,12.036,5,1.57545,11,50.2463,8,36.2,24.4,0,6.4,308.8,234.1,29.9,39,24.4,32.1,21.9,65.3,0,0,0,0,17.6,1006.9,1.2,3,20.3,8
Delhi,Delhi,28-09-2017,205,61.0844,9,125.771,7,31.3189,9,9.76333,3,27.19,5,1.30273,11,47.3713,8,37,25.1,0,11.2,321.4,214.1,30.4,39.8,25.1,32.8,21.8,62.7,0,0,0,0,18.4,1005.9,5,3.1,18.4,8
Delhi,Delhi,29-09-2017,208,81.2191,11,161.488,9,32.0736,11,13.3867,3,39.722,5,1.70364,11,48.9325,8,36,24,0,11.5,301.1,226.9,30.1,43.3,24,32.7,22,64.2,0,0,0,0,24.8,1005.6,1.1,3.2,19.7,8
Delhi,Delhi,30-09-2017,192,74.0764,11,137.59,9,31.2755,11,12.9,3,38.79,5,1.69455,11,48.6525,8,36,23,0,15.4,297.6,242.1,29.7,39.4,23,31.1,20.3,60.3,0,0,0,0,19.1,1007.7,0,3.3,20.9,8
Delhi,Delhi,01-10-2017,170,50.225,14,135.912,9,23.5864,14,8.51,4,45.516,5,1.34364,11,42.5817,6,36,22.7,0,21,304.1,243.8,29.1,36.3,22.7,29.5,18.1,55.1,0,0,0,0,18.4,1007.7,0,3.6,21,8
Delhi,Delhi,02-10-2017,144,34.0357,14,104.484,9,16.4229,14,6.9025,4,38.168,5,1.44182,11,39.6887,8,36,22.4,0,23.1,294.6,242.2,29.2,35.8,22.4,29.4,17.3,52.2,0,0,0,0,33.5,1006.6,0,3.8,20.9,8
Delhi,Delhi,03-10-2017,159,29.06,11,124.638,6,17.6191,11,9.84,4,33.62,5,0.77,11,47.005,10,36,22,0,15.8,319.6,240,28.7,37.9,22,29.7,19.2,59,0,0,0,0,22.3,1007.9,0,3.4,20.8,8
Delhi,Delhi,04-10-2017,220,34.053,10,165.736,5,21.049,10,8.0975,4,36.456,5,0.640909,11,49.232,10,36,23.2,0,18.4,326,236.9,29.1,38.1,23.2,30.1,19.8,60.5,0,0,0,0,16.6,1009.3,0,3.4,20.5,8
Delhi,Delhi,05-10-2017,254,30.981,10,147.028,5,19.547,10,8.7125,4,32.8,5,0.635455,11,52.74,9,37,24.1,0,18.4,335.6,237.7,30,39.3,24.1,31.1,19.2,55.5,0,0,0,0,18,1009.1,0,3.2,20.5,8
Delhi,Delhi,06-10-2017,187,21.4127,11,92.9733,6,18.1645,11,10.0125,4,27.542,5,0.76,11,46.519,10,35.4,23.7,0,14.7,329.8,236.5,30,34.8,23.7,30.4,17.2,48.7,0,0,0,0,18.7,1009.2,0,3.4,20.5,8
Delhi,Delhi,07-10-2017,195,24.6656,9,125.204,5,21.093,10,11.2125,4,33.148,5,0.866364,11,48.639,10,35.8,22,0,14.8,319.5,237.3,28.8,36.3,22,29.6,18.5,56.1,0,0,0,0,16.2,1008.3,0,3.3,20.5,8
Delhi,Delhi,08-10-2017,234,34.887,10,154.45,5,20.6189,9,8.8675,4,36.688,5,1.08364,11,57.385,10,34.2,23,0,9.4,349.4,232.1,28.5,37.2,23,29.7,20.1,62.4,0,0,0,0,16.2,1007.5,0,2.6,19.8,8
Delhi,Delhi,09-10-2017,268,38.9509,11,140.902,6,17.6691,11,13.645,4,44.04,5,1.13091,11,43.21,9,36,22.8,0,7.9,94.6,224.9,28.7,37.4,22.8,29.8,19.6,60.7,0,0,0,0,19.1,1007.9,0,2.7,19.4,8
Delhi,Delhi,10-10-2017,238,58.168,5,165.894,5,36.518,5,24.38,2,49.668,5,1.458,10,54.8312,8,35.2,23.1,0,10.5,83.4,225.9,28.6,37.2,23.1,29.7,19.9,61.5,0,0,0,0,14.4,1007.3,10.2,2.8,19.7,8
Delhi,Delhi,11-10-2017,252,54.212,5,138.462,5,34.85,5,21.305,2,54.156,5,1.25364,11,54.86,8,35,23.1,0,7.9,55.6,223.9,28.8,36.6,23.1,29.9,19.9,60.9,0,0,0,0,17.6,1007.4,3.8,3,19.3,8
Delhi,Delhi,12-10-2017,273,48.9483,6,156.197,6,34.0917,6,11.4,2,40.342,5,1.24364,11,49.4475,8,35,23,0,13.9,301.8,220.7,28.5,36.7,23,29.5,19.8,62.4,0,0,0,0,16.6,1007.2,6.9,2.9,19.1,8
Delhi,Delhi,13-10-2017,262,68.0657,7,189.458,5,30.4943,7,10.25,3,40.646,5,0.953636,11,49.3825,8,35.2,22.5,0,15.1,303.4,220.7,28.2,36.5,22.5,28.8,18.7,58.9,0,0,0,0,22,1005.4,3,2.9,19.1,8
Delhi,Delhi,14-10-2017,277,107.482,5,197.292,4,43.916,5,19.7667,3,47.296,5,1.07636,11,81.7171,7,36.2,22.2,0,12,321.9,225.8,28.1,36.2,22.2,28.6,18,57.4,0,0,0,0,16.9,1005.1,2.7,2.7,19.6,8
Delhi,Delhi,15-10-2017,272,117.68,5,239.24,4,43.622,5,21.1333,3,38.754,5,1.17545,11,65.8514,7,36,20.6,0,9.4,302.5,226.1,27.9,35.9,20.6,28.1,16.6,53.7,0,0,0,0,13.3,1005.6,0,2.9,19.5,8
Delhi,Delhi,16-10-2017,274,63.069,10,135.526,9,40.32,10,23.6375,4,50.0486,7,1.72167,12,63.7963,8,35.1,19.5,0,7.9,327.5,225.2,27.1,35.2,19.5,27.1,16.2,54.5,0,0,0,0,14.4,1006.4,0,2.5,19.4,8
Delhi,Delhi,17-10-2017,316,62.845,12,163.572,9,49.65,13,25.336,5,42.25,8,1.81462,13,39.3682,11,35,19.4,0,13,322.1,226.5,26.7,33.8,19.4,26.6,16,55.6,0,0,0,0,20.2,1008.1,0,2.7,19.5,8
Delhi,Delhi,18-10-2017,286,112.404,8,211.74,5,49.656,10,26.178,5,42.4712,8,1.41462,13,56.0822,9,34.3,20.2,0,15.4,327.3,223.4,27,34,20.2,27.1,16.4,55.2,0,0,0,0,22,1009,0,2.8,19.2,8
Delhi,Delhi,19-10-2017,293,127.576,14,210.009,9,26.8813,16,14.5433,6,31.07,8,0.88,12,42.295,12,36,19,0,9.4,0.3,213.4,27.1,36.9,19,27.7,18.3,62.2,0,0,0,0,17.3,1009.1,0,2.5,18.3,8
Delhi,Delhi,20-10-2017,357,200.284,11,249.637,9,22.6367,12,23.3575,4,28.6325,4,1.04167,12,57.0243,7,35.2,21,0,12.6,330.7,202,27.5,36.8,21,28.2,18.4,60.2,0,0,0,0,14.4,1008.5,0,1.8,17.5,7
Delhi,Delhi,21-10-2017,396,112.41,14,255.789,9,19.9293,15,12.824,5,11.9343,7,1.22917,12,40.564,10,34.2,19.5,0,11.8,341.1,215.7,26.3,33.6,19.5,26.3,16.7,58.6,0,0,0,0,23.8,1007.3,0,1.9,18.6,8
Delhi,Delhi,22-10-2017,311,103.63,5,226.373,4,32.7967,6,23.678,5,17.7067,3,1.43308,13,51.3317,6,36,19,0,10.5,77.2,191.8,26.5,35.5,19,26.6,16.4,58.3,0,0,0,0,19.8,1006.2,0,2.4,16.5,8
Delhi,Delhi,23-10-2017,287,70.5206,16,202.87,11,51.7013,16,25.32,6,22.1975,8,2.11917,12,62.752,10,35.2,18,0,5.4,33.8,198.7,26.8,34.8,18,26.5,15,53.5,0,0,0,0,16.2,1008.3,2.1,2.6,17.1,8
Delhi,Delhi,24-10-2017,294,185.575,6,340.083,6,85.4586,7,23.986,5,51.6925,4,1.91,12,55.3487,8,33,19,0,18.4,305.7,213.8,25.8,32,19,25.4,13.7,50.8,0,0,0,0,24.5,1011.4,0,2.1,18.3,8
Delhi,Delhi,25-10-2017,352,159.578,5,361.947,4,60.848,5,17.3833,3,56.365,2,1.145,12,59.3717,6,32.8,18.3,0,9.4,291.8,212.1,24.6,31.9,18.3,24.4,13.4,52.6,0,0,0,0,15.1,1014,0,2.1,18.1,8
Delhi,Delhi,26-10-2017,324,50.51,13,90.1073,11,15.0177,13,6.52,6,7.726,5,0.698333,12,47.3911,9,33.1,17.6,0,11.2,128.8,209.8,24.9,32.6,17.6,24.7,14.7,57.3,0,0,0,0,20.2,1014.4,0.6,2.3,18.1,8
Delhi,Delhi,27-10-2017,332,54.7385,13,106.86,10,16.3323,13,8.32167,6,8.25,6,0.698333,12,56.59,8,33,18,0,9.4,130.5,203,24.7,31.8,18,24.6,15.7,61.6,0,0,0,0,18.4,1013.6,2.9,2.5,17.7,7
Delhi,Delhi,28-10-2017,347,81.1271,7,128.66,5,19.9157,7,7.23,2,2.49,2,0.570833,12,57.334,5,32.5,18.1,0,11.2,73.5,203.7,24.6,32.4,18.1,24.5,15,58.8,0,0,0,0,20.2,1013.2,2.8,2.4,17.7,7
Delhi,Delhi,29-10-2017,336,97.4967,12,167.012,11,21.9675,12,4.258,5,1.015,4,0.9925,12,44.5267,12,32,18.5,0,11.2,94.2,200.5,24.5,31.6,18.5,24.4,15.4,60.1,0,0,0,0,19.1,1015.3,0,2.3,17.1,7
Delhi,Delhi,30-10-2017,328,80.1692,13,188.861,10,33.2131,13,14.162,5,12.96,7,2.12636,11,30.1411,9,31,18,0,9.4,343.1,199.3,24.1,31,18,24.2,16.6,65.5,0,0,0,0,16.6,1015.6,0,1.8,17.1,7
Delhi,Delhi,31-10-2017,335,191.279,16,344.878,11,57.8275,16,21.8133,6,59.0662,8,3.05909,11,44.9875,12,31,17.7,0,9.4,151.7,189.2,23.6,30.5,17.7,23.6,16.2,66.5,0,0,0,0,16.9,1013.5,0,1.6,16.3,7
Delhi,Delhi,01-11-2017,354,193.108,15,265.42,10,47.3093,15,19.1567,6,50.39,8,2.11545,11,53.82,9,32,18.7,0,11.2,132.1,191.7,24.2,31.3,18.7,24.2,16.2,64.8,0,0,0,0,25.2,1014.4,0.1,1.7,16.6,7
Delhi,Delhi,02-11-2017,285,144.011,16,222.07,11,42.5444,16,18.7283,6,48.1725,8,2.02636,11,50.2382,11,30.1,19.9,0,13,95.6,188.6,24.1,31.9,19.9,24.3,18,71.2,0,0,0,0,23.8,1013.4,0,1.7,16.3,7
Delhi,Delhi,03-11-2017,327,144.655,16,208.75,11,40.2938,16,12.844,5,45.2237,8,2.18273,11,43.426,10,31,18.3,0,11.2,95.4,171.3,23.9,31.8,18.3,24.1,18.3,73.3,0,0,0,0,18.4,1013.6,0.1,1.4,14.7,6
Delhi,Delhi,04-11-2017,357,173.799,16,281.845,11,45.2844,16,18.1667,6,49.68,8,2.38917,12,59.6255,11,30,17,0,13,129.4,189.4,23.5,30.9,17,23.8,18,73.6,0,0,0,0,20.2,1015.8,0,1.6,16.4,7
Delhi,Delhi,05-11-2017,363,197.996,16,362.884,11,59.245,16,19.1717,6,58.5512,8,3.13667,12,72.8218,11,30,17.6,0,7.6,244.9,190.4,23.5,30,17.6,23.5,16.9,69.6,0,0,0,0,14.4,1015.8,0,1.6,16.5,7
Delhi,Delhi,06-11-2017,356,228.912,16,365.76,11,62.5694,16,17.8867,6,67.4463,8,2.44167,12,44.8691,11,30,17.8,0,11.2,280.8,180.4,23.2,30,17.8,23.2,15.7,64.8,0,0,0,0,18.4,1015,0,1.8,15.4,7
Delhi,Delhi,07-11-2017,449,520.728,16,701.86,10,65.4581,16,16.025,6,90.695,8,2.7675,12,60.2064,11,30,17,0,11.2,288.8,176.8,22.6,29.7,17,22.5,15.9,69.7,0,0,0,0,14.4,1014.6,0,0.7,15.4,6
Delhi,Delhi,08-11-2017,487,665.923,16,749.858,6,85.0725,16,20.3183,6,84.1337,8,3.18917,12,60.1364,11,28,13,0,11.2,344.6,183.8,20.1,28.5,13,20.1,15.8,79.3,0,0,0,0,17.6,1014.6,0.5,0.4,15.8,7
Delhi,Delhi,09-11-2017,487,498.822,16,741.719,9,92.9663,16,19.8767,6,75.1975,8,2.84417,12,73,11,30.1,14.7,0,9.4,337.2,176,21.4,28.8,14.7,21.1,13.2,66,0,0,0,0,18,1013.5,22.4,0.6,15.2,7
Delhi,Delhi,10-11-2017,470,351.794,16,449.379,11,104.749,16,20.4233,6,87.7888,8,3.1475,12,59.699,10,29,14,0,11.2,336.3,186.3,21.2,28.4,14,21,14,67.6,0,0,0,0,18.7,1014.1,0,0.9,16,7
Delhi,Delhi,11-11-2017,431,376.854,16,549.494,10,78.9567,15,17.695,6,88.9387,8,2.97417,12,55.38,10,28.1,14.3,0,9.4,14.8,177.4,21,27.8,14.3,20.9,13.5,65.3,0,0,0,0,18,1015.1,0,1.1,15.4,7
Delhi,Delhi,12-11-2017,491,466.604,16,649.677,10,72.6693,15,14.5,6,73.0386,7,3.24417,12,59.408,10,28,14,0,11.2,320,182.4,20.2,27.9,14,20.1,13.9,71,0,0,0,0,20.9,1012.8,0,0.7,15.8,7
Delhi,Delhi,13-11-2017,465,343.312,16,500.253,10,82.3625,16,17.3483,6,77.0525,8,2.90667,12,52.714,10,28.4,13.6,0,11.2,115.1,182.6,20.2,27.9,13.6,20.1,14.1,71.6,0,0,0,0,19.8,1011.3,9.1,0.9,15.8,7
Delhi,Delhi,14-11-2017,384,245.671,16,355.636,11,56.7075,16,14.7433,6,54.4975,8,2.335,12,43.3864,11,27.5,16,0,14.8,128.5,166.5,21.1,27.5,16,21.1,14.1,67.1,0,0,0,0,32.8,1011.1,0.1,1.1,14.3,7
Delhi,Delhi,15-11-2017,354,189.28,16,288.805,12,58.4675,16,19.4033,6,48.6962,8,2.54417,12,43.4818,11,27,14.9,0,14.8,114.2,163.8,20.7,26.8,14.9,20.6,12.6,62.4,0,0,0,0,26.6,1012.6,8.4,1.6,14.2,7
Delhi,Delhi,16-11-2017,363,185.794,16,289.173,12,53.0862,16,22.6217,6,49.44,8,1.98083,12,39.7682,11,26,14,0,13,23.9,162.1,19.8,26,14,19.8,13,67.2,0,0,0,0,18.4,1014.2,1.3,1.6,14,6
Delhi,Delhi,17-11-2017,307,149.706,16,232.362,12,46.7256,16,17.325,6,43.6412,8,1.9375,12,35.2691,11,25.7,14.8,0,14.8,314.1,153.9,19.8,25.7,14.8,19.8,12.9,66.5,0,0,0,0,28.4,1014.8,50.3,2,13.4,5
Delhi,Delhi,18-11-2017,299,142.427,16,221.732,12,48.8256,16,16.23,6,42.375,8,1.39083,12,40.9764,11,25,15,0.425,13,283.9,138.7,20.1,25,15,20.1,13.8,68.8,100,4.17,0,0,24.5,1015.1,60.5,1.8,12,5
Delhi,Delhi,19-11-2017,291,129.491,16,204.05,12,42.8781,16,16.855,6,34.4438,8,1.635,12,43.0073,11,24.1,14,0,18.4,304.7,170.8,19.1,24.1,14,19.1,8.7,53.3,0,0,0,0,29.2,1016.3,27.9,2.5,14.9,6
Delhi,Delhi,20-11-2017,325,169.223,16,255.986,12,49.4919,16,15.6817,6,36.4663,8,1.70727,11,44.0964,11,23.1,10,0,16.6,293.1,185.3,17,23.1,8.7,17,6.5,52.8,0,0,0,0,29.9,1017.3,0.1,2.4,16.1,7
Delhi,Delhi,21-11-2017,325,177.648,16,268.303,12,51.3937,16,17.0833,6,40.5187,8,2.06667,12,45.9382,11,24,9,0,18.4,281.1,181.2,16.2,24,7.9,16.1,6.4,55.3,0,0,0,0,31.7,1015.3,0,2.5,15.8,7
Delhi,Delhi,22-11-2017,328,175.189,16,268.945,12,51.3244,16,20.88,6,40.2737,8,2.05167,12,46.8436,11,25,9,0,18.4,278.4,182.4,16.8,25,7.9,16.7,5.2,50.3,0,0,0,0,30.6,1014.5,0,2.7,15.8,7
Delhi,Delhi,23-11-2017,316,174.899,16,263.42,12,51.8006,16,19.295,6,41.0525,8,2.20727,11,48.1491,11,25.3,10,0,16.6,283.9,180.7,16.6,25.3,9.1,16.6,5.7,51.3,0,0,0,0,25.9,1013.7,3.5,2.5,15.6,7
Delhi,Delhi,24-11-2017,335,182.904,16,257.204,11,83.4313,16,20.1317,6,44.0925,8,1.96818,11,51.9991,11,25.8,9.5,0,15,272.7,179.3,17.1,25.8,9.5,17.1,5,47.8,0,0,0,0,24.5,1015.2,0,2.4,15.5,7
Delhi,Delhi,25-11-2017,337,184.159,16,282.771,10,81.918,15,19.2267,6,47.7825,8,2.62417,12,53.7173,11,26.1,10.4,0,13,271.8,177.2,17.7,26.1,10.4,17.7,5.5,47.7,0,0,0,0,24.1,1015.9,0,2.3,15.4,7
Delhi,Delhi,26-11-2017,361,223.386,16,344.977,12,84.8912,16,24.7133,6,60.7,8,3.32417,12,61.1036,11,27,10.2,0,9.4,286.9,175.2,17.9,26.3,10.2,17.9,6.7,51.8,0,0,0,0,23,1017.2,0,2.1,15.3,7
Delhi,Delhi,27-11-2017,365,198.431,16,335.866,11,71.6706,16,21.5383,6,53.2413,8,2.31727,11,53.234,10,25.2,10.6,0,18.4,276.9,176.2,17.4,25.2,10.6,17.4,7.1,53.8,0,0,0,0,31,1014.5,0,2,15.4,7
Delhi,Delhi,28-11-2017,327,173.534,16,279.06,12,57.21,15,23.585,6,61.4488,8,2.4425,12,44.579,10,27,10,0,14.8,271.2,173.9,18.3,26.4,10,18.2,6.7,50.9,0,0,0,0,21.6,1013.5,0,2.2,15.1,7
Delhi,Delhi,29-11-2017,344,218.243,16,344.141,12,62.396,15,20.895,6,81.1275,8,2.945,12,47.0255,11,28,10.7,0,11.2,90.7,170.9,19.1,27,10.7,18.9,7.4,51.7,0,0,0,0,16.9,1015.5,0,2.9,14.9,7
Delhi,Delhi,30-11-2017,368,217.645,15,344.591,11,52.5767,15,17.682,5,77.9,7,2.85727,11,44.404,10,27,11,0,16.6,313.1,171.3,18.6,26.3,11,18.5,8.8,57.2,0,0,0,0,22,1015.9,0,2,15,7
Delhi,Delhi,01-01-2018,406,304.632,17,440.252,12,60.0681,16,18.8029,7,71.1275,8,1.98769,13,34.375,12,20,6,0,9.4,296.6,163.3,12.5,20,6,12.4,9,82.5,0,0,0,0,19.1,1014.3,14,0.7,14.1,6
Delhi,Delhi,02-01-2018,418,280.471,17,439.811,12,51.9431,16,13.2186,7,55.7987,8,1.72154,13,31.0142,12,17.4,8,0,9.4,287.8,163.3,11.8,17.4,6.8,11.5,9.2,85.5,0,0,0,0,20.9,1014.8,0,0.6,14.1,6
Delhi,Delhi,03-01-2018,382,219.992,17,344.039,12,52.1475,16,11.3486,7,50.52,8,1.61615,13,31.2483,12,17.2,8,0,11.2,270.8,168.8,11.1,17.2,6,10.6,8.8,86.6,0,0,0,0,22.3,1015.4,14,0.6,14.6,6
Delhi,Delhi,04-01-2018,366,245.573,17,395.776,12,58.3244,16,15.4586,7,53.0925,8,1.49308,13,35.5658,12,20.2,5,0,13,120,169.7,10.9,20.2,3.3,10.6,8.3,86.2,0,0,0,0,17.3,1015.5,44.2,0.5,14.7,6
Delhi,Delhi,05-01-2018,390,241.658,17,365.41,12,54.5737,16,15.0857,7,53.4475,8,1.89333,12,29.1325,12,19,7.4,0,11.2,112.3,166.9,11.7,19,6.2,11.2,8,81,0,0,0,0,17.3,1015,3.8,0.9,14.4,6
Delhi,Delhi,06-01-2018,405,255.644,17,390.453,12,56.6907,15,19.77,7,67.0071,7,1.94231,13,39.5317,12,19,5,0,11.2,277.5,169.2,11.2,19,3.9,11.1,7.3,79.6,0,0,0,0,21.6,1014.1,4.9,0.7,14.5,6
Delhi,Delhi,07-01-2018,355,186.583,17,294.162,12,45.2029,14,17.5886,7,48.5567,6,1.49538,13,41.9217,12,20.1,6,0,20.5,270.5,173.3,12.1,20.1,4.4,11.7,6.8,73.2,0,0,0,0,33.1,1014.9,8.3,1.5,15.1,7
Delhi,Delhi,08-01-2018,288,159.979,17,276.971,12,53.8869,16,18.9157,7,50.7287,8,1.87615,13,47.2008,12,20.5,6,0,13,265.6,175,12.3,20.5,5.1,12,6.2,70,0,0,0,0,25.9,1016.8,0,1.4,15.2,7
Delhi,Delhi,09-01-2018,359,230.548,17,355.262,12,63.6965,17,22.8986,7,58.3413,8,2.06538,13,45.3692,12,21.2,6.1,0,16.6,274.5,176.6,12.6,21.2,6.1,12.6,7.1,72.2,0,0,0,0,26.3,1018.8,0,1.4,15.3,7
Delhi,Delhi,10-01-2018,352,194.45,17,295.535,12,56.35,17,20.1229,7,46.2538,8,1.45538,13,43.8833,12,22.8,7,0,23,269.7,177.9,13.8,22.8,5.2,13.4,7.1,68.1,0,0,0,0,34.9,1018.4,0,1.6,15.4,7
Delhi,Delhi,11-01-2018,309,154.271,17,255.273,12,58.4176,17,19.6686,7,46.2625,8,1.98385,13,56.4592,12,22.3,7,0,22.2,270.7,177.1,13.8,22.3,5.6,13.4,6.9,66.7,0,0,0,0,36.4,1016.9,0,1.8,15.3,7
Delhi,Delhi,12-01-2018,298,175.057,17,300.104,12,59.1506,17,26.7914,7,59.0562,8,2.40231,13,48.1917,12,23,8,0,15,267.3,172.3,14.6,23,7.4,14.5,6.9,62.9,0,0,0,0,29.9,1015.8,20.9,1.9,14.9,7
Delhi,Delhi,13-01-2018,359,224.715,17,375.969,12,57.5,17,24.6271,7,75.6425,8,2.49308,13,46.9392,12,23,7.4,0,17.3,289.2,179.8,14.3,23,7.4,14.3,6.8,65.6,0,0,0,0,26.6,1016.1,1.1,1.8,15.6,7
Delhi,Delhi,14-01-2018,321,192.256,17,322.589,12,51.4012,16,23.6486,7,55.0886,7,2.44615,13,43.4967,12,23.7,7.5,0,16.6,267.1,180.7,14.3,23.7,7.4,14.2,6.2,62.6,0,0,0,0,28.8,1016,0,2,15.6,7
Delhi,Delhi,15-01-2018,331,174.189,17,313.479,12,53.2253,17,19.7086,7,52.985,8,1.66462,13,38.7392,12,22.9,7,0,22.4,279.7,183.1,13.9,22.9,6.4,13.8,7.7,70.1,0,0,0,0,33.5,1016.1,0,1.6,15.8,7
Delhi,Delhi,16-01-2018,255,150.525,17,249.735,12,44.6594,17,21.1986,7,41.98,8,1.88923,13,48.3867,12,24.2,8,0,14.8,275.3,185.8,15.2,24.2,6,14.8,6.1,58.7,0,0,0,0,27.4,1013.6,0,2.2,16.1,7
Delhi,Delhi,17-01-2018,353,230.274,17,362.937,12,44.8625,16,14.53,7,51.3886,7,1.99615,13,39.7883,12,22.1,7.6,0,14.8,113.4,178.6,14.4,22.1,7.6,14.2,8.4,70.8,0,0,0,0,27,1014.6,0,1.4,15.6,7
Delhi,Delhi,18-01-2018,400,278.242,17,433.093,12,49.8,16,23.3914,7,59.0157,7,2.46846,13,51.4758,12,26.6,9,0,13,272.3,178.9,16.7,26.6,9,16.7,10.8,73.2,0,0,0,0,18.4,1015.1,0,1.1,15.6,7
Delhi,Delhi,19-01-2018,406,253.036,17,402.9,12,48.3156,16,22.5686,7,67.47,7,1.96462,13,48.715,12,23.8,6,0,16.6,276.4,182.2,15.1,23.8,4.4,15.1,11,80,0,0,0,0,27.4,1016,4.9,0.8,15.6,7
Delhi,Delhi,20-01-2018,323,165.147,16,277.804,12,41.856,15,18.4614,7,64.3333,6,1.41769,13,36.6225,12,22.3,8,0,20.5,273.9,187.3,13.9,22.3,6.8,13.5,8.3,73.2,0,0,0,0,31.3,1015.1,14,1.2,16.2,7
Delhi,Delhi,21-01-2018,276,159.018,16,284.618,12,52.2607,15,23.0257,7,55.285,6,2.12615,13,57.6575,12,24.6,5,0,13,279.6,189.3,14.3,24.6,5,14.3,6.1,64.6,0,0,0,0,18,1014.4,0.2,2.4,16.3,7
Delhi,Delhi,22-01-2018,342,195.051,17,361.477,12,53.7006,17,23.24,7,57.465,8,2.37462,13,54.4617,12,24.6,7.5,0,11.2,134.7,188.6,15.4,24.6,7.5,15.4,8.1,66.5,0,0,0,0,16.6,1013,0,1.5,16.3,7
Delhi,Delhi,23-01-2018,324,158.269,17,246.643,12,43.2406,17,14.7657,7,46.1475,8,1.47385,13,31.005,12,17,10.5,3.463,18.4,103.5,99,13.5,17,10.5,13.5,10.6,83.2,100,8.33,0,0,37.1,1010.7,65.9,1.3,8.4,4
Delhi,Delhi,24-01-2018,270,133.221,17,202.327,12,37.4918,17,13.6114,7,44.93,8,1.56083,12,31.6825,12,17.5,9.8,0,14.8,268.7,140.9,12.6,17.5,9.1,12.5,10.7,89.1,0,0,0,0,19.1,1013.5,20.9,0.8,12.1,6
Delhi,Delhi,25-01-2018,243,107.813,17,167.891,12,52.59,17,7.38,7,39.8513,8,2.02692,13,24.2875,8,17.3,9,0,15.5,262.2,185.7,11.8,17.3,7.2,11.2,10.6,93.3,0,0,0,0,32.8,1013.1,41.5,0.5,16.2,7
Delhi,Delhi,26-01-2018,261,121.641,17,210.344,12,36.0165,17,8.24714,7,40.2925,8,1.90769,13,25.115,8,17.6,9,0,11.2,297.4,183.3,11.7,17.6,7.9,11.5,10,90.4,0,0,0,0,27.7,1013.7,38.3,0.5,15.9,7
Delhi,Delhi,27-01-2018,286,164.012,16,293.669,12,49.02,16,8.61571,7,46.8671,7,2.1,13,34.7111,9,19.6,8.9,0,9.8,298.6,191.7,12.6,19.6,7.6,12.3,9.1,82,0,0,0,0,24.5,1013.9,9.3,1,16.4,7
Delhi,Delhi,28-01-2018,300,148.053,16,253.153,12,45.6975,16,11.1643,7,46.1586,7,2.33308,13,31.1211,9,21.4,7,0,13,286.5,193.5,13,21.4,5.2,12.7,8.3,77.8,0,0,0,0,28.1,1014.6,26,1,16.7,7
Delhi,Delhi,29-01-2018,302,157.623,17,274.168,12,55.09,17,13.1286,7,41.445,8,2.56308,13,35.4556,9,23,7,0,14.8,289.9,195.1,13.8,23,7,13.7,8.3,74.8,0,0,0,0,28.8,1016.1,9.1,1.4,16.8,7
Delhi,Delhi,30-01-2018,270,122.174,17,217.216,12,44.7853,17,15.3643,7,38.1525,8,2.77077,13,39.1444,9,26.3,9,0,22.3,279.6,192.1,16.9,26.3,7.9,16.8,8.9,64.6,0,0,0,0,41.4,1015.5,8.2,2,16.6,7
Delhi,Delhi,31-01-2018,244,125.815,17,218.113,12,46.0229,17,12.6014,7,39.6425,8,3.42846,13,41.6633,9,24.5,10.6,0,31.6,270.4,186.5,16.9,24.5,10.6,16.9,10.7,71.1,0,0,0,0,40.3,1014.4,26.4,2,16.2,7
Delhi,Delhi,01-02-2018,274,158.305,31,329.924,27,76.5697,32,16.3768,22,45.7061,23,2.47286,28,42.777,10,27.1,11,0,13,279.4,195.2,18.4,26.9,11,18.4,10.2,62.9,0,0,0,0,27.4,1014.4,6.2,2.3,16.7,7
Delhi,Delhi,02-02-2018,293,135.561,31,280.989,27,54.9725,32,12.3673,22,52.1035,23,1.62214,28,28.1162,13,25.9,11,0,14.8,287.3,196.4,17.9,25.9,11,17.9,11.4,69.2,0,0,0,0,22,1012.7,2.5,2,17,7
Delhi,Delhi,03-02-2018,243,115.825,31,246.793,27,52.4632,31,14.5777,22,46.5845,22,1.95143,28,48.48,8,24.2,11,0,14.8,301,201.6,16.9,24.2,11,16.9,7.5,58.2,0,0,0,0,24.5,1015.2,11.5,2.4,17.4,7
Delhi,Delhi,04-02-2018,256,134.96,30,257.084,27,49.4345,31,13.3377,22,44.9582,22,1.68429,28,47.9937,8,23.4,8,0,18.4,287.2,206.7,15.1,23.4,7.4,15,6.2,60,0,0,0,0,27.4,1015.8,0,2.4,17.8,8
Delhi,Delhi,05-02-2018,291,163.66,31,313.705,27,65.4391,32,15.0473,22,45.1187,23,1.62714,28,58.3559,27,21.5,8,0,14.8,282.4,181.6,14.8,21.5,7.9,14.7,4.8,55.8,0,0,0,0,18.7,1017.9,46.4,1.7,15.5,7
Delhi,Delhi,06-02-2018,287,138.907,32,274.193,27,53.6316,32,15.1505,22,45.0304,23,1.39357,28,53.503,27,22.1,11,0,18.4,305.3,146.5,16.1,22.1,11,16.1,6,54.7,0,0,0,0,28.8,1017.9,76.7,2.2,12.6,6
Delhi,Delhi,07-02-2018,261,133.513,31,255.948,27,53.1578,32,15.0205,22,43.2965,23,1.75036,28,69.4285,27,23.6,7,0,20.4,278.6,215.1,15,23.6,5.2,14.8,5.5,58.1,0,0,0,0,29.2,1014.8,17.2,2.3,18.6,8
Delhi,Delhi,08-02-2018,308,182.54,32,344.984,27,71.9291,32,13.8877,22,47.613,23,2.075,28,60.9681,27,23,6.7,0,13,297.8,209.7,14.7,23,5.1,14.7,5.8,60.5,0,0,0,0,23,1013.9,15.2,2,18.2,8
Delhi,Delhi,09-02-2018,335,203.063,31,353.766,27,72.2794,32,14.345,22,49.223,23,2.35821,28,64.2215,27,24,8,0,14.8,292.2,213.6,15.4,24,7.4,15.3,6.3,60,0,0,0,0,25.9,1013.9,1.1,2,18.5,8
Delhi,Delhi,10-02-2018,341,205.345,32,381.988,27,97.2772,32,13.9555,22,48.1822,23,3.38929,28,65.9274,27,25,8,0,13,15.9,202.7,16.3,25,8,16.3,5.4,54.9,0,0,0,0,20.9,1016.1,20.9,2.2,17.6,7
Delhi,Delhi,11-02-2018,304,140.917,31,295.779,27,56.6709,32,14.4136,22,51.1848,23,2.01464,28,57.0204,27,25,10.2,0,70.4,130.6,142.1,18.1,25,10.2,18.1,6,49.2,0,0,0,0,24.1,1015.5,59.3,2.4,12.4,6
Delhi,Delhi,12-02-2018,178,70.8472,32,153.067,27,32.8584,32,8.97591,22,46.5117,23,1.11714,28,41.9152,27,21,13.8,0,18.4,114.1,120.1,16.5,21,13.8,16.5,11.1,71.6,0,0,0,0,37.8,1017.6,60,3,10.3,4
Delhi,Delhi,13-02-2018,191,105.905,31,174.559,27,45.8578,32,10.4727,22,50.8639,23,1.26929,28,48.4833,27,23.1,10.7,0,16.6,306.5,186.9,16.6,23.1,10.7,16.6,12,75.9,0,0,0,0,23,1022.1,6.4,2.9,16.1,7
Delhi,Delhi,14-02-2018,187,75.5871,31,150.167,27,34.3974,31,9.22636,22,40.7023,22,1.02786,28,54.1174,27,22.6,8,0,23.2,286.8,217,15.8,22.6,6.4,15.7,8.5,65.8,0,0,0,0,39.6,1022.1,10,2.6,18.8,8
Delhi,Delhi,15-02-2018,187,93.9075,32,173.675,27,38.2353,32,11.7755,22,43.8804,23,1.21821,28,59.3915,27,24,10,0,22.6,280.3,214.3,16.8,24,8.2,16.7,10.2,67.7,0,0,0,0,38.5,1019.8,22,2.5,18.6,8
Delhi,Delhi,16-02-2018,235,122.791,31,222.955,26,47.1769,32,13.0386,22,50.023,23,1.45107,28,53.3315,27,24.2,9,0,18.4,280.2,217.2,17.5,24.2,7.9,17.4,11.8,72.1,0,0,0,0,31.3,1018.2,0,2.3,18.8,8
Delhi,Delhi,17-02-2018,256,127.844,31,252.333,26,48.0919,32,15.3905,22,49.7961,23,1.53036,28,63.2715,27,26,12,0,18.4,278,216.4,18.4,26,12,18.4,11.7,68.5,0,0,0,0,33.8,1013.2,4.9,2.4,18.7,8
Delhi,Delhi,18-02-2018,257,127.469,32,246.157,27,51.2313,32,12.1914,22,44.8613,23,2.06036,28,69.1426,27,25.6,12,0,16.6,286.7,223.3,18.3,25.6,12,18.3,9.7,63.7,0,0,0,0,23.8,1012.3,4,2.4,19.3,8
Delhi,Delhi,19-02-2018,294,169,32,319.732,27,68.5956,32,15.8345,22,46.387,23,2.59571,28,69.4544,27,27,11,0,17.3,270.6,222,18.6,26.6,11,18.5,8.8,57.4,0,0,0,0,19.8,1013.8,30.3,2.7,19.2,8
Delhi,Delhi,20-02-2018,296,165.051,32,323.054,27,65.2106,32,14.2636,22,49.7222,23,2.61393,28,72.9363,27,28.1,11.8,0,16.6,286.3,226.4,19.7,27.1,11.8,19.5,10.3,59.3,0,0,0,0,23.4,1013.3,9.9,2.5,19.7,8
Delhi,Delhi,21-02-2018,308,169.232,32,353.387,27,94.5853,32,13.9005,22,51.4504,23,3.3237,27,68.3652,27,31.1,14.1,0,11.2,283,217.2,22.5,29.6,14.1,22.1,11.2,54.3,0,0,0,0,19.1,1011,20.7,2.8,18.7,8
Delhi,Delhi,22-02-2018,300,156.765,31,313.281,27,64.7016,32,15.9586,22,54.9961,23,2.07464,28,63.5978,27,31.6,15.3,0,14.8,306,224.4,22.9,30.2,15.3,22.6,13.6,60.8,0,0,0,0,18.4,1010.2,17.7,2.3,19.4,8
Delhi,Delhi,23-02-2018,302,163.693,30,342.379,27,72.8813,31,16.5927,22,59.8223,22,2.10071,28,60.5662,26,31,16.8,0,11.2,347.9,195.4,23.9,29.8,16.8,23.6,14.1,58.2,0,0,0,0,16.9,1010.3,31.5,2.6,17.1,7
Delhi,Delhi,24-02-2018,320,164.174,30,353.573,27,61.4432,31,15.3018,22,62.4564,22,1.58571,28,62.7407,27,31.2,18.2,0,14.8,112.1,209.3,24.7,32,18.2,24.7,15.2,57.3,0,0,0,0,31.7,1012.1,51.6,2.6,18.1,8
Delhi,Delhi,25-02-2018,266,99.8963,30,213.349,27,40.2781,31,14.2377,22,49.1545,22,1.19074,27,53.2878,27,28.1,18.5,0,18.4,305.1,228.6,23.1,27.9,18.5,23,14.5,60.3,0,0,0,0,27.7,1015.5,25.4,2.6,19.8,8
Delhi,Delhi,26-02-2018,156,65.5665,31,158.945,27,33.1906,31,9.82091,22,41.7827,22,0.980714,28,55.9944,27,27.6,14,0,23.5,283.7,237.1,20.8,27.4,14,20.8,13.4,65.6,0,0,0,0,38.9,1013.6,0.3,2.9,20.6,8
Delhi,Delhi,27-02-2018,160,88.2435,31,190.161,27,43.3197,31,11.1382,22,44.5982,22,1.63893,28,59.5048,27,30,15,0,22.4,281,225.4,22.5,29.7,15,22.5,14.8,63.9,0,0,0,0,30.2,1013,10.1,2.7,19.5,8
Delhi,Delhi,28-02-2018,272,139.979,31,283.577,27,50.4325,32,14.5409,22,52.7896,23,1.56107,28,59.1604,26,30.1,16.8,0,14.8,295,211.7,23.2,29.6,16.8,23.2,15.9,66.8,0,0,0,0,25.9,1013.1,23.2,2.4,18.4,8
Delhi,Delhi,01-03-2018,257,119.72,32,263.527,27,49.2762,32,15.1227,22,49.5465,23,1.64714,28,59.055,26,29.5,16.2,0,14.8,313,192.4,22.9,28.8,16.2,22.7,13.7,59.7,0,0,0,0,23.8,1011.5,33.4,2.5,16.5,7
Delhi,Delhi,02-03-2018,260,134.467,32,256.707,27,49.7031,32,11.8514,22,48.8961,23,2.39,28,58.6037,27,31,16.5,0,18.4,303.3,229.2,23.5,29.9,16.5,23.3,13.6,57.4,0,0,0,0,27.7,1009.9,12,2.7,19.8,8
Delhi,Delhi,03-03-2018,203,97.3284,32,211.445,27,40.4894,32,13.7282,22,44.2861,23,1.29714,28,47.5159,27,33,17,0,14.8,294.1,211,24.5,32.3,17,24.2,13.7,55.4,0,0,0,0,36,1007.7,26.5,2.8,18.3,8
Delhi,Delhi,04-03-2018,178,79.5547,32,185.051,27,37.7394,32,13.0914,22,39.1939,23,1.03179,28,47.93,27,29.9,18.3,0,22.3,300.7,217.5,23.1,28.9,18.3,22.9,12.7,55.1,0,0,0,0,33.5,1009.2,47.9,3,18.8,8
Delhi,Delhi,05-03-2018,172,74.9294,32,164.82,27,39.1466,32,13.0373,22,38.0843,23,1.02929,28,59.1137,27,28.7,15,0,22.3,291,244.5,21.9,27.5,15,21.7,12.1,58,0,0,0,0,29.2,1013,3.9,3,21.2,8
Delhi,Delhi,06-03-2018,167,74.6922,32,167.21,27,38.0647,32,13.4091,22,34.99,23,1.19643,28,59.7115,27,29,14,0,28.2,277.3,249.5,21,27.7,14,20.8,11.6,58.8,0,0,0,0,38.9,1013.9,8.8,2.8,21.5,9
Delhi,Delhi,07-03-2018,185,88.2716,32,187.662,27,45.6906,32,13.5164,22,36.3743,23,1.60071,28,66.1344,27,29.5,14,0,22.3,282.3,256.3,21.6,28,14,21.4,11.3,56.1,0,0,0,0,34.6,1012.8,0.4,2.9,22.2,9
Delhi,Delhi,08-03-2018,245,137.903,32,293.653,27,75.1569,32,17.2668,22,43.9057,23,2.41714,28,82.7937,27,32,15,0,13.7,262.3,252.2,23.5,30.3,15,23,11.8,52.6,0,0,0,0,15.1,1013.6,2.6,2.9,21.7,9
Delhi,Delhi,09-03-2018,280,128.657,32,271.97,27,61.7309,32,18.9309,22,45.8991,23,2.34429,28,70.4993,27,32,16.1,0,16.6,307.3,249.1,24.3,30.1,16.1,23.8,12.6,52.9,0,0,0,0,27.4,1013.7,0,3.2,21.4,9
Delhi,Delhi,10-03-2018,170,74.2116,32,171.206,27,38.9234,32,15.1827,22,39.0087,23,0.971071,28,59.9263,27,32,15,0,21.4,288,256.4,24.1,30.2,15,23.6,12,52,0,0,0,0,32.8,1012.7,6.1,3.4,22.3,9
Delhi,Delhi,11-03-2018,170,91.6503,32,193.641,27,42.8734,32,16.0586,22,39.987,23,1.54357,28,68.4393,27,32,16,0,16.6,276.3,259,23.9,30.6,16,23.5,13.1,55.6,0,0,0,0,27,1011.9,0,2.8,22.4,9
Delhi,Delhi,12-03-2018,214,102.275,31,224.561,26,44.6887,31,17.861,21,42.4964,22,1.30074,27,67.6746,26,34.2,17,0,20.5,277.2,259.2,25,32.3,17,24.5,12.4,51.2,0,0,0,0,28.4,1011.6,0,3.1,22.4,9
Delhi,Delhi,13-03-2018,217,110.076,31,259.224,26,56.8639,31,17.811,21,42.2073,22,2.39111,27,69.2827,26,36.1,16,0,18.4,260.9,261.6,26.5,33.8,16,25.7,11,45.8,0,0,0,0,25.2,1010,0,3.2,22.6,9
Delhi,Delhi,14-03-2018,267,111.532,32,337.224,27,64.1653,32,17.4477,22,40.7296,23,2.04963,27,56.107,27,34,19.4,0,14.8,245.2,261.6,26.7,32.1,19.4,25.9,9.3,36.4,0,0,0,0,19.1,1008.1,12.3,3.7,22.5,9
Delhi,Delhi,15-03-2018,297,105.563,31,318.101,27,45.7391,32,16.0582,22,43.267,23,1.54643,28,38.4856,27,32,19,0,25,294.6,236.9,25.6,30.5,19,25.2,11.8,44.5,0,0,0,0,33.5,1008.4,25.5,3.2,20.6,8
Delhi,Delhi,16-03-2018,256,109.132,32,257.832,27,41.7022,32,16.8795,22,41.7987,23,1.24286,28,60.1052,27,31.1,18,0,18.4,299.8,255.6,24.6,30,18,24.3,12.6,50.6,0,0,0,0,29.9,1009.7,29.1,3,22.2,9
Delhi,Delhi,17-03-2018,186,99.5316,31,215.025,26,36.2894,31,18.3995,21,38.2455,22,1.24778,9,58.8146,26,31,16,0,24.1,293.1,273.4,23.6,29.3,16,23.2,9.7,45.3,0,0,0,0,34.9,1011,0,3.7,23.6,9
Delhi,Delhi,18-03-2018,169,70.7672,29,165.166,24,31.846,30,13.7755,20,27.6319,21,1.27778,9,84.6932,25,32,15.5,0,20.5,292.7,277.1,24.3,29.8,15.5,23.7,9,42.3,0,0,0,0,33.5,1012.2,1.7,3.6,24,9
Delhi,Delhi,19-03-2018,173,79.9741,29,199.457,24,43.8397,29,16.8105,20,37.9919,21,1.29615,26,69.4096,25,34.3,16.8,0,16.6,274.7,259.5,25.7,32.1,16.8,25,10.2,41.9,0,0,0,0,31.3,1013.6,19.4,3.1,22.4,9
Delhi,Delhi,20-03-2018,217,112.991,32,271.651,27,61.1572,32,21.1614,22,44.34,23,1.89321,28,82.2812,26,35.1,18,0,14.8,270.5,256.3,26.9,33.1,18,26.1,10.9,42,0,0,0,0,24.8,1010.6,18.9,3.1,22.1,9
Delhi,Delhi,21-03-2018,289,126.506,32,273.682,27,41.6722,32,24.0468,22,49.7422,23,1.5575,28,77.0341,27,32.6,22.3,0,22.3,305.4,217.8,26.5,31.5,22.3,26.2,14,48.4,0,0,0,0,34.6,1008.3,49.5,3.3,18.7,8
Delhi,Delhi,22-03-2018,186,81.0822,32,178.067,26,33.4547,32,17.2264,22,42.4822,23,0.985714,28,69.0378,27,31,17,0,22.3,299.3,235.3,24.5,29.8,17,24.3,14.8,57.6,0,0,0,0,23,1009.3,26.9,3,20.3,9
Delhi,Delhi,23-03-2018,151,65.6222,32,158.017,26,35.5894,32,12.9123,22,35.033,23,1.11929,28,73.1581,27,30,17,0,17.3,284.4,262,24,29,17,23.8,13.5,54.2,0,0,0,0,28.8,1010.6,6.6,2.9,22.5,8
Delhi,Delhi,24-03-2018,175,77.2122,32,188.903,26,36.8244,32,14.9677,22,35.7809,23,0.934286,28,76.5959,27,33,18,0,38.7,284.5,278.4,25.4,31.7,18,25,13.3,50.2,0,0,0,0,31,1013,0,3.2,24.2,9
Delhi,Delhi,25-03-2018,195,82.1822,32,194.928,26,34.9866,32,15.7214,22,36.7026,23,0.943077,26,81.9837,27,33,18,0,22,279.7,281.8,25.6,31.3,18,25.2,13.2,50.1,0,0,0,0,37.1,1014.2,0,2.9,24.2,9
Delhi,Delhi,26-03-2018,183,86.5581,32,205.572,26,42.4072,32,16.6664,22,36.6061,23,1.36857,28,80.8459,27,34.1,18,0,22.3,283.9,284.7,26.5,32.3,18,25.9,12.4,45.7,0,0,0,0,38.2,1012.6,0,3,24.3,9
Delhi,Delhi,27-03-2018,230,111.259,32,268.839,26,60.9694,32,18.6473,22,38.0565,23,2.1625,28,78.8585,27,38,18.5,0,16.9,295.9,288.7,28.1,35.3,18.5,27.1,9.7,37,0,0,0,0,33.5,1009.1,0,3.4,25.3,9
Delhi,Delhi,28-03-2018,255,111.292,32,281.401,27,64.135,32,16.4309,22,37.9535,23,2.78,28,72.0867,27,39,18.9,0,22.3,285.5,286.5,29.3,36.6,18.9,28.2,9.7,34.7,0,0,0,0,23.4,1008.3,0,3.1,24.8,9
Delhi,Delhi,29-03-2018,213,92.9923,31,224.193,27,42.2771,31,17.4314,22,37.0509,22,1.22857,28,90.03,28,37,19,0,24.1,290.5,288.3,28.6,34.7,19,27.7,11.4,38.6,0,0,0,0,37.4,1007.7,4.9,3.3,25.1,9
Delhi,Delhi,30-03-2018,218,99.3684,32,255.286,27,47.2341,32,17.0859,22,37.2522,23,1.50654,26,81.165,28,37,22.1,0,22.7,276.4,293.9,28.8,34.4,22.1,27.9,11,37.1,0,0,0,0,33.5,1005.4,5.5,3.7,25.3,10
Delhi,Delhi,31-03-2018,256,96.4593,30,297.749,25,43.9247,30,16.2035,20,42.1295,21,1.23154,26,94.4928,25,33.1,21,0,18.4,89.5,286.6,26.8,32.6,21,26.6,13.8,46.2,0,0,0,0,29.5,1007.8,0,3.4,24.6,9
Delhi,Delhi,01-04-2018,195,74.3819,31,207.917,27,38.2326,31,13.0386,22,37.3113,23,1.10179,28,96.0992,25,35,22.6,0,14.8,107.8,287.5,28.4,35.6,22.6,28.4,14.8,44.8,0,0,0,0,33.1,1009.5,0,3.4,24.9,9
Delhi,Delhi,02-04-2018,219,95.3388,32,247.783,27,48.5234,32,17.1532,22,43.4861,23,1.33857,28,100.026,27,37,22.6,0,16.6,109.4,283.2,29.3,36.9,22.6,29.1,15,44.3,0,0,0,0,29.5,1009.7,5.2,3.6,24.4,9
Delhi,Delhi,03-04-2018,207,100.275,32,259.89,27,52.5122,32,17.64,22,45.7161,23,1.35192,26,97.6993,28,40,22.7,0,18.4,121.3,275.7,31.2,41.5,22.7,31.5,15.8,41.8,0,0,0,0,23,1008.4,27,3.5,23.7,9
Delhi,Delhi,04-04-2018,203,117.691,32,279.167,27,52.5147,32,16.2609,23,50.0413,23,2.08714,28,99.7489,28,40,24,0,16.6,60.4,276.2,32,39.8,24,31.9,15.5,40.3,0,0,0,0,28.8,1005.9,1.1,3.2,23.8,9
Delhi,Delhi,05-04-2018,290,144.998,32,335.869,27,56.8681,32,19.513,23,53.3017,23,2.40593,27,77.9629,28,39,24.6,0,16.6,315.2,285.6,31.7,39.8,24.6,31.6,15.4,40.3,0,0,0,0,22.3,1004.8,16.2,3.1,24.4,9
Delhi,Delhi,06-04-2018,208,93.2941,32,220.677,27,42.7319,32,19.0174,23,42.8052,23,1.68207,29,83.0661,28,37,21.2,5,27.7,89.3,256,29.3,35.8,21.2,28.8,14.2,43.4,100,8.33,0,0,64.8,1006.9,65.8,3.2,22,9
Delhi,Delhi,07-04-2018,143,49.6816,32,140.452,27,36.6138,32,11.13,23,42.2348,23,1.25828,29,74.137,27,35,20.4,0,20.5,106.4,242.6,28.2,35.9,20.4,28.4,16.1,49.6,0,0,0,0,35.3,1008.9,20.7,4.1,21,9
Delhi,Delhi,08-04-2018,141,49.5487,31,141.854,27,33.8213,31,10.9765,23,44.1764,22,1.08276,29,76.6593,27,36,23.7,0,203.8,101.2,260.9,29.5,36.8,23.7,29.9,16.8,48,0,0,0,0,33.5,1009.4,1.3,3.5,22.5,9
Delhi,Delhi,09-04-2018,120,60.7606,31,135.904,27,41.3553,30,10.9552,23,44.3955,22,2.01897,29,47.8589,27,30.5,20.6,2.612,22.3,82.1,241.9,26.1,31.4,20.6,26.3,17.3,59.8,100,8.33,0,0,37.1,1010.8,40.3,3.7,20.7,9
Delhi,Delhi,10-04-2018,230,95.6048,31,249.082,27,42.8541,32,11.8767,24,48.6057,23,2.02036,28,75.1072,29,35.1,21.5,0,19.3,107.3,268,28.4,35.1,21.5,28.4,17.1,54.1,0,0,0,0,27.7,1008.8,43.4,3.2,23.1,9
Delhi,Delhi,11-04-2018,141,48.2103,30,127.135,27,35.3968,31,11.7232,22,38.5705,22,1.11107,28,60.3265,26,33,24,0,22.3,64,252.9,26.8,33.7,24,27,16.4,53.7,0,0,0,0,44.6,1008.5,72.6,3.8,22,9
Delhi,Delhi,12-04-2018,99,50.3977,31,122.149,27,42.0865,31,11.4145,22,34.5577,22,2.02862,29,73.4174,27,33,19.6,5.149,27.7,295,269,27.1,32.4,19.6,26.9,14.8,49.2,100,4.17,0,0,46.4,1008.4,36.6,3.7,23.2,9
Delhi,Delhi,13-04-2018,188,85.4853,30,201.965,27,57.2439,31,13.0109,23,36.5277,22,2.61793,29,78.1571,28,37,19.7,0,16.6,304.7,307.7,28.9,34.2,19.7,27.7,8.2,32.8,0,0,0,0,25.9,1009.1,8.7,3.3,26.6,10
Delhi,Delhi,14-04-2018,217,93.8771,31,237.708,27,60.9777,31,16.9992,24,40.2826,23,2.78704,27,79.7959,27,37,19.6,0,18.4,303.5,299.2,29.3,34.7,19.6,28.1,8.3,30,0,0,0,0,29.9,1008,14.9,3.3,25.7,10
Delhi,Delhi,15-04-2018,224,109.626,30,255.25,26,69.9857,30,17.9213,23,40.2195,22,3.04704,27,85.9977,26,39,21.6,0,13,292.6,286.7,31.3,37.4,21.6,30.4,11.7,32.9,0,0,0,0,27.4,1007.2,22.2,3.2,24.9,10
Delhi,Delhi,16-04-2018,285,109.868,30,330.362,26,72.8997,30,20.6243,23,46.7577,22,3.66,27,70.5419,26,39.5,23.7,0,17.8,90.8,267.5,32.1,39,23.7,31.7,13.6,34.3,0,0,0,0,33.5,1007.3,47.3,2.7,23.1,9
Delhi,Delhi,17-04-2018,244,81.0323,30,267.31,26,55.966,30,13.39,23,38.2732,22,2.26679,28,68.0908,26,41,24.7,0,22.3,340.7,280,32.6,40.1,24.7,31.5,11.4,29.8,0,0,0,0,33.5,1008.7,30.3,3.4,24.3,9
Delhi,Delhi,18-04-2018,228,72.6403,31,266.933,27,41.1852,31,13.0013,24,33.5017,23,1.12107,28,66.6604,28,39,24,0,29.5,291.8,310.1,32.3,37.7,24,31,10,27.1,0,0,0,0,46.8,1008,1.1,3.7,26.9,10
Delhi,Delhi,19-04-2018,244,88.729,31,289.833,27,52.8584,31,16.815,24,35.5287,23,1.46214,28,89.4386,28,41,24.1,0,20.6,291.2,296.1,32.8,40.1,24.1,31.6,10.4,27.2,0,0,0,0,33.5,1004.6,9.6,3.6,25.5,9
Delhi,Delhi,20-04-2018,246,98.9732,31,385.615,27,42.0832,31,15.3208,24,36.37,23,1.13036,28,62.1036,28,40,26.1,0,29.7,217.3,280.8,33,37.7,26.1,31.5,8.7,24.1,0,0,0,0,44.6,1003.5,47.8,3.3,24.3,9
Delhi,Delhi,21-04-2018,356,113.827,31,465.406,27,31.6267,30,12.3,24,32.0441,22,1.035,28,71.8104,28,34.1,24,0,20.5,294,317.3,29.6,32,24,28.3,8.2,29.5,0,0,0,0,32,1008.3,24.1,2.8,27.5,10
Delhi,Delhi,22-04-2018,211,61.74,30,212.798,27,32.387,30,16.9671,24,29.0091,22,1.09821,28,88.9679,28,35,22,0,27.8,292,325.3,29.1,32.4,22,27.8,5.4,24.4,0,0,0,0,40.7,1009.3,0,3.3,28.1,10
Delhi,Delhi,23-04-2018,160,80.0445,31,228.929,27,41.4163,30,13.9746,24,27.5095,22,1.465,28,97.0964,28,38,21,0,18.4,290.8,322.3,30,35.2,21,28.6,4.5,21.3,0,0,0,0,36,1008.2,0,3.5,27.8,10
Delhi,Delhi,24-04-2018,254,108.739,30,282.944,25,61.2717,29,17.097,23,31.9057,21,2.27857,28,101.305,27,40,21.7,0,19.3,289.2,321.5,31.4,37.3,21.7,30,6.6,23.1,0,0,0,0,33.5,1006.9,0,3.3,27.8,10
Delhi,Delhi,25-04-2018,266,117.026,29,327.531,25,83.5367,30,14.8958,24,33.3373,22,2.82621,29,83.5018,28,42,22.2,0,18.4,272.3,316.2,33.2,38.5,22.2,31.4,5.5,21.5,0,0,0,0,33.5,1004.1,3.2,3.3,27.3,10
Delhi,Delhi,26-04-2018,313,147.833,30,408.536,26,74.1694,31,18.3154,24,41.0478,23,2.81448,29,88.9414,28,43,27.4,0,14.8,303,320.2,34.7,39.6,26.8,32.9,7.9,21.3,0,0,0,0,19.4,1002.4,14.6,3.1,27.7,10
Delhi,Delhi,27-04-2018,310,102.006,30,327.265,28,45.0571,31,12.234,25,51.0678,23,1.701,30,76.9966,29,39,28,0,20.5,99.7,295.8,33.2,42.3,28.3,34.1,17,39.3,0,0,0,0,43.9,1005.6,3.9,3.6,25.7,10
Delhi,Delhi,28-04-2018,301,83.3448,31,324.651,27,35.3545,31,12.3888,25,44.7278,23,1.47533,30,85.8659,29,40,28.2,0,24.3,105.1,303.1,33.7,42.7,29.9,35.2,18.3,41.3,0,0,0,0,38.9,1005.1,35.6,2.7,26.2,10
Delhi,Delhi,29-04-2018,248,87.6314,29,259.773,26,43.4743,30,15.5388,24,47.5927,22,1.45345,29,90.8882,28,39.9,25.6,1.299,11.9,107.2,298.8,32.5,41.6,25.6,34.3,19.3,48.1,100,4.17,0,0,28.8,1002.2,36.8,2.3,25.8,9
Delhi,Delhi,30-04-2018,209,80.4352,31,220.539,27,43.7916,31,11.66,24,49.5673,22,1.41607,28,82.2438,29,40,25.4,0,22.3,105.2,287.2,32.1,41.7,25.4,32.9,18.3,48.1,0,0,0,0,38.5,1000.5,29.6,3.1,24.7,10
Delhi,Delhi,01-05-2018,177,55.9232,31,168.208,27,32.6187,31,8.41261,23,43.5541,22,1.13448,29,71.3766,29,36.7,27,0,24.1,104.5,304.8,31.6,40.3,28.2,33.7,19.8,50.6,0,0,0,0,43.6,1004,24.6,3.8,26.3,10
Delhi,Delhi,02-05-2018,153,68.6903,32,177.754,28,32.4422,32,7.5725,24,36.9022,23,1.155,30,85.2214,29,38,21.1,11.506,28.3,100.1,293.8,30.4,41.4,21.1,32.2,19.5,53.8,100,4.17,0,0,55.4,1005.7,45.1,2.9,25.2,10
Delhi,Delhi,03-05-2018,160,48.6897,31,157.624,27,31.0294,31,10.0884,25,37.5713,23,1.10103,29,60.7746,28,35,25,0,22.3,107.4,287.7,29.4,36.1,25,29.9,17.2,48.9,0,0,0,0,45,1006.1,62.5,3,25,9
Delhi,Delhi,04-05-2018,139,50.2916,32,129.45,28,31.4203,32,10.1975,24,38.8743,23,1.68867,30,74.5593,29,37,23.6,4.298,20.5,93.9,298.3,31,39.6,23.6,32.5,19.3,51.8,100,4.17,0,0,40.3,1006.5,20.7,3.6,25.8,9
Delhi,Delhi,05-05-2018,173,76.9478,32,209.142,28,49.3397,32,11.8596,25,44.5696,23,3.02967,30,95.4917,29,40,26.6,0.3,13,65.7,304.8,33.5,40.3,26.6,34.4,17.5,41.5,100,4.17,0,0,23.8,1005.6,13.4,3.9,26.3,9
Delhi,Delhi,06-05-2018,269,104.233,32,283.614,28,51.0831,32,14.2952,25,44.7909,23,3.41517,29,72.8979,29,37,26.7,0,24.5,20.7,297.8,32.4,36.2,26.7,32.3,15.1,37.3,0,0,0,0,46.4,1006.2,28.8,3.3,25.7,10
Delhi,Delhi,07-05-2018,211,115.159,32,319.403,28,54.1825,32,16.0688,25,45.2878,23,2.78667,30,91.6666,29,40.3,24.9,0,37.1,311,302.2,33.2,40.6,24.9,32.8,14,33.7,0,0,0,0,55.4,1004.5,16.2,3.4,26.1,10
Delhi,Delhi,08-05-2018,208,58.3641,32,154.036,28,27.8666,32,6.9372,25,26.8891,23,1.735,30,76.8534,29,35,25,0,27.7,311.8,283,29.9,34.2,25,29.5,13.9,38.7,0,0,0,0,46.4,1005.2,67.4,3.5,24.4,9
Delhi,Delhi,09-05-2018,163,72.8628,32,185.062,28,46.8175,32,11.9956,25,44.9426,23,2.09552,29,86.2893,29,35.5,23.3,1.129,37.1,338.6,300.6,28.7,36.5,23.3,28.9,15.6,46.6,100,4.17,0,0,55.4,1007,42.3,3.6,26,10
Delhi,Delhi,10-05-2018,190,93.5516,32,227.928,28,52.3019,32,11.9925,24,54.45,23,3.19034,29,86.9111,27,40,22.6,0,14.8,298.4,317.7,31.8,39.5,22.6,31.6,15.7,42.5,0,0,0,0,29.5,1007.6,0,3.3,27.4,9
Delhi,Delhi,11-05-2018,256,134.65,31,322.097,28,68.4587,32,16.3546,24,53.7209,23,3.34276,29,95.22,27,43,25.3,0,18.4,300.4,319.4,34.6,41.8,25.3,34.4,14.5,33.7,0,0,0,0,33.5,1004.5,1.1,2.9,27.6,10
Delhi,Delhi,12-05-2018,304,143.209,29,356.018,27,71.1758,31,17.0371,24,66.865,22,3.59724,29,84.8889,27,41.5,28.5,0.597,46.4,113,298.4,35.3,47.3,29.9,37.2,18.2,38.3,100,4.17,0,0,64.8,1003.7,29.1,3,25.8,9
Delhi,Delhi,13-05-2018,215,74.1138,29,227.31,27,30.912,30,11.2508,24,56.8891,22,2.3012,25,84.6844,27,40,25,6.924,30.2,64.9,276.2,32.3,47.4,25,35.1,19.6,48.7,100,8.33,0,0,55.4,1004.1,41.2,3.1,23.9,9
Delhi,Delhi,14-05-2018,130,51.129,30,143.326,27,40.162,30,11.4188,24,48.1495,22,2.38296,27,74.9944,27,36,23,0,16.6,111.5,307.8,29.9,38.1,23,30.6,17.3,48.5,0,0,0,0,27.7,1005.6,24.1,3.1,26.6,10
Delhi,Delhi,15-05-2018,164,66.6161,31,186.747,28,41.6845,31,11.7404,25,49.3257,23,2.17069,29,84.4093,28,37.1,26.8,0,18.4,95.4,303,32.1,41.7,27.9,34.5,19.8,49.3,0,0,0,0,26.3,1003.9,30.7,3.7,26.1,10
Delhi,Delhi,16-05-2018,190,76.1623,31,222.912,28,40.7897,30,9.0304,25,43.8278,23,1.35621,29,74.4104,28,41,25,0.17,37.1,314.6,316,34.6,40.6,25,34.6,15.1,33.9,100,4.17,0,0,55.4,1002.9,45.3,3.8,27.3,10
Delhi,Delhi,17-05-2018,243,104.283,30,290.487,28,47.1742,31,13.566,25,46.4317,23,1.00517,29,99.2982,28,42,27.8,0,27.7,322.4,304.5,35.5,39.9,28.6,34.5,12.3,27,0,0,0,0,55.4,1003.1,44.7,3.3,26.3,10
Delhi,Delhi,18-05-2018,225,98.141,31,250.936,28,54.7554,28,14.2588,25,54.561,21,1.41138,29,88.1089,28,40,27.9,0,16.6,21,289,34.6,39.1,28.5,34.3,14.2,31.1,0,0,0,0,25.9,1003,36.8,3,24.8,9
Delhi,Delhi,19-05-2018,242,100.465,31,283.853,28,64.0945,29,12.3008,25,57.1705,22,1.9075,28,82.8521,28,42,27.7,0,18.4,217.9,292.4,34.4,41.6,29.8,34.7,16,35.8,0,0,0,0,51.8,1002.8,49.5,2.6,25.3,9
Delhi,Delhi,20-05-2018,199,84.3413,30,234.252,27,45.325,28,12.912,25,44.3695,22,1.50577,26,88.0641,27,42,28.7,0,16.6,334.4,305.4,34.8,39,28.6,33.6,10.9,26.4,0,0,0,0,27.7,1004,30.2,3.4,26.4,9
Delhi,Delhi,21-05-2018,183,68.775,30,212.849,27,42.5569,29,12.7948,25,41.1,22,0.982857,28,93.0444,27,43,27.3,0,18.4,345.5,329.6,36.3,40,26.8,34.1,6.3,17.4,0,0,0,0,33.5,1004.2,0,3.7,28.5,10
Delhi,Delhi,22-05-2018,212,93.649,31,255.013,28,62.9379,29,16.0748,25,41.9005,22,2.28821,28,95.8132,28,45,27.7,0,18.4,348.3,326.8,37.2,45,27.2,35.7,8.4,19,0,0,0,0,30.6,1003.4,0.2,3.3,28.3,10
Delhi,Delhi,23-05-2018,301,124.296,30,320.383,27,72.8136,28,16.9283,24,46.3465,20,2.01393,28,87.4904,27,44,28.1,0,14.8,51.6,287.3,36.8,44,28.5,36.2,12.7,26.2,0,0,0,0,31.3,1002,21.2,3.1,24.8,10
Delhi,Delhi,24-05-2018,252,111.135,31,295.227,28,57.9529,28,18.0632,25,49.5324,21,1.76481,27,82.2241,27,44,28.3,0,14.8,348.2,313.3,36.4,44,28,35.5,10.6,23,0,0,0,0,25.9,1001.3,21.2,3.4,27.1,10
Delhi,Delhi,25-05-2018,251,82.4169,29,246.412,26,63.4556,27,13.1625,24,35.0165,20,1.52929,28,92.3335,26,45,25.7,0,22.2,298.9,334.6,36.5,45,25.7,34.9,6.3,18.4,0,0,0,0,31.7,1001.7,8.7,3.7,29,10
Delhi,Delhi,26-05-2018,235,100.417,30,263.201,27,65.1667,27,15.0724,25,35.0171,21,1.8531,29,95.9785,27,46,26.1,0,16.9,272.1,334.3,37,46,26.1,35.7,7.2,18.8,0,0,0,0,25.2,1000.6,7.1,2.9,29,10
Delhi,Delhi,27-05-2018,277,95.959,29,317.598,25,57.1833,27,11.9992,24,34.6786,21,1.32107,28,84.5485,26,45,28.4,0,22.6,252.2,331.7,37.9,45,28,36.4,5.5,16.1,0,0,0,0,40.7,999.8,0,3.6,28.7,10
Delhi,Delhi,28-05-2018,275,117.965,31,290.9,28,56.4624,29,14.9112,25,46.2768,22,2.14357,28,84.8081,27,43,28.4,0,14.8,50.2,310.7,36.6,42.3,29.4,35.9,12.9,26.6,0,0,0,0,20.2,998.3,1.1,3.3,27,9
Delhi,Delhi,29-05-2018,285,106.955,31,320.417,28,56.2703,29,11.6792,25,53.5559,22,2.05107,28,87.2554,28,46,28.3,0,22.3,105.9,312.3,37,46,28.9,38.3,15.2,31.1,0,0,0,0,44.6,997.2,9.7,3.4,27.1,10
Delhi,Delhi,30-05-2018,281,64.6758,31,292.862,28,33.0883,29,9.0764,25,53.2032,22,0.988333,30,66.9597,29,42,30,0,20.8,130.7,291.3,34.9,47,31.4,38,19.9,42.6,0,0,0,0,42.5,999.1,54.3,2.8,25.2,9
Delhi,Delhi,31-05-2018,208,71.389,31,237.597,28,44.5807,29,9.998,25,58.6157,23,1.033,30,73.03,29,43,29,0,18.4,128.1,291.7,36.3,46,30.3,38.6,18.6,37.8,0,0,0,0,31.7,1001,10.7,3.3,25.2,9
Delhi,Delhi,01-06-2018,198,77.1952,31,220.334,28,30.2567,30,8.6292,25,50.8413,23,0.778333,30,69.35,29,41.2,28,0,31.7,96,304.1,35.2,50,29.2,39.3,21.1,45.7,0,0,0,0,64.8,1002,13.4,3.3,26.4,10
Delhi,Delhi,02-06-2018,173,53.3966,29,151.503,27,30.6375,28,9.16304,23,43.7523,22,0.931786,28,73.4459,27,38,27.1,0,19.5,109.1,313.3,32.4,43.3,28.1,34.4,18.9,45.9,0,0,0,0,43.9,1002.8,21.4,3.4,27.2,9
Delhi,Delhi,03-06-2018,174,60.8893,30,146.161,28,32.5803,29,8.47708,24,45.4604,23,0.943448,29,67.3693,28,41,28,0,20.5,91.3,291.9,34,48.3,30.1,38.7,22.2,51.5,0,0,0,0,33.5,1000.5,5.7,3.6,25.3,9
Delhi,Delhi,04-06-2018,183,60.631,31,179.763,28,30.3906,31,7.8052,25,47.8148,23,0.874,30,66.3759,29,42,31.2,0,22.3,112.9,276.5,36.2,50,34.9,41.5,22.3,45.8,0,0,0,0,33.5,999.4,15.4,3.5,24,8
Delhi,Delhi,05-06-2018,169,60.651,30,154.393,27,26.8757,30,7.4868,25,43.2491,22,0.846,30,56.99,29,41,31.9,0,22.3,102.6,266.6,36.5,50.2,36.8,42.2,22.6,45.9,0,0,0,0,35.3,1001.8,11.2,3.2,23.2,8
Delhi,Delhi,06-06-2018,136,58.0148,29,163.433,26,33.879,29,9.26583,24,39.5982,22,1.09241,29,55.3254,28,37,29,0,22.3,74.4,251.2,33.6,46.9,32.7,40.2,23.9,57.4,0,0,0,0,37.1,1003.6,52.3,3.3,21.9,9
Delhi,Delhi,07-06-2018,164,77.089,29,172.584,26,36.9903,29,9.86,25,44.647,23,1.18214,28,76.4537,27,42,29.9,0,14.8,100.1,290.4,36.1,50,35.4,43,23.8,51.2,0,0,0,0,23.4,999.3,18.9,2.9,25,9
Delhi,Delhi,08-06-2018,179,74.3069,29,197.447,26,29.5741,29,7.4912,25,45.9739,23,0.974483,29,65.1086,28,41,32.5,0,20.5,117.3,263.9,36.2,49.7,39.3,43.9,24.2,50.8,0,0,0,0,40.7,996.1,36.6,2.9,22.9,9
Delhi,Delhi,09-06-2018,127,52.186,30,133.855,27,27.0257,30,6.4004,25,39.7974,23,1.111,30,56.8686,28,38.9,25.1,8.285,33.6,116.5,232.8,32.3,47.3,25.1,38.6,24.9,67.1,100,8.33,0,0,37.1,995.8,56.8,2.8,20.2,7
Delhi,Delhi,10-06-2018,158,67.9897,31,152.884,28,34.8113,30,7.274,25,47.7678,23,1.07967,30,66.7032,28,38,26.1,0.299,16.6,265.1,255.5,32.4,44.5,26.1,37.6,23.6,61.9,100,4.17,0,0,28.1,996.4,44.2,2.8,22.1,9
Delhi,Delhi,11-06-2018,183,72.5919,31,224.287,28,34.4483,29,7.0324,25,48.15,23,0.978333,30,59.2355,29,40.6,30,0,22.3,281.1,302.8,35.3,48.6,35.1,41.1,23.1,51.7,0,0,0,0,33.8,994.2,16.7,2.9,26.4,9
Delhi,Delhi,12-06-2018,296,148.496,30,467.09,28,30.2733,30,8.5964,25,39.7226,23,1.074,30,44.9503,29,41.1,30.8,0,25.2,268.4,299.9,36.7,50.5,33.7,42.9,22.9,45.9,0,0,0,0,33.5,991.7,0,2.5,26,9
Delhi,Delhi,13-06-2018,445,266.806,30,757.829,28,25.5684,31,6.9564,25,31.897,23,0.828333,30,31.3493,29,41.2,34.6,0,30.8,266.1,311.9,38.2,48.4,38.5,43.1,21.4,38.8,0,0,0,0,46.4,991.9,17.4,1.7,27.1,9
Delhi,Delhi,14-06-2018,431,207.401,30,773.381,28,25.7353,30,7.2788,25,27.5657,23,0.816667,30,34.9817,29,42,34,0,24.2,260,312.9,37.6,47.4,35.7,40.5,19.4,35.2,0,0,0,0,37.1,994,11.5,1.8,27.1,9
Delhi,Delhi,15-06-2018,447,150.741,30,572.213,28,25.3577,30,7.4912,25,25.8617,23,0.927,30,39.2066,29,40.1,32.9,0,25.9,255.9,310,36.8,45.9,34.6,39.6,19.5,37,0,0,0,0,44.6,996.1,0,2.3,27,9
Delhi,Delhi,16-06-2018,369,125.856,30,522.966,28,24.4417,30,7.856,25,28.04,23,0.814333,30,32.9845,29,39.5,33,0,28.4,251.2,266.6,35.8,46.3,35.7,40.3,21.5,44.4,0,0,0,0,38.2,998.4,41.7,2.7,23.2,9
Delhi,Delhi,17-06-2018,289,80.1152,31,280.36,28,21.9334,29,6.432,25,27.3732,22,0.718,30,44.2952,29,37,28,0,20.5,24.6,244.4,32.6,41.2,30.1,36.7,22.1,55,0,0,0,0,41,999.8,44.2,2.7,21.1,9
Delhi,Delhi,18-06-2018,171,60.5113,31,167.365,28,25.1997,31,7.9144,25,32.6091,23,0.791667,30,55.4945,29,37,28.7,0,24.1,295.7,263.4,32.6,41.2,31.3,35.6,20.9,51.5,0,0,0,0,33.5,999.8,45.4,3.1,22.8,9
Delhi,Delhi,19-06-2018,121,53.3484,31,157.729,28,27.2668,31,6.6968,25,31.1987,23,0.680667,30,73.1717,29,40,26.8,0,22.3,304.5,297,33.6,44.4,28.8,36.4,20.3,48.4,0,0,0,0,36.4,999.8,11.6,3.3,25.7,9
Delhi,Delhi,20-06-2018,177,65.6019,31,205.475,28,33.1819,31,9.9908,25,36.1504,23,0.882667,30,77.6997,29,42,30.4,0,18.4,326.9,295.4,36.1,48.2,33,39.9,20.7,42.2,0,0,0,0,21.2,1000.3,41.6,3.4,25.3,9
Delhi,Delhi,21-06-2018,226,77.6361,31,284.359,28,34.6781,31,9.4444,25,38.8448,23,0.846667,30,90.2979,29,42,32.1,0,18.4,339,277.5,36.5,47.1,34.6,40.7,21.1,42.3,0,0,0,0,33.5,1000,58.2,2.7,23.7,9
Delhi,Delhi,22-06-2018,236,84.3953,30,252.682,28,44.8358,31,11.9492,25,44.8013,23,1.10433,30,94.9421,29,45,30.8,0,22.3,322.5,307,37.7,45.8,34.1,40.7,19.5,37.7,0,0,0,0,17.3,998.9,31.4,3.1,26.6,9
Delhi,Delhi,23-06-2018,218,80.4341,29,244.94,27,43.4134,29,11.7292,25,44.0952,23,1.17857,28,95.4782,28,43,33.3,0,16.6,322.4,263.1,37.9,47.6,38.1,42,20.7,38.1,0,0,0,0,37.4,998.5,63.8,2.9,22.8,9
Delhi,Delhi,24-06-2018,183,53.419,30,168.94,27,36.6907,30,13.7648,25,34.3896,23,0.896552,29,91.2164,28,42,32.7,0,16.6,314.2,273.5,37.5,46.2,35.1,40.3,19.4,35.8,0,0,0,0,31.7,997.8,63.5,3.3,23.6,9
Delhi,Delhi,25-06-2018,192,50.3941,29,172.838,26,34.2583,29,12.3088,25,32.0426,23,0.815714,28,56.4059,27,43,33.8,0,27.2,277.8,295.1,37,51,35.7,40.9,20.8,39.7,0,0,0,0,37.1,995.7,47.3,3.1,25.7,9
Delhi,Delhi,26-06-2018,110,34.7307,30,112.454,27,33.0714,29,13.2446,24,36.2919,21,0.887143,28,46.2975,28,34,31.2,0,16.6,268.6,171.1,32.9,38.9,34.9,36.7,21.7,52.1,0,0,0,0,35.3,996.4,84.3,3,14.8,6
Delhi,Delhi,27-06-2018,93,53.2571,31,110.819,28,29.7157,30,10.2917,24,44.3514,22,0.951111,27,54.4724,29,37,26.8,5.686,27.7,84.2,173,31,49.5,30.6,37.7,25.1,72.1,100,16.67,0,0,46.4,998.6,92.5,2.8,15,6
Delhi,Delhi,28-06-2018,76,29.6207,29,71.5408,26,28.8183,30,8.63208,24,44.8895,22,0.983704,27,36.5515,27,34,25.7,20.643,18.4,95.4,163.3,29.4,43.5,25.7,34.9,25.9,82.8,100,16.67,0,0,42.5,1000.1,84.7,2.9,14.1,6
Delhi,Delhi,29-06-2018,72,40.0567,30,88.185,26,33.3377,30,9.13958,24,43.8927,22,1.30724,29,42.0775,28,34.3,27,6.954,21.4,109.3,210,29.9,42.6,31.2,36.4,25.6,78.4,100,8.33,0,0,45,1000,77.5,2.9,18.2,8
Delhi,Delhi,30-06-2018,96,42.4603,30,104.844,26,34.3677,30,10.0179,24,41.3933,21,1.25172,29,39.0018,28,34,27,0,27.7,119.3,226.4,30.6,44.6,31.2,38.2,26,77.4,0,0,0,0,46.4,1000.5,66.2,3,19.6,8
Delhi,Delhi,01-07-2018,92,33.9793,30,98.4858,26,27.212,30,8.74565,23,46.4019,21,0.846429,28,34.1514,28,37,29,0.03,22.3,260.9,232.5,32.3,49.5,36.8,41.8,26.6,72.6,100,4.17,0,0,37.1,999.3,59.2,3.1,20.2,9
Delhi,Delhi,02-07-2018,106,34.4469,29,123.883,27,26.312,30,9.20043,23,36.0523,22,0.751724,29,37.5425,28,37.2,25.3,26.494,21.3,245.6,243.1,32.1,46.1,25.3,38.1,24.6,66.6,100,8.33,0,0,39.6,996.8,72,3.7,21,8
Delhi,Delhi,03-07-2018,114,46.1921,33,119.636,30,37.9548,33,10.5977,26,39.0637,24,1.05375,32,54.4829,28,35.6,25.1,0,16.6,96.7,253.6,31.2,46,25.1,38,25.1,71.2,0,0,0,0,34.6,996.7,65.7,3.5,22,8
Delhi,Delhi,04-07-2018,137,46.1365,34,114.895,31,31.5382,34,10.1586,28,41.4712,26,0.900938,32,60.6923,30,36,26,4.403,18.4,76.4,239.9,31.8,43.5,26,38.8,25.2,69.3,100,4.17,0,0,42.8,997.5,60.8,3.3,21,8
Delhi,Delhi,05-07-2018,123,51.2824,34,137.162,31,38.7885,34,10.9214,28,42.1704,26,1.30563,32,57.5841,32,36.9,29,33.922,37.1,292.9,270.2,31.8,48.7,33.6,39.7,25.6,70.3,100,8.33,0,0,55.4,998.8,64,3.1,23.3,8
Delhi,Delhi,06-07-2018,147,57.5041,34,165.92,31,36.2462,34,10.5289,27,48.3135,26,1.03424,33,51.9878,32,37,27.9,0,18.4,277.4,269.4,33,44.5,32.7,39.2,24.1,61,0,0,0,0,35.3,999.1,44.1,3.2,23.2,9
Delhi,Delhi,07-07-2018,151,62.5732,34,161.929,31,35.2815,34,10.487,27,53.7304,26,1.12,31,78.4331,32,38,29.1,0,16.6,308.7,290.5,34.1,45.8,34.8,40.4,23.8,56.5,0,0,0,0,25.9,998.4,20.7,3.2,25.3,9
Delhi,Delhi,08-07-2018,182,67.3068,34,180.748,31,40.3224,34,11.517,27,60.2812,26,1.116,30,96.8731,32,40,29.1,0,13,336.9,290.3,35.2,46.1,35.1,41.3,23.3,52.1,0,0,0,0,23.8,997.2,21.1,3.4,25.2,9
Delhi,Delhi,09-07-2018,157,69.5582,34,167.606,31,34.215,34,11.2915,27,56.9554,26,1.09484,31,78.74,32,40,31,0,22.3,109.9,260.5,34.7,55.6,39.2,44.5,25.9,61.3,0,0,0,0,29.9,997,51.5,2.9,22.6,8
Delhi,Delhi,10-07-2018,134,45.9115,34,112.627,31,28.5126,34,10.9468,28,47.9954,26,0.914062,32,54.4531,32,38.6,30,0,20.5,107.6,246.3,33.8,49.6,37.4,43.2,26.1,66,0,0,0,0,34.2,997.6,51.1,3,21.2,8
Delhi,Delhi,11-07-2018,106,40.2138,34,106.452,31,32.0462,34,11.1343,28,40.6585,26,0.905625,32,43.5406,32,37,30,0,18.4,116.4,197.2,32.4,47.6,37.4,41.6,26.3,70.5,0,0,0,0,31,997.3,67.5,2.9,17.1,7
Delhi,Delhi,12-07-2018,143,46.0074,34,127.383,30,32.5756,34,11.3104,28,36.7377,26,0.841613,31,56.738,30,38,29,0.149,16.6,149.3,195.4,32.5,49,34.5,40.9,25.8,68.9,100,4.17,0,0,33.5,996.7,69.3,3.2,17,7
Delhi,Delhi,13-07-2018,99,29.4462,34,63.1387,30,32.2053,34,10.9514,28,36.2642,26,1.16125,32,36.751,31,33.3,26,48.37,16.6,98.2,119.5,29.1,43.7,26,35.6,26.3,85.5,100,12.5,0,0,25.9,998,78.3,2.8,10.3,5
Delhi,Delhi,14-07-2018,76,34.2206,32,72.381,29,31.0109,32,11.0404,26,34.0596,24,0.897419,31,28.8317,30,32.5,27.4,1.045,22.3,88.9,133.9,29.4,43.3,32.2,37.1,26.8,86,100,4.17,0,0,29.9,997.6,77.8,2.4,11.5,5
Delhi,Delhi,15-07-2018,76,38.2072,32,78.0383,29,29.1306,32,10.6538,26,32.2563,24,0.947667,30,34.192,30,35.2,28,0,18.4,114.5,200.3,31.3,47.9,33.5,39.9,26.5,76.9,0,0,0,0,31.7,997.3,63.8,3.2,17.3,8
Delhi,Delhi,16-07-2018,87,39.3165,34,85.029,31,33.9794,34,9.53321,28,38.1723,26,1.48788,33,23.5619,31,34,28,30.954,16.6,91.3,152,30.1,47.3,34.5,39.7,27.6,87.2,100,12.5,0,0,27.7,997.7,88.9,2.9,13.1,5
Delhi,Delhi,17-07-2018,91,34.0524,34,90.2661,31,30.8426,34,10.5404,28,42.2554,26,1.11848,33,37.4916,32,37,28.6,0,14.8,97.5,211.4,32.3,49.5,35.6,42.4,27,74.9,0,0,0,0,28.8,997.9,77.8,3.4,18.3,8
Delhi,Delhi,18-07-2018,106,37.2803,34,97.2652,31,29.2447,34,10.9118,28,46.9531,26,1.00968,31,35.0444,32,36.1,29.6,0.119,18.4,76.6,221.1,32.3,49,37.4,42.3,26.9,74,100,4.17,0,0,37.1,998.8,58.4,3,19.1,7
Delhi,Delhi,19-07-2018,88,35.285,34,84.0826,31,27.955,34,11.2071,28,41.4615,26,0.941212,33,36.3147,32,37.1,28.5,0.9,11.9,82.5,243.3,31.9,49.8,34.7,41.2,26.7,75.4,100,20.83,0,0,29.5,998,76.9,2.7,21.1,8
Delhi,Delhi,20-07-2018,80,38.2285,34,83.9068,31,33.1012,34,10.5832,28,38.7277,26,0.971212,33,25.3144,32,32.1,26.9,23.968,13,357.4,213.4,29.9,42.6,31.1,38.1,26.8,83.6,100,12.5,0,0,25.9,997.9,93.4,2.7,18.3,7
Delhi,Delhi,21-07-2018,111,49.7206,34,91.531,31,36.185,34,11.2675,28,43.7669,26,0.984545,33,40.9945,31,33.1,27,7.403,14.8,85.3,137.5,29.4,44.5,31.2,37.3,26.9,86.9,100,8.33,0,0,29.5,998.3,89.8,2.3,11.6,6
Delhi,Delhi,22-07-2018,61,26.4338,34,48.2258,31,27.0774,34,10.1168,28,36.6112,26,1.01697,33,30.1897,30,33.1,26.8,25.019,14.8,89.5,94.8,28.7,45.4,30.8,35.7,27,91,100,12.5,0,0,24.5,998.5,92.5,2.5,8.1,4
Delhi,Delhi,23-07-2018,67,33.3956,34,72.9426,31,29.5062,34,10.3911,28,39.2996,26,0.869062,32,33.2197,29,34.8,26,0.832,22.3,102.2,177.1,30.3,45.7,26,37.7,26.2,80.2,100,8.33,0,0,35.3,998.5,78.8,3.2,15,6
Delhi,Delhi,24-07-2018,90,38.5697,34,96.2223,31,29.6544,32,10.575,28,41.0252,25,0.938438,32,45.8423,30,37,29,0.1,9.4,110.6,202.8,32.4,47.6,35.6,41.6,26.4,72,100,4.17,0,0,23.8,999,77.9,3.4,17.5,7
Delhi,Delhi,25-07-2018,78,36.0968,34,76.3026,31,27.4776,34,10.1325,28,41.7208,26,1.09364,33,19.0094,31,31.9,28,0.91,18.4,236.9,138.8,29.5,42.7,34.5,37.5,26.9,86.3,100,4.17,0,0,23,998.6,94.7,3,12.1,5
Delhi,Delhi,26-07-2018,74,31.2612,34,49.9845,31,24.4265,34,9.53786,28,38.0192,26,1.16818,33,18.3166,32,29,26,19.687,36.4,286.3,61.5,27.4,38.2,26,32.3,26.7,95.8,100,20.83,0,0,16.2,998.8,95.7,2.7,5.4,3
Delhi,Delhi,27-07-2018,54,21.9165,34,35.1029,31,23.0462,34,9.2525,28,33.5862,26,1.05625,32,17.6713,32,28,25.7,31.656,14.8,296.6,35.9,27,34.5,25.7,30.6,26.5,97.3,100,16.67,0,0,26.3,997.9,100,2.6,3,2
Delhi,Delhi,28-07-2018,57,37.8485,33,60.2937,30,22.0924,33,9.62393,28,29.5048,25,0.920937,32,24.7981,31,31.1,25.7,4.999,19.5,281.7,156.1,27.5,40.7,25.7,31.3,26.4,93.7,100,16.67,0,0,36,998.6,94.5,2.6,13.4,6
Delhi,Delhi,29-07-2018,90,45.7115,33,125.3,29,24.2921,33,9.36222,27,38.2716,25,0.949333,30,33.2852,31,35,25.9,0,18.4,270.4,222.1,29.9,46.7,25.9,36.1,26.2,81.9,0,0,0,0,31.7,999.2,61.7,3.3,19.4,7
Delhi,Delhi,30-07-2018,115,39.8976,34,128.328,31,26.0182,34,9.1275,28,46.0031,26,1.37484,31,32.4353,32,33.8,25,22.61,16.6,255.5,244.7,30.2,45,25,37.3,25.9,78.4,100,4.17,0,0,30.6,998.7,77,3.6,21,8
Delhi,Delhi,31-07-2018,132,49.0903,34,166.801,31,28.0706,34,9.16321,28,41.095,26,1.24812,32,27.1781,32,34,26,1.728,22.3,260.7,187.1,30.8,45.6,26,38.6,25.9,75.4,100,4.17,0,0,40.7,998.1,78.6,3.1,16.1,7
Delhi,Delhi,01-08-2018,153,57.4541,34,207.351,31,25.8344,34,10.0441,27,38.795,26,1.54781,32,31.1772,32,35,26,0,18.4,266.3,269.7,30.9,44.9,26,37.1,25,71.9,0,0,0,0,34.9,998.2,65,3.2,23.3,9
Delhi,Delhi,02-08-2018,235,71.2768,34,273.672,31,24.3679,34,10.2522,27,35.7862,26,1.18129,31,29.1206,32,35.2,28,0,21,260.6,265,31.4,44.4,31.9,38,24.7,68.1,0,0,0,0,33.5,999.7,49.8,3.1,22.8,8
Delhi,Delhi,03-08-2018,213,64.9726,34,252.831,31,25.5585,34,9.72185,27,34.0965,26,1.10091,33,28.0741,32,34,28,0,20.9,258.1,243.7,31.2,40.8,31.9,37.1,24.2,67,0,0,0,0,39.2,1000.2,54,3.2,21.1,8
Delhi,Delhi,04-08-2018,216,70.4653,34,273.092,31,28.0729,34,9.91786,28,34.14,26,1.05182,33,30.3025,32,35.1,28,0,18.4,255.1,206.1,31.8,43.9,30.6,37.2,23.6,62.3,0,0,0,0,35.6,999.6,67.2,3.3,17.7,7
Delhi,Delhi,05-08-2018,241,62.4971,34,247.156,31,23.7571,34,10.1329,28,34.05,26,0.906364,33,22.9622,32,33,28,0.06,17.7,218.2,140.8,30.1,40.4,31.2,35.6,24.5,72.7,100,4.17,0,0,35.3,999.9,81.1,3.2,12.2,5
Delhi,Delhi,06-08-2018,133,50.395,34,132.92,31,26.6459,34,9.57321,28,45.995,26,1.04394,33,27.8003,32,29,27,3.092,11.2,77.7,115,28,34.5,31.2,33,25.4,85.8,100,12.5,0,0,18.7,1000.3,96,3,10,5
Delhi,Delhi,07-08-2018,113,43.8909,34,109.82,32,26.5191,34,10.4232,28,40.3592,26,1.30147,34,37.767,33,33,26.5,6.838,14.8,76.5,157.7,28.5,40.6,26.5,33.8,25.9,86.9,100,12.5,0,0,33.5,1000.3,90.3,2.9,13.6,6
Delhi,Delhi,08-08-2018,86,37.4468,34,78.3144,32,24.9552,33,9.41778,27,38.7732,25,1.13667,33,38.3959,32,34,27,0.51,14.8,103.9,141.1,29.9,45.3,31.2,37.7,26.6,83.4,100,4.17,0,0,33.5,1000.6,86,2.8,12.1,6
Delhi,Delhi,09-08-2018,88,36.6962,34,93.4352,31,25.6103,33,9.26929,28,39.11,25,1.19091,33,43.4962,32,36,28,0.7,18.4,111.9,231.4,31.4,45.3,33.5,39.8,26.3,75.9,100,4.17,0,0,33.1,1002.8,64.7,3.6,19.9,8
Delhi,Delhi,10-08-2018,102,46.1686,35,117.823,32,33.8173,33,9.65821,28,42.6208,25,1.45882,34,50.8119,32,35,28.3,38.279,18.4,178.7,215.5,31,46.2,34.4,39.6,26.6,77.9,100,8.33,0,0,18.7,1001.6,68.8,3.4,18.6,8
Delhi,Delhi,11-08-2018,96,32.8441,34,99.7935,31,22.8476,33,9.04185,27,36.285,24,0.712647,34,32.4578,32,35,28,0.09,18.4,259.6,171.9,31.7,46.7,34.5,40.6,26.5,74.8,100,4.17,0,0,34.9,998.4,79.4,3.4,14.7,7
Delhi,Delhi,12-08-2018,83,26.7942,33,91.416,30,22.5825,32,9.16808,26,30.7688,24,0.849032,31,22.5969,29,33,28,0.97,16.6,224.5,132.7,30.7,41.7,32.7,37.4,25.1,72.3,100,8.33,0,0,27.4,996.7,91.1,3.2,11.3,6
Delhi,Delhi,13-08-2018,94,34.435,36,110.293,33,26.3851,35,9.25621,29,39.8756,27,1.238,35,31.1788,34,34,27.7,7.23,11.2,201.4,146.9,30.4,42,32.7,37.1,25.4,75.3,100,8.33,0,0,21.2,998,85.9,3.5,12.7,5
Delhi,Delhi,14-08-2018,117,48.0803,36,131.592,33,29.8257,35,9.88759,29,38.3667,27,1.41794,34,40.6265,34,35,28.8,7.447,13,51.9,237.7,31.3,44.3,35.5,39.4,26.1,75,100,12.5,0,0,21.2,999,81.9,3.3,20.4,8
Delhi,Delhi,15-08-2018,120,41.5186,35,116.013,32,22.8021,33,8.88571,28,38.1158,24,0.882188,32,44.0309,33,35,29,0,18.4,181.9,220.3,31.2,46.7,33.6,39.1,25.9,74.3,0,0,0,0,33.5,1000.5,62.8,3.3,18.8,8
Delhi,Delhi,16-08-2018,86,38,36,91.6139,33,29.9837,35,10.2455,29,39.9142,26,2.12235,34,42.8335,34,36,28,3.448,15.2,87.9,162.5,30.6,48.1,32.7,38.5,26.2,78.4,100,8.33,0,0,23.4,1002.2,72.6,2.8,14.1,8
Delhi,Delhi,17-08-2018,84,32.6528,36,79.7418,33,24.3811,35,9.01759,29,38.0174,27,1.02914,35,31.2188,34,36,28.4,0,16.6,92.7,208.5,31.7,48.3,35.4,41.5,27,77,0,0,0,0,34.9,999.9,60.2,3.2,17.8,7
Delhi,Delhi,18-08-2018,80,32.656,35,79.1361,33,26.4054,35,9.88621,29,35.9128,25,1.11727,33,34.2288,34,36,28.5,4.283,13,110.7,198.4,31.2,46.9,34.8,40.4,26.8,78.4,100,8.33,0,0,33.5,999.2,57.8,3.2,17.2,7
Delhi,Delhi,19-08-2018,89,49.1497,34,101.77,32,31.4679,33,11.3033,27,32.7313,23,1.45647,34,33.3745,33,32,27,34.474,9.4,154.9,164.2,28.9,44.3,31,36.3,26.8,88.6,100,8.33,0,0,20.5,999.4,77.8,2.8,14.2,6
Delhi,Delhi,20-08-2018,137,60.6503,36,125.089,33,31.7603,35,10.461,29,41.2196,27,1.33091,33,62.41,34,35,27.3,0.4,20.5,107.5,176.9,30.2,46,31.8,38.6,26.9,83.9,100,12.5,0,0,24.5,1000.6,77.2,2.4,15.2,7
Delhi,Delhi,21-08-2018,87,30.91,35,80.7378,32,28.2876,34,12.0811,28,32.2319,26,1.07471,34,41.7882,33,36.3,27,0,20.5,112.7,213.5,31.4,50.3,31.2,40.2,26.6,76.8,0,0,0,0,28.8,1000.6,56.6,3,18.3,8
Delhi,Delhi,22-08-2018,78,29.745,34,74.5226,31,27.3903,33,11.6733,27,28.7372,25,1.12606,33,31.0166,32,35.1,28.1,0.37,14.8,131.4,149.2,30.8,46,33.7,39.1,26.4,78.1,100,4.17,0,0,22,1000.2,71.2,3.3,12.9,6
Delhi,Delhi,23-08-2018,69,30.8772,36,71.6136,33,24.5486,35,10.9193,28,33.807,27,0.865882,34,14.9064,33,31.5,27,4.701,16.6,247.6,122.3,29.2,40.6,31.2,36.6,26.6,86,100,4.17,0,0,23.8,1000.8,89.1,3.5,10.8,5
Delhi,Delhi,24-08-2018,80,24.5631,36,92.7476,33,24.3731,35,10.6414,28,29.2556,27,1.162,35,20.4744,32,33.7,27,0,16.6,261.8,136,29.9,43.8,31.2,37.3,26.2,80.9,0,0,0,0,27,1000.2,78.1,3.9,11.6,6
Delhi,Delhi,25-08-2018,89,21.0892,36,84.6794,33,22.5029,34,11.605,28,25.5865,26,0.825588,34,23.0178,32,33,27,0,21.6,268.8,231.9,29.9,42.1,30.6,36.3,25.2,76,0,0,0,0,34.2,999.7,73.8,3.7,20.1,8
Delhi,Delhi,26-08-2018,78,23.4977,35,80.6373,33,19.0255,33,10.5507,27,24.0096,25,0.731471,34,29.9013,32,36,27,0,21.5,294.6,227.3,30.8,46.3,30.6,37.5,25.2,73.1,0,0,0,0,30.2,999.3,56.9,3.5,19.8,8
Delhi,Delhi,27-08-2018,62,25.598,35,59.1233,33,24.2621,34,10.9237,27,28.21,26,0.986667,33,30.9113,31,32,27,4.463,11.2,50.4,129.6,29.8,42.3,30.6,37.4,26.4,82.7,100,12.5,0,0,34.2,1000.9,90.2,3.4,11.3,5
Delhi,Delhi,28-08-2018,71,29.0114,36,57.1853,32,26.4746,35,10.2307,29,30.0073,26,1.03657,35,22.1283,30,31.2,25,53.818,18.4,13.4,154.2,28.2,43.1,25,34.8,26.9,92.7,100,16.67,0,0,29.5,1002.1,95.2,2.5,13.3,6
Delhi,Delhi,29-08-2018,68,36.4078,36,61.0782,33,25.5006,35,10.2428,29,29.8359,27,1.06743,35,22.4576,33,31.3,27,16.747,16.6,117.3,134.6,28.3,42.4,31.2,34.6,26.7,91.5,100,8.33,0,0,20.5,1003.1,92.5,2.9,11.5,6
Delhi,Delhi,30-08-2018,78,42.7283,36,101.568,33,27.8663,35,10.0797,29,29.4759,27,1.15912,34,35.2561,33,36,26,0,14.8,264.3,191.6,30.6,50.1,26,38.7,26.8,81.7,0,0,0,0,23.4,1000.9,69.2,2.7,16.7,7
Delhi,Delhi,31-08-2018,127,47.5169,36,157.311,33,25.0723,35,9.97517,29,28.6767,27,1.10394,33,23.4103,33,35,28,0,16.6,277.2,215.9,31.2,46.7,33.5,39.5,26.3,76.1,0,0,0,0,29.5,1001,73.9,3.3,18.7,7
Delhi,Delhi,01-09-2018,114,43.9975,36,112.381,33,27.9376,34,10.6972,29,30.2458,26,1.41912,34,14.8785,33,30,24.9,41.876,14.2,240.7,139.4,28.2,38.8,24.9,33.5,26.2,89.1,100,8.33,0,0,19.4,1003.3,91,2.6,12,6
Delhi,Delhi,02-09-2018,106,40.1126,34,77.6109,32,22.0323,31,9.705,28,30.8941,22,1.01471,34,22.5997,32,29,25.3,32.76,18.4,305.2,73.8,27.2,38.2,25.3,31,25.7,91.9,100,8.33,0,0,24.5,1003.2,93.8,2.5,6.3,3
Delhi,Delhi,03-09-2018,73,42.4188,34,75.4119,32,26.8809,32,10.1115,27,28.9157,23,1.54121,33,30.7809,33,29,26,34.175,13,46.5,87.3,27.1,35.6,26,30.6,25.8,92.9,100,4.17,0,0,28.1,1003.3,92,2.1,7.6,4
Delhi,Delhi,04-09-2018,112,54.1867,36,107.846,33,35.3109,35,10.8038,29,32.4611,27,1.50219,32,29.3406,33,31,25.7,9.357,13,251.5,123.9,27.6,42.4,25.7,32,26.1,91.7,100,8.33,0,0,17.6,1003.9,84.7,2.1,10.7,6
Delhi,Delhi,05-09-2018,90,41.1806,35,106.806,32,29.7889,35,9.8569,29,28.9856,27,1.45235,34,23.9994,32,31,24.6,2.119,14.8,276.7,146.8,27.8,38.8,24.6,31.5,25.5,87.9,100,8.33,0,0,27.7,1003.3,89.7,2.7,12.6,6
Delhi,Delhi,06-09-2018,137,47.0056,36,128.077,33,30.94,35,10.1131,29,29.3378,27,1.11353,34,33.0744,34,34.2,25,19.851,18.4,282.4,214.4,29.6,43.5,25,35.1,25.2,78.8,100,4.17,0,0,37.1,1002.6,81.3,3.2,18.4,8
Delhi,Delhi,07-09-2018,91,44.1253,36,85.7758,33,38.5649,35,10.6655,29,31.2741,27,1.25829,35,46.0979,34,35,25,10.111,25.9,195.3,170.8,27.8,48.7,25,31.6,25.9,90,100,12.5,0,0,36,1004.3,87.8,2.5,14.7,6
Delhi,Delhi,08-09-2018,86,33.8734,35,70.3944,32,25.9065,34,10.8583,29,27.9141,27,0.945,32,23.3624,33,32.8,25,7.643,24.1,79,175.3,28.2,42.3,25,32.3,25.8,87.3,100,4.17,0,0,45,1004.6,85.1,2.9,15,6
Delhi,Delhi,09-09-2018,61,28.776,35,51.42,32,22.8235,34,11.1146,28,24.513,27,0.778485,33,30.2927,33,31.9,25,0,20.5,117.2,172.7,28,39.1,25,31.5,24.8,83.6,0,0,0,0,38.5,1006,64.6,3.6,15,6
Delhi,Delhi,10-09-2018,84,37.6886,36,85.8312,33,29.7809,35,11.3976,29,24.3611,27,1.03514,35,43.1976,34,31.1,25.7,0,13,156.1,190.2,28.3,38.2,25.7,32.6,25.2,84.1,0,0,0,0,22.7,1007.5,63,3.1,16.4,7
Delhi,Delhi,11-09-2018,79,28.9458,36,80.3273,33,25.412,35,10.1179,29,23.597,27,1.01529,34,32.9285,33,35,26.8,0.1,14.8,255.4,172.3,30,48.7,30,37.4,26.1,80.2,100,4.17,0,0,20.9,1006.9,65.2,3.3,14.9,6
Delhi,Delhi,12-09-2018,90,28.2864,36,106.332,33,24.3434,35,10.6024,29,22.9181,27,0.799143,35,26.6155,33,33.1,26,0,22.3,260.3,221.1,29.9,42.1,26,36.1,25.3,77.2,0,0,0,0,34.6,1004.3,64.5,3.6,19,7
Delhi,Delhi,13-09-2018,103,28.2319,36,119.048,33,22.7162,34,11.3317,29,19.7512,26,0.784,35,26.8158,33,33.4,26.9,0,18.4,262.2,234.2,29.9,40.9,29.5,34.8,24,71.3,0,0,0,0,33.5,1004,37.5,3.8,20.1,8
Delhi,Delhi,14-09-2018,102,32.3356,36,120.691,33,25.0429,34,11.4617,29,19.9565,26,1.044,35,32.1509,33,34.2,25,0,18.4,265.8,235.6,29.5,40.6,25,33.8,23.7,71.5,0,0,0,0,24.8,1006.5,30.2,4.1,20.4,8
Delhi,Delhi,15-09-2018,118,37.5872,36,126.885,33,27.1168,34,11.8855,29,21.7296,26,0.972286,35,35.3691,33,35,26,0,18.4,277.7,232.6,30,40.6,26,33.4,22.9,67.5,0,0,0,0,27.4,1008.1,25.1,4.2,20.1,8
Delhi,Delhi,16-09-2018,121,43.4517,35,134.588,32,25.5106,33,11.5283,29,24.3136,25,0.791515,33,33.7494,32,34,25,0,20.5,282,240.7,29.9,39.3,25,33.4,23.2,68.9,0,0,0,0,34.6,1006.6,28.2,3.7,20.6,8
Delhi,Delhi,17-09-2018,135,54.8847,36,160.633,33,28.5171,34,11.3131,29,25.0335,26,0.84697,33,49.9679,34,33.7,26,0,16.6,297.5,246.5,29.8,38.2,26,33.8,23.6,70.6,0,0,0,0,34.6,1005.3,22.6,3.5,21.2,8
Delhi,Delhi,18-09-2018,150,54.5567,36,170.057,33,31.3036,33,12.3634,29,24.3138,26,0.896,35,54.2544,34,35,25,0,18.4,291.6,249,29.9,40.6,25,33.2,22.9,67.8,0,0,0,0,30.6,1005.4,20,4,21.5,8
Delhi,Delhi,19-09-2018,154,58.7597,36,178.548,33,36.8688,33,13.5445,29,26.7131,26,1.02059,34,60.4991,34,35.4,24.9,0,20.5,314.1,255.4,29.9,40.6,24.9,33.1,22.8,67.2,0,0,0,0,28.1,1005.7,19,3.6,22.1,9
Delhi,Delhi,20-09-2018,164,75.1329,35,191.212,32,37.0456,32,14.6571,28,30.4072,25,1.10029,34,82.2782,33,35.3,24.3,0,11.2,23.4,244.8,29.5,40.4,24.3,32.5,22.8,69.1,0,0,0,0,18.7,1005.6,20.6,3.1,21.1,8
Delhi,Delhi,21-09-2018,143,43.9706,35,107.496,32,24.7834,32,12.8493,28,28.0352,25,0.823636,33,36.7591,33,33,24.1,4.149,22.3,104.1,207.7,28.8,42.4,24.1,32.5,23.3,73.1,100,4.17,0,0,46.4,1008.4,58.1,3.5,18,8
Delhi,Delhi,22-09-2018,54,25.9903,35,47.2522,32,21.3022,32,11.4021,28,23.4604,25,0.780588,34,21.2167,33,28,23,25.237,22.3,78.1,73.1,25.5,31.9,23,26.4,23.6,89.6,100,16.67,0,0,51.8,1008.7,91.6,3.1,6.1,4
Delhi,Delhi,23-09-2018,62,30.4571,35,54.9142,31,19.38,32,11.5718,28,22.6152,25,0.695152,33,31.8458,33,31,25,9.39,25.9,105.6,75.9,26.9,39.1,25,29,24.8,88.7,100,8.33,0,0,47.9,1008.2,82.4,2.8,6.6,4
Delhi,Delhi,24-09-2018,52,21.7972,36,35.5034,32,25.5121,33,11.5928,29,22.8562,26,0.851429,35,17.0642,33,27,23.6,18.76,16.6,164.1,25.1,25.2,30.6,23.6,25.8,24.2,94.5,100,16.67,0,0,39.2,1006.7,95.7,2.8,2.3,1
Delhi,Delhi,25-09-2018,55,21.5578,36,53.4475,32,25.7494,33,11.3672,29,22.3058,26,1.12824,34,22.0476,34,27,22,0.618,18.4,282.1,108,24.2,30.1,22,24.4,22.7,91.9,100,8.33,0,0,28.1,1008.2,78.7,2.9,9.4,4
Delhi,Delhi,26-09-2018,88,42.5923,35,110.106,31,31.9447,32,11.9959,29,24.6112,26,1.61912,34,44.2621,33,32.1,22,0,14.8,281.7,208.1,27,36.8,22,29.4,23.2,81.3,0,0,0,0,21.6,1007.9,16.1,3.9,17.8,8
Delhi,Delhi,27-09-2018,151,72.4214,35,176.549,32,37.0922,32,13.0548,29,30.6554,26,1.78941,34,56.0652,33,34,23.7,0,14.8,303.7,227.8,28.4,40.6,23.7,31.1,23.5,76.3,0,0,0,0,22.3,1008.6,4.9,3.5,19.7,7
Delhi,Delhi,28-09-2018,197,85.066,35,221.905,31,44.0213,32,13.3286,29,35.8235,26,2.33324,34,58.4258,33,35.1,24.2,0,13,263.5,234.6,29.6,39.5,24.2,31.8,22.3,68.4,0,0,0,0,21.2,1009.3,0,3.1,20.3,8
Delhi,Delhi,29-09-2018,219,91.7229,35,225.543,31,45.2594,32,12.9945,29,37.8412,26,2.13265,34,63.163,33,34.4,23,0,14.8,281.4,231.9,28.8,36.5,23,30.9,21.6,67,0,0,0,0,20.5,1010,12.3,3.2,20,8
Delhi,Delhi,30-09-2018,158,74.63,35,146.748,32,33.7039,33,12.4166,29,31.1435,26,1.38235,34,56.6628,32,33.6,24,0,18.4,278.2,240.1,28.5,34.8,24,29.9,21.5,68.7,0,0,0,0,28.1,1009.4,0,3.6,20.7,8
Delhi,Delhi,01-10-2018,148,66.81,34,184.905,31,40.5291,33,12.9921,29,32.1588,26,1.65515,33,65.5962,32,35,23.3,0,14.8,277,238.4,28.7,38.5,23.3,30.6,21.6,67.5,0,0,0,0,20.9,1009.1,0,3.5,20.6,8
Delhi,Delhi,02-10-2018,202,72.3718,33,183.805,31,37.4648,33,12.2852,29,35.2112,26,1.4175,32,59.1706,31,35.1,23.4,0,14.8,280.1,232.8,29.2,38.1,23.4,30.9,21.3,65.5,0,0,0,0,18.7,1009.7,11.6,3.1,20.1,8
Delhi,Delhi,03-10-2018,143,68.2272,36,188.637,33,43.4729,34,13.4707,29,32.6204,26,1.594,35,54.0635,34,35.3,22.8,0,9.4,282.3,229.2,29.2,37,22.8,30.3,19.4,58.3,0,0,0,0,13.3,1009.2,13.9,3.5,19.7,8
Delhi,Delhi,04-10-2018,201,98.4353,36,238.732,33,47.9341,34,14.4683,29,37.9988,26,1.99429,35,65.2647,34,34.7,24.3,0,11.2,145.7,222.1,29.1,38.3,24.3,30.8,21,63.7,0,0,0,0,20.5,1010.5,51.1,3,19.1,8
Delhi,Delhi,05-10-2018,256,119.781,35,272.845,32,52.5609,33,16.7114,29,42.2632,25,2.11457,35,63.1979,33,35,23.3,0,11.2,5.9,231.4,28.7,37.7,23.3,30.1,20.7,64.3,0,0,0,0,15.5,1011.7,12.8,2.9,19.8,8
Delhi,Delhi,06-10-2018,209,78.2053,36,201.565,33,43.9759,34,13.6086,29,36.1165,26,1.54029,34,53.5644,34,34.1,22.1,0,13,296.2,229.1,27.7,33.8,22.1,27.9,18.6,61.8,0,0,0,0,21.6,1011.4,2.7,3.5,19.8,8
Delhi,Delhi,07-10-2018,181,82.6853,36,228.288,33,44.7624,34,14.3848,29,35.0227,26,1.70735,34,70.7191,34,33.2,20,0,13,305.9,232.3,27.1,34,20,27.4,18.3,62.1,0,0,0,0,16.9,1010.9,0,3,20,8
Delhi,Delhi,08-10-2018,246,119.23,36,285.311,33,56.5079,34,16.2403,29,36.5554,26,1.70743,35,79.6432,34,34.6,21.5,0,9.4,73.9,231,28,35.7,21.5,28.6,18.6,59.3,0,0,0,0,13,1009.2,0,2.8,20,8
Delhi,Delhi,09-10-2018,251,104.03,35,269.931,32,54.2688,33,19.9424,29,38.2573,26,2.51353,34,82.9176,33,35,23,0,11.2,110.1,225,28.4,37.4,23,29.2,19.2,60,0,0,0,0,29.5,1008.2,0,3.2,19.4,8
Delhi,Delhi,10-10-2018,241,90.9751,35,254.667,32,47.7618,33,16.2428,29,39.2727,26,1.76412,34,61.4606,33,33.8,24,0,18.4,113.8,209.4,28.3,38.5,24,30.2,21.6,68,0,0,0,0,32.8,1008.7,6.4,3.1,18,8
Delhi,Delhi,11-10-2018,210,67.934,35,209.965,32,39.5674,34,14.2845,29,31.9263,27,1.20147,34,52.5887,32,32,21.9,0,30.3,100.6,196.1,26.2,34.1,21.9,26.7,18.3,63.1,0,0,0,0,37.1,1010.6,12.2,3,16.9,8
Delhi,Delhi,12-10-2018,154,72.3373,33,186.529,30,45.4738,32,16.4741,27,25.0364,25,1.59125,32,67.511,31,32,18.2,0,9.4,14.2,223.1,25.2,31,18.2,25.1,15.1,56.2,0,0,0,0,14,1012.9,2.9,3.3,19.4,8
Delhi,Delhi,13-10-2018,262,132.229,33,269.611,30,49.7832,31,17.9296,27,33.858,25,1.69219,32,64.9753,30,31,18,0,14.8,291,225.5,24.6,31,18,24.6,15.9,60.9,0,0,0,0,25.6,1013.1,0,2.9,19.6,8
Delhi,Delhi,14-10-2018,204,93.6418,33,223.919,29,47.5506,31,16.3552,27,30.1144,25,1.85742,31,67.1828,29,32,18.6,0,16.6,273.1,229.9,25.1,31,18.6,24.9,14.8,56.2,0,0,0,0,27,1012.3,0,3.4,19.9,8
Delhi,Delhi,15-10-2018,246,112.199,36,289.239,32,55.6947,34,18.381,29,33.8307,27,2.30706,34,69.0247,34,33,18.4,0,9.4,307.5,220.5,25.8,32,18.4,25.6,15.6,57.1,0,0,0,0,19.1,1012.5,7.3,2.9,19,8
Delhi,Delhi,16-10-2018,291,139.934,36,350.269,33,65.1479,34,19.7821,29,43.193,27,2.7,32,57.6659,32,33.6,19.8,0,11.2,142.9,181.1,26.4,32.9,19.8,26.4,16.6,57.4,0,0,0,0,15.1,1012.1,42.1,3.2,15.4,7
Delhi,Delhi,17-10-2018,313,136.497,36,330.01,33,52.8171,34,17.3252,29,41.6126,27,3.19371,35,66.7333,33,34.2,20.5,0,11.2,262.1,216.7,26.8,32.6,20.5,26.4,14.9,52.8,0,0,0,0,20.9,1010.6,12.4,3.1,18.8,8
Delhi,Delhi,18-10-2018,297,141.454,36,343.273,33,57.3217,35,18.3124,29,46.817,27,3.17743,35,52.9668,34,33.1,19.4,0,13,95.6,205.7,26.4,33.4,19.4,26.6,16.8,58.3,0,0,0,0,24.5,1009.9,29.3,2.8,17.8,7
Delhi,Delhi,19-10-2018,276,140.573,36,318.67,33,54.0834,35,18.1538,29,41.2067,27,1.886,35,79.345,34,33.8,18,0,9.4,274,209.7,25.4,33.4,18,25.5,16.4,59.9,0,0,0,0,19.4,1011.7,10.7,2.5,18.1,8
Delhi,Delhi,20-10-2018,326,165.41,36,331.073,33,55.1189,35,20.139,29,36.6789,27,1.79771,35,74.3597,34,32.8,18,0,9.4,355.6,211.2,25.1,31.7,18,25,14.9,56.7,0,0,0,0,18,1014,7.5,2.6,18.2,8
Delhi,Delhi,21-10-2018,292,145.088,35,298.35,32,55.9232,34,20.3997,29,38.1481,26,1.98788,33,64.8755,33,31,18.8,0,12.6,328.2,205.4,24.4,30.3,18.8,24.3,13.9,53.8,0,0,0,0,22,1014.8,34.6,2.8,17.6,7
Delhi,Delhi,22-10-2018,272,123.355,35,280.228,32,55.2824,34,17.8572,29,36.357,27,2.15294,34,65.5842,33,31,16.6,0,21.7,269.1,218.8,23.7,29.2,16.6,23.3,12.6,53.8,0,0,0,0,28.8,1013.8,0,3.1,18.9,8
Delhi,Delhi,23-10-2018,254,121.619,35,309.631,32,62.99,34,19.5048,29,34.9515,26,2.98971,34,74.84,33,32,17,0,7.8,281.2,214.1,24.1,30.5,17,23.8,12.7,52.3,0,0,0,0,20.2,1013.4,0.9,3.2,18.5,8
Delhi,Delhi,24-10-2018,328,171.143,36,384.012,33,76.6929,35,21.0786,29,44.5252,27,3.10647,34,73.7003,34,32.2,17.6,0,11.2,60.1,207.8,24.7,31.6,17.6,24.5,14.4,55.7,0,0,0,0,16.9,1013.2,23.4,2.8,17.8,8
Delhi,Delhi,25-10-2018,331,170.031,35,378.623,32,70.1914,35,22.7124,29,45.3537,27,2.96912,34,75.7169,32,32,16.7,0,7.6,68.3,202.9,24.2,32,16.7,24.1,14.7,58.2,0,0,0,0,16.2,1014.7,6.5,2.8,17.5,8
Delhi,Delhi,26-10-2018,361,198.464,35,397.642,32,71.8153,34,20.7893,29,48.5115,27,3.49588,34,67.9394,33,30,17.2,0,5.8,22.9,196.4,23.3,29.4,17.2,23.3,14.9,62,0,0,0,0,19.4,1016.6,21.9,2.4,17,7
Delhi,Delhi,27-10-2018,350,206.456,35,417.529,32,75.5656,34,20.1731,29,52.2311,27,4.05545,33,72.8063,32,30.4,17,0,9.4,12.2,199.5,23.2,30.2,17,23.2,15.6,64.9,0,0,0,0,20.5,1016.9,9.2,2.1,17.3,7
Delhi,Delhi,28-10-2018,366,202.709,35,379.048,32,57.1035,34,15.7366,29,47.3085,27,3.18412,34,74.5356,32,31.8,17.2,0,9.7,289.3,206.1,23.7,30.6,17.2,23.5,14.8,61.5,0,0,0,0,22.3,1016.5,0,2.3,18,7
Delhi,Delhi,29-10-2018,367,235.891,35,441.399,32,62.5118,34,16.8372,29,48.8796,27,3.42029,34,72.117,30,31.2,16.8,0,9.7,274.1,204,23.2,30.7,16.8,23.2,15.6,65.5,0,0,0,0,23.4,1015.8,0,2.1,17.8,7
Delhi,Delhi,30-10-2018,401,257.706,35,463.103,32,70.7506,35,17.6697,29,52.73,27,3.41735,34,67.8448,33,31,17.9,0,5.4,322.1,201.7,23.8,31.4,17.9,23.8,16,64.3,0,0,0,0,16.9,1015.4,0,1.8,17.2,7
Delhi,Delhi,31-10-2018,358,225.329,35,415.287,32,68.9817,35,18.0169,29,55.4552,27,3.895,34,64.7788,33,30.8,17.2,0,9.9,28.1,200.7,23.4,30.6,17.2,23.4,16.4,67.9,0,0,0,0,17.6,1015.9,11.1,1.8,17.2,7
Delhi,Delhi,01-11-2018,393,234.735,35,421.5,32,71.8986,35,20.3828,29,57.2841,27,4.31735,34,60.2427,33,30.8,17.5,0,12.4,102.8,190.9,23.7,31.2,17.5,23.8,16.5,66.5,0,0,0,0,13.3,1014.8,39.8,1.9,16.5,7
Delhi,Delhi,02-11-2018,370,203.047,35,376.777,32,65.6709,35,19.5907,29,50.9459,27,2.21265,34,66.8606,33,31.2,17.3,0,11.2,97.6,184.3,23.7,31.7,17.3,24,16.6,66.5,0,0,0,0,19.8,1013.3,3.4,2.1,15.9,7
Delhi,Delhi,03-11-2018,340,158.757,35,299.406,32,45.1174,35,16.6541,29,47.8219,27,1.52412,34,49.7891,33,29.9,19,0.17,18.4,86.1,132.6,24.2,30.6,19,24.4,17,65.7,100,4.17,0,0,40,1011.9,39.7,2.2,11.4,5
Delhi,Delhi,04-11-2018,171,109.559,35,191.767,32,34.4341,34,15.0193,29,36.2907,27,1.49909,33,67.9562,32,29.5,19,0,14.8,39.1,188.8,23.3,29.3,19,23.4,14.7,59.5,0,0,0,0,30.6,1013.6,28.3,2.8,16.4,7
Delhi,Delhi,05-11-2018,426,347.28,36,489.968,33,48.828,35,14.6183,29,44.4307,27,1.98686,35,51.1139,33,25.4,15,0,14.8,269.9,188.6,19.6,25.4,15,19.6,13.7,69.8,0,0,0,0,27,1014.5,2.1,1.6,16.4,7
Delhi,Delhi,06-11-2018,338,173.277,36,316.219,33,43.5692,36,14.8779,29,30.7544,27,1.49029,35,64.1132,34,27.8,15,0,21,272.9,200,20.7,26.7,15,20.6,9,51.9,0,0,0,0,34.6,1014.8,0,2.8,17.2,7
Delhi,Delhi,07-11-2018,281,194.377,36,312.031,33,46.3231,36,20.7983,29,31.1337,27,2.32143,35,82.99,34,27,13,0,17.1,263.6,201.2,19.4,26.4,13,19.4,7.1,47,0,0,0,0,26.6,1015.3,0,3,17.3,7
Delhi,Delhi,08-11-2018,390,423.925,36,553.209,33,64.8125,36,24.4207,29,44.3281,27,3.25441,34,49.2135,34,25.9,12.1,0,5.4,329.4,195.5,18.3,25.9,12.1,18.3,9.5,60.5,0,0,0,0,15.5,1015.5,0,1.5,16.9,7
Delhi,Delhi,09-11-2018,423,293.292,36,440.987,33,68.9953,36,17.8534,29,49.7985,27,3.326,35,67.7244,34,29,12.2,0,8.2,236.7,190.5,19.7,28.4,12.2,19.6,12.4,65.9,0,0,0,0,17.6,1013.8,0,1.6,16.4,7
Delhi,Delhi,10-11-2018,401,291.886,36,463.863,33,79.8222,36,18.1355,29,55.5563,27,3.89571,35,55.4421,34,28,13.4,0,7.6,78.1,187.3,20.2,27.7,13.4,20.2,13.5,68.3,0,0,0,0,15.1,1014.5,0,1.3,16.1,7
Delhi,Delhi,11-11-2018,405,253.429,37,429.702,34,69.1551,37,16.312,30,53.9982,28,3.766,35,72.9059,32,30,13.4,0,7.9,101.1,184.2,21.3,28.9,13.4,21,12.7,63.2,0,0,0,0,17.3,1014.8,0,1.9,15.9,7
Delhi,Delhi,12-11-2018,399,269.388,37,477.123,34,73.4981,36,17.629,30,59.6554,28,3.90833,36,71.5047,34,30,14.2,0,5.4,50.6,182.6,21.7,29.4,14.2,21.6,14.3,66.9,0,0,0,0,18,1012.7,8.7,1.7,15.8,7
Delhi,Delhi,13-11-2018,409,262.03,37,441.363,34,73.7086,36,18.5403,30,63.3929,28,3.3525,36,39.8423,35,29,16.4,0.2,10.9,76.3,174.3,21.8,29.8,16.4,21.9,16.1,71.5,100,4.17,0,0,27.4,1010.6,59.2,1.7,15,7
Delhi,Delhi,14-11-2018,312,132.156,37,221.727,34,56.3181,37,15.8745,29,52.8711,28,2.30389,36,41.6632,34,28,18.4,6.352,14.2,108.6,168.2,22.3,28.3,18.4,22.3,17.2,74.6,100,8.33,0,0,27.7,1011.5,68.4,2.4,14.5,6
Delhi,Delhi,15-11-2018,217,102.032,37,182.501,34,46.7619,37,14.8717,30,49.6618,28,1.66306,36,43.5391,35,27,17,0,16.6,336.4,173.4,21.3,27.3,17,21.3,16.1,74.2,0,0,0,0,28.4,1014.9,11.5,2.4,15,6
Delhi,Delhi,16-11-2018,285,134.606,37,229.056,34,42.5751,37,14.19,30,40.4393,28,1.41083,36,57.7137,35,25.8,12,0,22.3,269,185.5,19.7,25.8,12,19.7,12.2,64.9,0,0,0,0,37.4,1014.2,0.2,2.6,16.1,7
Delhi,Delhi,17-11-2018,267,137.326,37,262.911,34,52.3038,37,14.5707,30,42.2839,28,2.39917,36,59.7534,35,26,14,0,16.2,280.2,182.9,19.2,26,14,19.2,11.7,64.4,0,0,0,0,26.6,1012.6,15.9,3,15.9,7
Delhi,Delhi,18-11-2018,311,165.016,37,311.125,34,62.5381,37,16.1337,30,47.5664,28,2.42171,35,63.2494,35,28.1,12.8,0,11.2,116.8,177.4,20.1,27.9,12.8,20,13,66.7,0,0,0,0,18.7,1013.6,0.3,2.5,15.4,7
Delhi,Delhi,19-11-2018,330,188.275,37,325.76,34,56.7881,37,16.4083,30,50.0682,28,2.01444,36,65.0251,35,27.6,16.2,0,13.1,108.5,152,21.6,28,16.2,21.6,14.3,64.8,0,0,0,0,28.8,1015.8,57.2,2.1,13.1,6
Delhi,Delhi,20-11-2018,374,227.626,36,382.848,34,64.2995,37,16.747,30,56.8093,28,2.58111,36,65.7434,35,28,15,0,8.5,310,176.4,20.8,28.4,15,20.8,15.3,73.1,0,0,0,0,21.6,1016.1,7.1,1.9,15.3,7
Delhi,Delhi,21-11-2018,374,205.4,36,347.94,34,63.0843,37,14.6377,30,47.4904,28,2.27286,35,59.724,35,27.8,14.7,0,10,264.1,179.5,20,27.5,14.7,19.9,12.8,66.9,0,0,0,0,28.8,1016.5,1.4,1.9,15.4,7
Delhi,Delhi,22-11-2018,273,140.733,36,305.399,34,74.9978,37,17.4603,30,43.5371,28,3.56167,36,56.4726,35,27.8,12.2,0,7.9,289.6,176.3,19.5,27.2,12.2,19.4,10.8,60.2,0,0,0,0,17.6,1017.2,27.1,2.7,15.1,7
Delhi,Delhi,23-11-2018,337,184.907,36,330.16,34,58.4057,37,16.3883,30,46.1004,28,2.845,36,52.4897,35,27.8,13,0,22.3,284.8,177.9,19.7,26.9,13,19.6,10.1,57.6,0,0,0,0,39.2,1018.8,4.9,2.6,15.4,7
Delhi,Delhi,24-11-2018,249,106.165,37,226.023,34,46.5443,37,15.4487,30,36.9714,28,1.87889,36,51.7949,35,26.8,12,0,20.6,274.2,178.5,19.4,26.6,12,19.4,9.4,55.2,0,0,0,0,36,1017.1,0,3.3,15.4,7
Delhi,Delhi,25-11-2018,262,137.238,37,278.201,34,57.3314,37,16.8043,30,41.0629,28,2.77472,36,57.4,35,27,12.2,0,9.5,283.1,176.7,19.2,26.7,12.2,19.2,10.3,59.2,0,0,0,0,20.9,1016.7,0,3,15.4,7
Delhi,Delhi,26-11-2018,336,201.414,37,368.986,34,67.7916,37,20.438,30,49.9371,28,3.34886,35,52.9354,35,26.8,10.9,0,11.5,345.9,173.6,18.5,26.9,10.9,18.5,12.2,69.5,0,0,0,0,25.2,1016.1,6.1,2.4,15.1,7
Delhi,Delhi,27-11-2018,352,203.123,37,378.784,34,78.327,37,18.0937,30,53.2993,27,4.23286,35,39.2929,35,27.9,12.2,0,7.1,130.8,142.9,19.9,27.6,12.2,19.8,12.8,67,0,0,0,0,18.4,1017.6,29.5,2.4,12.4,6
Delhi,Delhi,28-11-2018,316,196.068,37,363.05,34,68.0354,37,15.9833,30,56.6611,28,3.65743,35,39.3746,35,27.6,15,0,5.4,100,147.6,20.4,28.1,15,20.5,14.4,70.3,0,0,0,0,17.3,1018.5,31.2,2.2,12.7,6
Delhi,Delhi,29-11-2018,358,205.316,36,365.66,33,61.0653,36,12.6477,30,53.4993,28,3.27314,35,40.9626,34,26,14.4,0,10,267.9,168,19.5,26,14.4,19.5,14,72.3,0,0,0,0,25.2,1018.8,6.2,1.9,14.6,6
Delhi,Delhi,30-11-2018,352,189.488,36,343.623,33,55.0575,36,14.2493,30,47.3111,28,2.74629,35,46.2391,34,26,12.2,0,10,273,169.4,18.5,26,12.2,18.5,12.9,72.2,0,0,0,0,27.7,1018.4,0,2,14.7,6
Delhi,Delhi,01-12-2018,306,146.352,36,301.531,33,56.4611,36,14.938,30,43.2807,28,3.04714,35,51.3541,34,25.1,12.2,0,14.8,268.6,171.4,18.1,25.1,12.2,18.1,11,66.3,0,0,0,0,27.7,1015.6,0,2.7,14.9,7
Delhi,Delhi,02-12-2018,297,165.555,36,333.715,33,66.9231,36,16.384,30,46.5971,28,3.41286,35,54.7879,34,27.6,10.2,0,10.5,245.7,169.3,17.9,26.8,10.2,17.8,9.9,64.4,0,0,0,0,13.7,1014.8,0.5,2.6,14.6,6
Delhi,Delhi,03-12-2018,328,177.629,37,360.415,34,65.7162,37,16.684,30,48.6246,28,3.62139,36,50.774,35,26.6,10.5,0,9.7,288.3,168.3,17.6,26.6,10.5,17.6,9.9,64.7,0,0,0,0,17.6,1015.6,5.5,2.1,14.5,6
Delhi,Delhi,04-12-2018,356,212.093,37,395.856,34,75.1239,36,16.315,30,53.6561,28,4.074,35,45.6386,35,25.6,10.2,0,6.4,285.9,158.5,16.9,25.6,10.2,16.9,10.5,68.9,0,0,0,0,17.3,1017.5,26.5,2,13.7,6
Delhi,Delhi,05-12-2018,331,181.789,37,350.609,34,67.0167,36,15.9407,30,48.6557,28,3.33086,35,39.4223,35,24.8,10,0,8.5,300.1,162.9,16.9,24.8,10,16.9,11.2,71.5,0,0,0,0,18.7,1015.1,18.5,1.9,14.2,6
Delhi,Delhi,06-12-2018,349,214.897,37,397.519,34,72.2473,37,16.317,30,52.3386,28,3.92114,35,49.2629,35,24.8,10,0,8.5,293.5,162.6,16.7,24.8,10,16.7,11.4,73.8,0,0,0,0,19.1,1014.3,13.9,1.9,13.9,6
Delhi,Delhi,07-12-2018,348,193.677,37,356.211,34,55.4073,37,14.1243,30,49.4086,28,2.6925,36,40.9777,35,23.7,10.2,0,14.8,269,165.8,16.2,23.7,10.2,16.2,10.8,72.8,0,0,0,0,27.4,1015.2,6.3,1.8,14.3,6
Delhi,Delhi,08-12-2018,347,216.142,37,365.323,34,59.7973,37,15.2073,30,48.7961,28,3.06389,36,46.2489,35,24,8,0,7.9,275.4,165.5,15.4,24,8,15.4,10.4,75.6,0,0,0,0,18.4,1016.2,0.2,1.9,14.3,6
Delhi,Delhi,09-12-2018,374,227.273,37,395.903,34,67.6062,37,18.2653,30,50.0429,28,3.20543,35,49.458,35,24.8,10,0,7.9,3.9,163.8,16.1,24.8,10,16.1,9.9,70,0,0,0,0,18,1014.9,0,2,14.2,6
Delhi,Delhi,10-12-2018,403,265.819,37,459.679,34,67.2311,37,16.7173,30,54.6025,28,3.24686,35,44.038,35,23.8,9.4,0,7.9,108.1,159.6,16.3,23.8,9.4,16.3,11.3,74.3,0,0,0,0,22.3,1014.4,6.5,1.7,13.8,6
Delhi,Delhi,11-12-2018,413,275.568,37,469.861,34,68.6462,37,15.602,30,57.3707,27,3.42528,36,49.0974,35,21.8,10.5,0.085,9.4,90.2,160,15.9,21.8,10.5,15.9,12,78.8,100,4.17,0,0,20.2,1015.6,31.6,1.4,13.8,6
Delhi,Delhi,12-12-2018,392,200.269,37,319.686,34,53.4062,37,14.479,30,49.4567,27,2.40972,36,36.0654,35,21.1,14,0.941,11.2,105.1,132.9,16.7,21.1,14,16.7,13.4,81.4,100,12.5,0,0,30.2,1016.8,62.7,1.7,11.5,6
Delhi,Delhi,13-12-2018,194,93.06,37,164.635,34,43.2054,37,13.6467,30,41.145,28,1.57222,36,35.5077,35,20.7,12,0,11.2,318.3,147.9,15.5,20.7,12,15.5,11.8,79.4,0,0,0,0,17.6,1020.1,35.4,2.4,12.7,6
Delhi,Delhi,14-12-2018,249,113.897,37,199.525,34,44.9254,37,12.641,30,41.99,28,1.59528,36,37.2729,35,21,9,0,14.4,275.3,163.7,14.7,21,7.9,14.6,10.9,80.3,0,0,0,0,21.6,1022.2,10.9,2,14.1,6
Delhi,Delhi,15-12-2018,261,122.619,37,215.007,34,46.7708,37,13.521,30,42.0914,28,1.51583,36,39.1323,35,22,9,0,11.8,269.7,165.9,14.4,22,7.9,14.2,10.3,78.3,0,0,0,0,26.3,1021.9,0,2.1,14.1,6
Delhi,Delhi,16-12-2018,282,151.217,37,258.984,34,49.7765,37,16.111,29,46.1157,28,2.16029,34,47.8815,34,22.8,8,0,9.4,266,168,14.4,22.8,6.4,14.2,8.9,72.5,0,0,0,0,22.3,1022.2,0.3,2,14.4,6
Delhi,Delhi,17-12-2018,337,185.456,37,332.85,34,58.5684,37,16.6857,30,52.1243,28,2.94861,36,41.6326,35,21.8,7.2,0,11.2,287.8,142.7,13.6,21.8,7.2,13.5,8.2,73,0,0,0,0,25.9,1020.7,32.8,1.9,12.3,6
Delhi,Delhi,18-12-2018,353,203.874,37,340.905,34,60.6481,37,18.1583,30,50.9164,28,2.24972,36,55.1329,35,21.8,6.2,0,15.9,274.1,167.9,13.3,21.8,5.3,13.2,7.7,71.6,0,0,0,0,25.9,1019,9,2.1,14.4,6
Delhi,Delhi,19-12-2018,353,205.097,37,356.225,34,62.6208,37,17.561,29,49.0864,28,3.16722,36,52.9591,35,21.8,7,0,11.5,263.4,167.4,13.6,21.8,7,13.6,7.8,70.6,0,0,0,0,24.5,1018.1,0,2,14.4,6
Delhi,Delhi,20-12-2018,394,258.994,37,433.956,34,69.9792,37,17.9041,29,55.2179,28,3.19056,36,55.4791,35,21.8,5.4,0,13,307,169.3,13,21.8,5.4,13,6.7,70.2,0,0,0,0,21.6,1018.5,0,1.7,14.5,7
Delhi,Delhi,21-12-2018,386,256.147,37,410.468,34,66.9719,37,16.2167,30,58.2718,28,3.50583,36,52.016,35,19.1,6.4,0,13,276,168,12.3,19.1,6.4,12.3,6.8,71.9,0,0,0,0,24.1,1017.4,0,1.6,14.4,6
Delhi,Delhi,22-12-2018,421,332.74,37,506.853,34,77.6178,37,18.9543,30,60.6307,28,3.79389,36,57.3026,35,21.4,5.6,0,5.4,212,168,12.9,21.4,5.6,12.8,6.7,70.8,0,0,0,0,15.8,1017.6,0,1.1,14.4,6
Delhi,Delhi,23-12-2018,450,402.962,37,564.347,34,77.1876,37,17.8583,30,67.5564,28,4.51583,36,59.4731,35,22,6,0,11.2,119.6,166.5,13.3,22,6,13.1,8.1,74.6,0,0,0,0,16.6,1018.3,4.7,1.2,14.4,6
Delhi,Delhi,24-12-2018,448,374.059,37,543.844,34,74.93,37,18.1573,30,65.525,28,4.43944,36,46.0263,35,20.9,6.7,0,11.2,320.2,165.6,13,20.9,6.7,13,8,74.9,0,0,0,0,28.1,1017.6,3.7,1.1,14.4,6
Delhi,Delhi,25-12-2018,409,256.933,37,392.887,34,60.6505,37,14.5117,30,58.7614,28,2.19472,36,44.3197,35,19,6.5,0,23.6,266.5,168.6,11.5,19,4.9,11.1,8.4,83.8,0,0,0,0,33.5,1017.1,9.5,1,14.5,6
Delhi,Delhi,26-12-2018,384,246.363,37,367.632,34,64.6351,37,16.2073,30,51.2057,28,3.33194,36,49.9214,35,20.3,4,0,13,270.7,168.7,11.7,20.3,2.1,11.5,5.9,72.6,0,0,0,0,26.3,1015.5,0,1.5,14.5,6
Delhi,Delhi,27-12-2018,399,290.711,37,449.08,34,78.0832,37,17.8503,30,56.8171,28,4.37056,36,41.9331,35,20.7,5.3,0,13,276.4,164.9,12.4,20.7,4.4,12.3,5.8,68.2,0,0,0,0,19.1,1016.7,0,1.6,14.2,6
Delhi,Delhi,28-12-2018,392,252.741,37,394.777,34,60.3414,37,15.1887,30,55.5264,28,2.47222,36,41.86,35,18,6,0,20.4,273.9,168.6,10.9,18,4,10.3,6.4,76.9,0,0,0,0,33.8,1017.3,0,1.1,14.5,6
Delhi,Delhi,29-12-2018,385,256.02,37,403.764,34,65.2851,37,17.0607,30,51.6571,28,3.36778,36,43.9597,35,19.5,4.7,0,23.9,275.6,169.4,11.5,19.5,3.3,11.2,5.4,70.4,0,0,0,0,28.1,1019.3,0,1.5,14.5,6
Delhi,Delhi,30-12-2018,415,341.992,37,499.195,34,77.3703,37,19.6547,30,57.6514,28,3.82056,36,45.3689,35,21.9,3,0,10.1,278.4,165.8,12.2,21.9,0.9,12.1,5.9,70.7,0,0,0,0,15.8,1021.3,5.6,1.6,14.3,6
Delhi,Delhi,31-12-2018,420,313.562,37,489.97,34,70.2773,37,17.5013,30,55.9568,28,3.40061,33,39.0377,35,21.9,5.6,0,21.2,283,167,12.6,21.9,4.1,12.5,6.1,69.5,0,0,0,0,28.8,1021.2,0,1.3,14.4,6
Delhi,Delhi,01-01-2019,393,288.412,37,462.994,34,69.2897,37,17.997,30,56.9025,28,3.52686,35,40.3057,35,22.3,5.8,0,9.4,272.2,160.9,13.2,22.3,4.7,13,6.9,70.1,0,0,0,0,19.8,1020,9.1,1.7,13.8,6
Delhi,Delhi,02-01-2019,430,333.376,37,517.638,34,76.063,37,18.7237,30,63.4839,28,3.39143,35,44.902,35,22.7,7.9,0,11.2,144.6,164.5,14.9,22.7,7.9,14.9,8.9,70.6,0,0,0,0,19.8,1020,16.2,1.5,14.2,6
Delhi,Delhi,03-01-2019,444,348.412,37,515.134,34,64.3554,37,15.004,30,60.6775,28,3.65735,34,34.4546,35,19.9,7,0,21.1,274.5,166.9,12.6,19.9,6.2,12.4,9.5,83.1,0,0,0,0,31,1021.4,0,0.8,14.4,6
Delhi,Delhi,04-01-2019,386,250.704,37,397.159,34,56.8811,37,13.765,30,54.0418,28,3.39676,34,25.3089,35,17.7,8,0,21.5,274.4,134.3,11.9,17.7,4.9,11.3,9.6,87.3,0,0,0,0,22,1020.3,38.3,0.8,11.6,6
Delhi,Delhi,05-01-2019,407,257.586,36,407.408,33,60.4386,36,15.7727,30,56.0543,28,2.5397,33,35.5665,34,20.9,7.6,0,21.6,113,165.6,13.3,20.9,7,12.8,9.2,78.8,0,0,0,0,32.8,1018.6,17.4,1,14.3,6
Delhi,Delhi,06-01-2019,336,168.461,36,247.839,32,50.0911,36,13.6583,30,55.6243,28,1.82812,32,36.2241,34,19.2,10.5,5.552,22.3,26.8,129.3,14.2,19.2,10.5,14.2,10.9,81.6,100,12.5,0,0,23.4,1017.9,53,1.5,10.9,5
Delhi,Delhi,07-01-2019,333,181.99,36,287.184,33,52.2372,36,15.7107,30,55.9514,28,2.16375,32,29.1135,34,19.5,8,0,11.2,277,168.4,12.9,19.5,8,12.8,10.5,86.7,0,0,0,0,22,1019.7,25,1.1,14.4,6
Delhi,Delhi,08-01-2019,320,155.658,37,243.375,34,48.0432,37,15.124,30,49.5843,28,1.66455,33,34.7743,35,19.6,8,0,15,281.8,158.7,12.8,19.6,7.4,12.7,9.9,84.5,0,0,0,0,26.3,1018.1,29.5,0.7,13.6,6
Delhi,Delhi,09-01-2019,288,142.302,37,240.697,34,49.327,37,15.5907,30,43.2714,28,1.82697,33,42.7571,35,20.3,7,0,24.3,281.8,173.4,13.3,20.3,4.8,12.9,8,74.2,0,0,0,0,32.4,1017.3,0,2.1,15,7
Delhi,Delhi,10-01-2019,292,172.394,37,289.986,34,57.677,37,17.2933,30,45.2093,28,3.29152,33,42.4623,35,20.5,7.5,0,11.2,270.1,174.8,13.1,20.5,6.8,12.9,7.4,72,0,0,0,0,21.6,1016.9,13.4,1.8,15.2,7
Delhi,Delhi,11-01-2019,371,284.901,37,432.667,34,77.1554,37,20.2462,29,57.1871,28,3.52485,33,38.7366,35,21.5,6.7,0,9.4,51.5,170.7,14,21.5,6.7,14,8.1,71.9,0,0,0,0,17.3,1018.3,16.8,1.6,14.6,6
Delhi,Delhi,12-01-2019,423,308.262,37,463.92,34,86.1219,37,17.43,29,63.6914,28,3.95467,30,44.6094,35,22,8.8,0,11.2,133.2,158.7,14.8,22,8.8,14.8,9,72.2,0,0,0,0,20.2,1017.4,43.7,1.3,13.7,6
Delhi,Delhi,13-01-2019,414,262.777,35,389.398,33,63.2775,36,17.7968,28,62.4079,28,3.28,32,47.4194,33,22.4,9.6,0,14.8,308.4,162.9,15.8,22.4,9.6,15.8,10.8,74.2,0,0,0,0,25.9,1019.3,25.4,1.2,14,6
Delhi,Delhi,14-01-2019,247,91.8078,36,172.251,34,42.1956,36,15.3696,28,40.0907,28,1.205,32,42.92,34,19,9,0,24.6,273.3,184.2,13.3,19,7.6,13,5.9,64.5,0,0,0,0,38.5,1019.4,2.1,2.4,15.9,7
Delhi,Delhi,15-01-2019,237,142.938,36,249.601,34,53.1917,36,17.533,27,40.4636,28,2.47531,32,34.3544,34,18.7,6,0,18.4,270.7,177.5,11.2,18.7,4,10.4,5.6,71.1,0,0,0,0,33.8,1018.4,32.3,2.2,15.1,7
Delhi,Delhi,16-01-2019,371,277.482,37,436.307,34,84.6057,37,20.6125,28,54.6804,28,3.5275,32,33.8763,35,20,6.2,0,9.4,105.9,154.5,12.6,20,6.2,12.6,7.3,73.3,0,0,0,0,14.8,1018.2,52.4,1.3,13.3,6
Delhi,Delhi,17-01-2019,440,355.736,36,517.396,33,84.1136,36,19.8283,29,60.0804,28,4.27125,32,43.5026,34,21.7,6.3,0,14.8,289.6,180.8,13.4,21.7,6.3,13.4,8.2,74.6,0,0,0,0,22,1017,8.2,1,15.6,7
Delhi,Delhi,18-01-2019,397,239.962,37,372.266,34,67.6006,36,14.9859,29,48.95,27,3.03938,32,35.4991,35,20.8,6,0,22.8,267.5,182,12.6,20.8,4.4,12.3,8.2,78.4,0,0,0,0,20.9,1017.2,13.1,1,15.6,7
Delhi,Delhi,19-01-2019,378,264.408,37,405.626,33,78.8751,37,18.3376,29,50.8093,28,3.59364,33,40.0546,35,25.1,7.7,0,9.4,257.1,174.5,15.1,25.1,7.7,15.1,8.8,71.6,0,0,0,0,19.4,1017.1,14,1.5,15.2,7
Delhi,Delhi,20-01-2019,404,302.896,37,475.23,34,103.152,37,20.9052,29,62.4846,28,5.06091,33,52.638,35,28,9.5,0,9.4,207.2,165.8,18.3,27.8,9.5,18.1,10,63.9,0,0,0,0,15.8,1015.9,44.1,2,14.2,6
Delhi,Delhi,21-01-2019,346,160.09,37,277.679,34,59.4151,37,16.6748,29,56.3036,28,2.65897,29,29.302,35,23,13,10.507,26.5,103.3,122.9,16.8,23,13,16.8,12.8,79.2,100,8.33,0,0,44.6,1013.1,59.8,1.8,10.6,6
Delhi,Delhi,22-01-2019,104,53.9322,37,74.967,33,38.3316,37,12.1745,29,39.7325,28,1.24455,33,28.5631,35,18,13,29.553,22.3,105.3,125.1,15.2,18,13,15.2,14.4,95,100,12.5,0,0,37.1,1013.8,66.8,1.8,10.7,6
Delhi,Delhi,23-01-2019,212,143.641,37,227.65,33,48.7727,37,14.6014,29,42.9682,28,2.38774,31,31.7623,35,18.4,9.8,0,11.2,278.5,131,13,18.4,8.7,12.9,11.8,93.4,0,0,0,0,19.1,1017.5,30,1,11.4,5
Delhi,Delhi,24-01-2019,311,123.57,37,211.482,33,43.1478,37,14.8903,29,40.8233,27,1.65273,33,36.5794,35,20.8,11,2.701,20.5,356.7,165,14.7,20.8,11,14.7,12.4,86.7,100,4.17,0,0,18.4,1019.6,48.3,1.4,14.1,6
Delhi,Delhi,25-01-2019,151,83.4708,36,138.148,33,41.2695,37,15.0645,29,34.6807,28,1.29091,33,37.1834,35,18,10.5,2.552,13,313.4,163.4,13.8,18,10.5,13.8,10.8,83.5,100,4.17,0,0,22.7,1019.7,49.9,1.8,14.1,7
Delhi,Delhi,26-01-2019,233,102.298,36,169.547,32,38.393,37,14.551,29,33.3532,28,1.10844,32,50.5891,33,18.8,7.3,0,14.8,289.6,190.7,12.5,18.8,6.4,12.3,6.5,70.3,0,0,0,0,27,1022.2,8.5,2,16.5,7
Delhi,Delhi,27-01-2019,262,134.217,37,211.063,32,43.2557,37,16.2034,29,35.2932,28,1.20036,28,44.0206,31,18.5,5.1,0,31.8,295,170.3,11.2,18.5,4,10.8,7.1,77.9,0,0,0,0,33.5,1022.6,21.5,1.8,14.8,6
Delhi,Delhi,28-01-2019,267,123.194,37,209.982,32,47.3835,37,15.841,30,34.6059,27,1.43,33,48.466,35,18.8,6,0,24.6,274.8,197.9,11.9,18.8,4.4,11.5,6.6,72.6,0,0,0,0,40.7,1022.1,0,2.6,16.9,7
Delhi,Delhi,29-01-2019,276,145.35,37,243.992,33,51.2289,37,18.8847,30,36.46,28,1.96879,33,49.3849,35,19.8,6,0,16.6,279.2,198.4,12.2,19.8,4.4,11.7,6.2,69.3,0,0,0,0,28.1,1020.5,11.1,2.5,17.2,7
Delhi,Delhi,30-01-2019,327,210.452,37,341.225,33,63.8324,37,24.9566,29,43.1604,28,2.94229,35,48.8714,35,20.2,6.8,0,13.6,260.6,180.7,13.1,20.2,5.6,13,7.1,69.6,0,0,0,0,23.4,1019.1,44.2,1.7,15.5,7
Delhi,Delhi,31-01-2019,359,196.443,37,323.914,33,63.2381,37,20.3541,29,50.0871,28,2.71969,32,41.8283,35,20.8,10,0,16.1,104.5,179.9,14.6,20.8,10,14.6,9.5,72.6,0,0,0,0,33.5,1017.7,62.7,2.1,15.5,7
Delhi,Delhi,01-02-2019,306,179.946,37,267.697,33,48.6319,37,17.46,29,49.4511,28,1.42833,36,39.3246,35,21,11.9,0,15.4,280.4,156.2,15.4,21,11.9,15.4,12,81.4,0,0,0,0,20.2,1018.4,53.7,1.7,13.5,6
Delhi,Delhi,02-02-2019,332,177.065,37,268.554,33,35.5824,37,11.8745,29,42.8225,28,1.74343,35,32.8088,34,17.6,8,0,21,271.2,195.5,12.1,17.6,6,11.5,11.3,95.1,0,0,0,0,25.9,1018.7,54.6,0.8,16.9,7
Delhi,Delhi,03-02-2019,289,130.748,36,212.318,32,34.7022,36,12.1561,28,40.4533,27,1.87424,33,32.1174,34,19.6,10,0,15.6,278.5,198,13.2,19.6,8.7,13.1,11.7,91.4,0,0,0,0,24.1,1019.8,19.4,1,17,7
Delhi,Delhi,04-02-2019,288,150.239,36,255.162,32,54.3036,36,14.5129,28,40.1226,27,3.33029,35,43.6268,34,22.6,8,0,11.2,266.3,197.9,14.1,22.6,6.8,14,10.5,81.5,0,0,0,0,20.2,1020.2,25.5,1.6,17,7
Delhi,Delhi,05-02-2019,382,256.725,36,413.415,32,75.6372,36,22.1225,28,54.1163,27,4.18229,35,53.6521,34,24.6,10.2,0,10,104,161.5,16.8,24.6,10.2,16.8,12.4,77.4,0,0,0,0,20.2,1017.5,41,1.7,14,6
Delhi,Delhi,06-02-2019,352,171.56,36,261.392,33,48.4064,36,15.8261,28,53.9619,27,1.99912,34,37.6003,34,25,13.3,0.681,21.8,115.2,159.9,18.6,25,13.3,18.6,15.8,84.6,100,4.17,0,0,32,1012.4,33.7,1.7,13.8,7
Delhi,Delhi,07-02-2019,176,62.4632,37,107.478,33,30.8911,37,11.2793,29,36.8546,28,0.9525,36,29.664,35,18.2,13.3,7.033,33.2,114.4,86.3,16.4,18.2,13.3,16.4,15.3,93.7,100,8.33,0,0,46.4,1010.3,58.8,2,7.4,4
Delhi,Delhi,08-02-2019,144,73.7714,37,157.845,33,39.3751,37,13.0407,29,30.5264,28,1.02222,36,40.3114,35,20.1,8,0,17.7,283,178.2,13.9,20.1,8,13.9,9.8,78.6,0,0,0,0,29.5,1016.4,10.9,2.4,15.4,7
Delhi,Delhi,09-02-2019,158,86.1886,37,173.909,33,38.443,37,13.6876,29,30.4571,28,1.59171,35,48.4251,35,20,8,0,18,280.1,212.2,13.6,20,6,13.1,9,76.4,0,0,0,0,27.4,1018.9,0,2.6,18.4,8
Delhi,Delhi,10-02-2019,276,144.543,37,259.632,32,48.3976,37,16.6676,29,32.7465,26,1.67486,35,47.3406,34,20.6,7,0,22.4,275,175.9,13.7,20.6,7,13.7,9.3,76.9,0,0,0,0,23.4,1020.2,41.9,1.9,15.2,7
Delhi,Delhi,11-02-2019,309,173.839,37,310.188,33,58.1289,37,17.8521,29,40.5629,28,2.13056,36,53.0294,35,21.8,9.2,0,11.2,291.1,174.6,15.2,21.8,8.5,15.2,10.1,73.9,0,0,0,0,18,1020.5,42.7,2,15.3,7
Delhi,Delhi,12-02-2019,342,217.916,37,363.573,33,66.7951,37,20.3703,29,48.5261,28,2.44611,36,59.4451,35,22.9,11.3,0,7.6,10.2,182.5,16.7,22.9,11.3,16.7,12.7,78.7,0,0,0,0,16.2,1020.5,42.8,1.4,15.8,7
Delhi,Delhi,13-02-2019,367,197.218,37,343.305,33,70.3392,37,18.8121,29,48.8875,28,2.43694,36,61.8029,35,25,12.4,0,11.6,100.6,197.8,18.3,25,12.4,18.3,13,73.6,0,0,0,0,17.6,1019.6,57.3,1.8,17,8
Delhi,Delhi,14-02-2019,340,148.9,37,229.797,33,50.8292,37,14.5003,29,45.5711,28,1.7075,36,33.3949,35,21,15.1,9.806,18.4,107.9,104,17.4,21,15.1,17.4,15,86.2,100,12.5,0,0,37.4,1015.2,67,1.5,9,4
Delhi,Delhi,15-02-2019,245,126.262,37,200.445,34,42.9028,36,15.6434,29,40.9285,27,1.37944,36,33.6703,35,21.5,13.8,0.1,15.6,277.8,136.3,16.7,21.5,13.8,16.7,14.2,85.8,100,4.17,0,0,34.2,1015.5,57.1,1.7,11.7,5
Delhi,Delhi,16-02-2019,276,111.977,36,183.719,32,33.3709,35,13.1576,29,34.7393,27,1.26257,35,25.9609,34,19.2,13,0,16.6,282,128,15.3,19.2,13,15.3,13.8,91.4,0,0,0,0,27,1017.3,42.4,1.2,11.1,5
Delhi,Delhi,17-02-2019,222,99.8519,36,181.334,32,40.0731,35,15.1876,29,31.6108,25,1.481,30,48.2776,33,21,11,0,20.3,268.6,210.4,15.5,21,11,15.5,12.3,83.5,0,0,0,0,33.5,1014.2,36.6,1.4,18.3,7
Delhi,Delhi,18-02-2019,255,103.691,31,205.964,27,54.7416,31,16.529,29,32.9539,28,1.26241,29,48.2493,30,24.8,12.3,0.63,21.3,131.9,157.5,18.1,24.8,12.3,18.1,12.5,73,100,4.17,0,0,25.9,1009.4,56.4,2.1,13.6,7
Delhi,Delhi,19-02-2019,221,134.163,37,251.181,33,55.1357,37,16.2328,29,41.9414,28,2.47611,36,48.3257,35,23.9,13.2,0,12,109.4,203.1,18.4,23.9,13.2,18.4,14.4,79.7,0,0,0,0,30.6,1012.5,47.1,2,17.5,7
Delhi,Delhi,20-02-2019,271,95.5062,37,176.878,33,50.2243,37,16.9024,29,40.4686,28,1.70743,35,20.044,35,20.8,15,2.171,11.4,84.4,86.6,18.1,20.8,15,18.1,15.9,87.5,100,12.5,0,0,30.6,1017.4,65.3,2,7.5,3
Delhi,Delhi,21-02-2019,144,76.8411,37,190.717,33,47.1646,37,20.6833,30,38.315,28,2.38778,36,41.4874,35,27.8,15,0,15.4,103.2,199.3,21,28.3,15,21.1,15.3,71.6,0,0,0,0,33.5,1016.1,48.1,3.2,17.3,7
Delhi,Delhi,22-02-2019,186,71.2278,37,139.733,34,32.3884,37,13.6143,30,37.7693,28,1.24889,36,31.5969,35,23,15,0,24.5,289.2,214.4,18.7,23,15,18.7,14.7,78.5,0,0,0,0,40.7,1016.8,41.1,2.3,18.5,8
Delhi,Delhi,23-02-2019,113,57.0395,37,116.966,33,36.1586,37,16.145,30,26.4564,28,0.989444,36,52.6274,35,22,9,0,29.4,284.7,230.8,16.4,22,7.2,16.3,9.7,66.5,0,0,0,0,44.4,1015.3,34.9,3.2,20.1,8
Delhi,Delhi,24-02-2019,190,90.8586,37,165.71,33,45.9465,37,19.1563,30,30.4529,28,1.42457,35,61.2979,34,23.6,13,0,16.6,270.6,232.7,17.1,23.6,13,17.1,9.7,65.4,0,0,0,0,23.4,1012,35.1,2.8,20.1,8
Delhi,Delhi,25-02-2019,217,88.1451,37,168.688,33,53.2249,37,17.7957,30,33.5018,28,1.546,35,63.0669,35,25,11,1.851,22.3,71.5,194.1,17.2,25,11,17.2,9.8,65,100,4.17,0,0,27.7,1011.1,48.4,2.7,16.8,8
Delhi,Delhi,26-02-2019,116,60.3986,37,122.315,33,48.8997,37,16.9183,30,32.2086,28,0.975278,36,42.2994,35,21,11.7,0.17,24.1,86.1,192.5,15.7,21,11.7,15.7,9.4,67.7,100,4.17,0,0,38.9,1011.3,63,3,16.7,7
Delhi,Delhi,27-02-2019,100,54.3038,37,105.157,33,39.3576,37,14.3103,30,28.5611,28,1.35806,36,31.3986,35,19,11.3,0,14.8,340.8,200.4,15,19,11.3,15,9.6,71.7,0,0,0,0,27.4,1011.5,45.8,3.2,17.2,7
Delhi,Delhi,28-02-2019,170,97.7851,37,186.552,33,45.1643,37,17.5067,30,30.9379,28,1.50972,36,48.2963,35,21.3,9,0,23.5,297.3,234.7,15,21.3,9,15,8.9,69.4,0,0,0,0,31.7,1015.3,21.6,2.8,20.3,8
Delhi,Delhi,01-03-2019,225,95.8465,37,184.538,34,48.9214,37,16.0683,30,29.9636,28,1.47639,36,55.0617,35,23.3,8.7,0,16.6,286.3,243.4,16.3,23.3,8.7,16.2,8.1,62.9,0,0,0,0,24.8,1015.8,9.6,2.9,20.8,8
Delhi,Delhi,02-03-2019,217,107.097,37,177.839,33,61.3684,37,17.7897,30,36.3482,28,1.47743,35,24.608,35,18.7,13,6.391,18.4,73.1,106.9,15.6,18.7,13,15.6,12.3,81.3,100,16.67,0,0,18.7,1015.9,74,2,9.3,4
Delhi,Delhi,03-03-2019,117,65.3947,36,113.766,32,39.7858,36,13.7441,29,31.2692,26,1.89,34,44.2564,33,22.1,12,2.722,18.4,118.5,158.6,16.6,22.1,12,16.6,13.9,85.2,100,8.33,0,0,19.4,1012.6,57.3,2.3,13.8,6
Delhi,Delhi,04-03-2019,234,102.541,37,176.612,33,39.2805,37,14.6533,30,35.9646,28,2.19486,35,42.3574,34,23.7,12.3,0,15.4,287.4,213.4,18.2,23.7,12.3,18.2,14.5,80.9,0,0,0,0,28.4,1009.8,31.1,1.9,18.3,7
Delhi,Delhi,05-03-2019,140,70.8608,36,143.467,32,39.2117,36,14.6793,30,28.6196,28,1.43033,30,47.8988,33,23,12,0,18,280.8,225.1,17.7,23,12,17.7,12.1,72.4,0,0,0,0,28.8,1010.8,27.4,2.5,19.6,8
Delhi,Delhi,06-03-2019,186,84.0386,37,170.991,33,44.7408,37,15.4583,30,28.8571,28,1.70714,35,51.1294,35,24.1,11,0,16.2,281.2,251,17.7,24.1,11,17.7,10.4,65.8,0,0,0,0,35.3,1011.9,10.7,2.9,21.7,9
Delhi,Delhi,07-03-2019,217,104.355,37,213.555,33,51.4311,37,16.7777,30,32.3257,28,1.75583,36,60.9403,35,26,10.4,0,15.9,276.5,252.4,18.7,26,10.4,18.7,10.1,62.1,0,0,0,0,22.3,1012.3,2.6,2.8,21.6,9
Delhi,Delhi,08-03-2019,197,92.1111,37,205.408,34,50.5684,37,17.772,30,32.8804,28,1.425,36,56.6791,34,26,13.2,0,14.4,1.9,239.3,19.8,26,13.2,19.8,11.9,63.1,0,0,0,0,24.1,1013.8,19.5,3,20.6,9
Delhi,Delhi,09-03-2019,187,72.8278,37,163.513,33,40.7965,37,17.5417,30,30.4404,28,1.03629,35,46.6286,35,26.2,14.2,0,14.8,304.5,236.5,20.1,26.2,14.2,20.1,11.6,60,0,0,0,0,31.7,1013.9,17.1,3.5,20.3,9
Delhi,Delhi,10-03-2019,160,76.9841,37,171.447,33,46.0946,37,17.3113,30,27.4329,28,1.41559,34,69.9994,34,26.8,11.5,0,16.6,282.5,261.9,19.6,26.4,11.5,19.6,9.8,56.4,0,0,0,0,24.1,1014.2,6.8,3.6,22.6,9
Delhi,Delhi,11-03-2019,187,80.5251,37,204.01,33,51.157,37,17.999,30,31.0618,28,1.45306,36,65.1294,35,27.8,14.5,0.555,23.8,131,207.5,21.4,27.7,14.5,21.4,12.7,59.5,100,4.17,0,0,48.2,1013.4,40.4,3.4,17.9,8
Delhi,Delhi,12-03-2019,134,56.5622,37,131.45,33,37.3124,37,14.2803,30,29.54,28,1.00639,36,54.4083,35,27,15.2,0,14.8,334.6,232.9,21.1,26.8,15.2,21.1,12.6,61.3,0,0,0,0,31.7,1015.6,46.1,3.2,20.2,8
Delhi,Delhi,13-03-2019,178,93.2389,37,243.11,33,57.7341,37,22.469,30,33.0432,28,1.98194,36,40.2177,35,24.8,16,0,11.2,339.8,153.3,20.1,24.8,16,20.1,12.2,61.8,0,0,0,0,24.5,1015.9,60,3.3,13.4,5
Delhi,Delhi,14-03-2019,266,107.828,37,213.194,33,48.0759,37,17.3287,30,38.4057,28,1.87472,36,35.5974,35,24,13.4,0.77,18.4,324.5,197,18,24,13.4,18,12.8,73.2,100,4.17,0,0,37.1,1016.8,53.6,2.7,16.8,7
Delhi,Delhi,15-03-2019,154,74.7746,37,146.578,34,40.5227,37,16.6337,30,32.5686,28,1.20889,36,50.8663,35,25.8,11,0,13,291.6,266.8,18.6,25.8,11,18.6,12.7,71.5,0,0,0,0,27.7,1018.2,15.1,2.5,22.9,9
Delhi,Delhi,16-03-2019,139,70.1384,37,145.576,33,41.0097,37,15.827,30,27.7525,28,1.20222,36,66.5249,35,26,13,0,14.8,283.6,257.2,19.6,26,13,19.6,12.4,66.1,0,0,0,0,28.4,1016.6,27.5,3.1,22.2,9
Delhi,Delhi,17-03-2019,192,93.9686,37,185.822,33,46.3486,37,20.592,30,30.287,27,1.27143,35,66.5432,34,27.8,14,0,14.8,279.2,267,21.1,27.3,14,21.1,12.3,60,0,0,0,0,23.4,1014.6,29.7,3.2,23.1,9
Delhi,Delhi,18-03-2019,196,100.854,37,207.085,33,50.6654,37,20.8343,30,31.84,28,1.51,36,74.4731,35,28.1,13.8,0,16.6,284.7,263.1,21.1,27.7,13.8,21.1,12.8,61.9,0,0,0,0,21.6,1014.1,15.8,2.9,22.9,9
Delhi,Delhi,19-03-2019,216,104.261,37,233.389,33,54.4662,37,21.2393,30,33.22,28,1.748,35,65.6217,35,30.9,14.7,0,11.2,264.9,259.1,22.7,30.4,14.7,22.6,13.4,59.6,0,0,0,0,24.1,1010.5,10.9,2.7,22.4,9
Delhi,Delhi,20-03-2019,208,92.8714,37,241.51,33,53.8294,36,21.3423,30,36.2163,27,1.60029,34,57.94,35,34,17.4,0,16.1,145,240.1,25.7,34.3,17.4,25.6,14.3,51.7,0,0,0,0,46.8,1008.7,40.9,2.9,20.7,8
Delhi,Delhi,21-03-2019,242,111.634,36,193.241,32,32.7591,34,19.8983,29,38.4364,25,2.01771,35,68.1738,34,31.5,18.8,0,16.6,341.1,246.4,25.1,29.9,18.8,24.7,13.3,51.5,0,0,0,0,23.4,1012.1,34.3,3.1,21.5,9
Delhi,Delhi,22-03-2019,114,39.2165,37,124.472,33,33.3416,37,16.3067,30,26.9054,28,0.889167,36,62.8763,35,29.8,17,0,24.3,291.1,280.3,23.5,28.3,17,23.2,10.2,45.9,0,0,0,0,35.6,1014.4,11.5,3.8,24.3,9
Delhi,Delhi,23-03-2019,132,55.0303,37,139.006,33,33.4227,37,17.594,30,26.2725,28,0.986857,35,72.3556,34,30.1,16,0,22.3,281,280.4,23.2,28.9,16,23,11.5,49.8,0,0,0,0,39.2,1013.6,11.9,3.6,24.2,9
Delhi,Delhi,24-03-2019,121,53.4751,37,137.015,33,34.3657,37,20.1,30,27.7459,27,0.879444,36,60.702,35,31.9,15,0,15.1,292.3,261.5,24,30.8,15,23.8,12.8,51.6,0,0,0,0,36.4,1012,9,3.5,22.6,9
Delhi,Delhi,25-03-2019,139,66.3941,37,154.957,34,34.5235,37,19.5987,30,29.9436,28,1.00722,36,52.3717,35,30.1,17,0,14.8,291.8,225.4,23,29.5,17,22.9,14.4,61,0,0,0,0,33.5,1012.3,43,3.4,19.4,9
Delhi,Delhi,26-03-2019,159,76.8895,37,173.735,33,41.3316,37,19.6977,30,29.7771,28,1.23722,36,65.8366,35,30,16,0,22.4,280.8,281.2,23.2,29.3,16,23.1,14,58.9,0,0,0,0,33.5,1013.5,5.2,3.3,24.2,9
Delhi,Delhi,27-03-2019,171,79.2997,36,191.712,32,49.9711,36,20.445,30,29.6629,28,1.89972,36,74.4866,35,31.2,16,0,18,281.7,263.1,24.6,30.3,16,24.3,13.1,51.5,0,0,0,0,30.6,1014.3,25.5,3.5,22.8,9
Delhi,Delhi,28-03-2019,234,117.358,36,263.91,32,59.9036,36,25.283,30,34.8221,28,2.20528,36,86.2606,35,35,17.6,0,9.7,271.9,275.3,26.3,36.2,17.6,26.4,15.5,54.4,0,0,0,0,25.2,1012,10.9,3.2,23.9,9
Delhi,Delhi,29-03-2019,232,110.815,37,256.206,33,58.6743,37,19.479,30,41.0793,28,2.40083,36,79.6657,35,36.7,20.5,0,13.5,280.1,263.7,28.6,36.6,20.5,28.7,16.9,53.4,0,0,0,0,28.1,1008.9,12.6,3.5,22.9,9
Delhi,Delhi,30-03-2019,233,101.684,37,242.693,33,53.7241,37,22.203,30,41.0132,28,1.90917,36,82.7829,35,39,22,0.255,18,29.5,252.1,30.2,39,22,30.5,17.2,50,100,4.17,0,0,53.6,1007.8,26.9,3.2,21.8,9
Delhi,Delhi,31-03-2019,182,57.7003,36,177.431,32,37.5247,36,18.9624,29,31.3281,26,1.11,35,71.6079,34,34.1,22.4,0,23.2,286.1,291.6,28.4,31.9,22.4,27.7,12.9,42.4,0,0,0,0,37.9,1008.9,27.1,3.7,25.3,9
Delhi,Delhi,01-04-2019,151,59.7732,37,176.534,34,39.2157,37,20.5267,30,26.6768,28,1.00943,35,78.6115,34,33.8,16,0,21.1,277.7,298.2,26.6,32.5,16,25.9,11.3,41.5,0,0,0,0,35.3,1009.1,0,3.7,25.7,10
Delhi,Delhi,02-04-2019,198,90.6547,36,218.053,32,56.1742,36,24.5159,29,29.3263,27,1.37543,35,95.3759,34,35,17.7,0,14.2,284.6,297.5,27.1,33.5,17.7,26.5,11.8,42.2,0,0,0,0,23.4,1009.7,4.8,3.9,25.6,10
Delhi,Delhi,03-04-2019,187,85.7927,37,216.948,33,55.4095,37,22.051,30,30.7989,28,1.96278,36,89.6965,34,36.2,19,0,15.4,273.5,292.7,27.9,35.3,19,27.5,12.8,42.3,0,0,0,0,24.8,1008.7,12.8,3.7,25.3,9
Delhi,Delhi,04-04-2019,254,117.438,37,271.738,33,63.1324,37,28.6517,30,36.3632,28,2.418,35,98.4137,35,39,20.7,0,14.1,250.1,290.2,29.8,38.2,20.7,29.8,15.1,44.5,0,0,0,0,17.3,1009.3,9.4,3.6,24.9,9
Delhi,Delhi,05-04-2019,264,124.706,37,289.327,33,63.0343,37,28.2617,30,41.3989,28,2.42389,36,102.491,35,40,21.5,0,23,270.5,274.4,30.8,42,21.5,30.8,15.6,44.1,0,0,0,0,22,1008.2,10.7,3.4,23.6,9
Delhi,Delhi,06-04-2019,266,98.2511,37,311.098,33,50.0184,37,23.5697,30,37.0982,28,1.86735,34,85.2951,35,38.6,23.9,0,11.4,325,265.5,31.9,39,23.9,32,15.1,38,0,0,0,0,37.4,1006.9,22.7,3.6,23,9
Delhi,Delhi,07-04-2019,302,149.151,37,338.618,33,42.1314,37,19.893,30,51.5315,27,2.14824,34,63.7159,34,35,23,5.851,32.5,109,232.6,30,40.2,23,32.3,19.8,55.2,100,8.33,0,0,42.8,1006.1,40.2,2.5,20.1,9
Delhi,Delhi,08-04-2019,264,79.9492,37,280.851,34,46.2327,37,15.692,30,40.705,28,1.30639,36,75.4329,35,36,21.8,0,17.2,61.1,278.2,28,36.8,21.8,28.4,16.9,53.2,0,0,0,0,29.5,1007.2,29.7,2.8,24,9
Delhi,Delhi,09-04-2019,204,90.2922,37,236.767,33,54.4397,37,22.3073,30,38.1636,28,2.14167,36,90.0286,35,37,22.3,0,11.2,60.7,290.5,29.6,38.1,22.3,29.9,16.9,48.7,0,0,0,0,20.2,1006.8,13.3,3.5,25.1,9
Delhi,Delhi,10-04-2019,238,96.9303,37,243.657,33,54.8494,36,20.9627,30,40.3644,27,2.4,35,85.1789,35,38.8,22.9,0,15.5,299.5,280.7,31.3,38.6,22.9,31.4,16.4,44.5,0,0,0,0,27.4,1008,4.4,3.5,24.3,9
Delhi,Delhi,11-04-2019,183,70.8392,37,210.283,33,48.0262,37,22.118,30,34.0639,28,1.43639,36,80.974,35,38.9,24.5,0,15.3,314.6,282.9,32,38.8,24.5,31.9,15,38.4,0,0,0,0,25.9,1007.8,18.1,4,24.4,9
Delhi,Delhi,12-04-2019,212,61.4386,37,221.666,33,39.7881,37,19.3663,30,33.6757,28,1.53056,36,71.7569,35,37,25,0.625,17.8,345.7,280.3,30.6,39.1,25,30.9,15.8,42.4,100,8.33,0,0,34.9,1008.4,26.2,3.8,24.1,9
Delhi,Delhi,13-04-2019,170,54.6343,37,177.746,33,37.4658,36,20.9873,30,32.2848,27,1.225,34,66.3544,34,38,23.7,0,25.4,326.7,277.1,31.2,39,23.7,31.1,14.9,38.7,0,0,0,0,40.7,1008.9,4.7,3.9,23.9,9
Delhi,Delhi,14-04-2019,137,52.1881,37,174.17,33,36.1711,36,20.9267,30,29.5348,27,1.33972,36,66.2303,35,39,24,0,18.4,307.6,293.3,31.6,39.3,24,31.5,14.5,37,0,0,0,0,43.2,1008.8,7.1,4.1,25.3,10
Delhi,Delhi,15-04-2019,168,57.3141,37,199.237,34,42.967,37,22.9997,30,29.6154,28,2.4,36,60.6757,35,40,27,0,18,299.2,287.6,33.2,40.4,27,33,14.4,33.6,0,0,0,0,32,1006.7,21.4,3.9,24.9,10
Delhi,Delhi,16-04-2019,180,55.9065,37,159.86,33,32.8241,37,12.418,30,30.3043,28,1.18571,35,50.025,34,30.5,21,1.2,27.7,153.6,161.4,25.8,32.9,21,26.2,16.9,58.9,100,12.5,0,0,46.4,1010.2,75.7,2.8,13.9,6
Delhi,Delhi,17-04-2019,84,23.5697,37,63.2558,33,27.3,37,11.53,30,26.7211,28,1.00361,36,58.7891,35,28.8,19,0.544,25.4,151.8,191.9,23.1,29.5,19,23.2,16.2,66,100,8.33,0,0,46.4,1011,64,2.7,16.5,8
Delhi,Delhi,18-04-2019,114,41.3241,37,98.4703,33,40.5886,37,15.4473,30,26.3496,28,1.45778,36,78.5223,35,30.8,18,0,11.5,339.1,274.3,24.6,31,18,24.7,15.5,59.5,0,0,0,0,23,1012,27.1,3.7,23.6,9
Delhi,Delhi,19-04-2019,157,72.397,37,159.602,33,46.9997,37,21.9977,30,29.9961,28,1.62743,35,77.7643,35,32,19,0,14.4,255.6,272.3,26.2,31.8,19,26.2,15,51.8,0,0,0,0,24.1,1009.6,14.5,3.6,23.5,9
Delhi,Delhi,20-04-2019,198,89.8078,37,199.165,33,54.5138,37,26.5397,30,28.8986,28,2.16676,34,95.1717,35,34.8,15.9,0,9.4,260.7,284.9,28,34.9,15.9,27.7,14.8,47.3,0,0,0,0,19.4,1007,18.1,3.5,24.6,9
Delhi,Delhi,21-04-2019,203,95.2516,37,223.043,33,56.1686,36,22.381,30,31.2596,27,2.12676,34,88.868,35,37.2,22.3,0,16.3,262.2,289.3,30.4,37,22.3,30.2,14.3,39.5,0,0,0,0,28.4,1005.2,11.5,3.4,25.1,9
Delhi,Delhi,22-04-2019,236,110.206,35,262.243,31,60.6506,34,28.7828,29,36.7262,26,2.31455,33,99.0485,33,38.2,23.8,0,16.4,268.8,296.7,31.7,38.9,23.8,32,16.2,41.5,0,0,0,0,33.5,1005.3,7.5,3.1,25.5,9
Delhi,Delhi,23-04-2019,247,101.231,35,280.708,31,61.9711,35,25.3017,29,37.1089,27,2.55735,34,89.1106,33,40.4,24.4,0,12.9,255.1,305.2,33,41.3,24.4,33.6,16.6,40,0,0,0,0,23.8,1006,11.1,3.5,26.6,10
Delhi,Delhi,24-04-2019,221,85.8858,36,271.595,32,50.2597,36,19.5538,29,36.7526,27,1.94343,35,97.7218,33,41.4,28.8,0,18.3,141,294,34.9,46.3,29.5,36.6,17.8,38.5,0,0,0,0,33.5,1007,26.2,3.3,25.4,10
Delhi,Delhi,25-04-2019,251,83.4444,36,271.628,33,40.4469,36,17.7124,29,38.7144,27,1.396,35,93.1885,34,42.2,28.7,0,16.6,80.5,282.6,34.1,47.7,29.6,37.4,20.4,46.1,0,0,0,0,28.4,1006.9,32.6,2.7,24.3,9
Delhi,Delhi,26-04-2019,215,83.5989,36,253.838,33,52.0031,36,25.8503,29,31.5456,27,1.47265,34,85.003,33,40.4,26.1,0,20.5,292.8,307.6,33.5,41,26.1,33.5,14.9,35.3,0,0,0,0,38.9,1006.7,10,3.1,26.5,10
Delhi,Delhi,27-04-2019,256,72.32,36,303.431,33,37.8606,36,21.2273,30,26.8511,28,1.34606,33,73.8385,33,41,27,0,25.3,284.9,322.2,34.6,40.2,26.8,33.8,12.2,27.2,0,0,0,0,47.2,1005.9,0,3.6,27.6,10
Delhi,Delhi,28-04-2019,264,77.5061,33,292.301,30,40.3639,33,20.8143,28,24.8092,25,1.54156,32,79.9771,31,41.2,26,0,18.3,285.3,325.9,34.4,39.1,26,33,10.1,24.5,0,0,0,0,46.8,1004.8,0,3.1,28.1,10
Delhi,Delhi,29-04-2019,248,81.9577,35,276.793,32,50.75,34,24.3407,29,27.3204,27,2.0897,33,85.5633,33,42.2,25,0,15,279.8,319.1,34.4,40.6,25,33.4,10.8,25.5,0,0,0,0,31.7,1004.1,0,3.2,27.5,10
Delhi,Delhi,30-04-2019,250,93.3529,35,288.568,33,60.9611,35,25.5445,29,32.4327,26,1.62229,35,102.731,32,43.2,25.3,0,13.6,129.9,306.6,35.4,44.1,25.3,35,12.5,26.7,0,0,0,0,36.4,1001.2,21.4,3.1,26.5,10
Delhi,Delhi,01-05-2019,295,111.006,35,329.41,33,63.88,35,27.5545,29,36.3412,26,2.18486,35,107.351,34,41.4,26,0,11.2,53.3,309.4,34.3,42,26,34.3,14.5,32.3,0,0,0,0,33.5,1000.4,27.1,2.9,26.8,10
Delhi,Delhi,02-05-2019,257,73.2592,36,283.933,33,41.8917,35,18.0331,29,36.0346,26,1.29629,35,88.5144,34,39.7,27.4,0,21,52.4,272.9,32.7,47.2,27.3,33.9,16.2,37.8,0,0,0,0,43.6,1002.5,52.4,2.9,23.6,9
Delhi,Delhi,03-05-2019,183,52.0314,36,150.441,33,53.0197,36,18.0986,29,31.5556,27,1.51457,35,95.7188,33,38.9,24.2,4.448,47.7,76.8,282.8,30.6,42.2,24.2,31.5,16.8,44.8,100,4.17,0,0,33.5,1004.9,44.3,3.6,24.5,9
Delhi,Delhi,04-05-2019,182,88.1097,36,213.35,33,57.0972,36,22.2303,29,38.6338,26,1.58083,12,89.5232,34,39,23.8,0,21.6,288,326.5,31.7,38,23.8,31,13,36.1,0,0,0,0,37.1,1006.7,15.5,3.5,28.3,10
Delhi,Delhi,05-05-2019,227,81.6989,36,236.344,33,60.1885,34,18.1675,28,25.3738,24,2.32912,34,104.746,34,39.2,21.6,0,18,268.9,330.1,32,39,21.6,31.2,10.5,28.5,0,0,0,0,41.4,1007,7.1,3.3,28.5,10
Delhi,Delhi,06-05-2019,249,118.971,36,303.585,33,70.1328,36,24.0545,29,30.9881,27,2.45686,35,99.4994,34,41,24.5,0,21,261.3,330.1,33.2,40.8,24.5,32.6,11.8,29.4,0,0,0,0,43.2,1004.3,0,3,28.6,10
Delhi,Delhi,07-05-2019,294,127.48,37,387.871,34,68.2731,36,23.5723,30,34.3975,28,2.79371,35,62.7615,33,41.2,23.8,0,21,258.6,318.7,33.3,43.5,23.8,33.3,12.9,31.4,0,0,0,0,37.1,1002.9,10.1,2.6,27.5,10
Delhi,Delhi,08-05-2019,357,143.285,37,422.081,34,60.45,36,26.2414,29,36.1925,28,2.87057,35,73.7868,34,41.9,25.8,0,22.7,260.3,323,34.5,45.3,25.8,34.9,14.4,31.5,0,0,0,0,37.1,1003,11.5,2.8,27.9,10
Delhi,Delhi,09-05-2019,347,136.502,37,421.539,34,50.8822,37,23.2863,30,30.2686,28,1.93389,36,78.315,34,41.8,29,0,21.6,258.9,327.1,35.2,46.6,27.7,35.5,14.1,29.4,0,0,0,0,37.1,1002.2,5.7,2.9,28.2,10
Delhi,Delhi,10-05-2019,277,89.9005,37,319.698,34,36.5605,37,16.898,30,25.2911,28,1.05943,35,80.9276,34,41.2,29.9,0.1,20.5,258.4,311.8,34.8,44.9,29.2,35.5,15.4,32.3,100,4.17,0,0,46.8,1003,31,3.1,26.9,9
Delhi,Delhi,11-05-2019,251,104.381,36,299.173,33,43.9378,36,22.4023,30,30.47,28,1.36171,35,90.115,34,39.2,25,0,15.6,281.5,301,33,43.4,25,34.3,17.2,40.1,0,0,0,0,34.6,1005.4,29.5,2.8,26.1,10
Delhi,Delhi,12-05-2019,334,172.933,36,410.195,33,43.5789,36,20.0966,29,30.3618,28,1.78514,35,87.8473,33,38.4,27,0,19.7,275.1,314.6,32.7,42.2,27.1,34.1,17.3,41,0,0,0,0,35,1005.3,32.2,2.2,27,10
Delhi,Delhi,13-05-2019,322,163.24,36,344.685,33,48.3919,36,32.6979,29,35.7079,28,1.99429,35,111.637,34,40,25,3.896,26.1,264.2,303.4,31.7,46.6,25,33.7,18.2,46,100,8.33,0,0,39.5,1003.8,31,2.2,26.1,9
Delhi,Delhi,14-05-2019,153,60.8733,36,133.589,33,40.5331,36,13.863,30,34.1607,28,1.564,35,75.0236,33,35.1,24,0,14.2,292.5,290.3,30,38.5,24,31.3,18.7,52.5,0,0,0,0,34.6,1005,32.8,3.3,25.1,10
Delhi,Delhi,15-05-2019,186,83.9822,36,192.689,33,57.6192,36,20.6343,30,43.6571,28,1.80286,35,49.423,33,35,23,1.747,17.7,44.1,297,29.2,41.1,23,31.2,19.9,59.1,100,8.33,0,0,46.4,1006.2,44.3,2.8,25.9,9
Delhi,Delhi,16-05-2019,187,76.1372,36,230.317,33,51.7081,36,15.0593,30,43.5861,28,1.85686,35,61.2526,34,36.2,25.2,0,33.2,287.5,297.3,30.4,40.6,25.2,31.9,19.5,54.2,0,0,0,0,33.5,1006.9,40.7,3.5,25.8,9
Delhi,Delhi,17-05-2019,265,89.9658,36,292.675,33,43.0778,36,13.123,30,41.1964,28,1.75114,35,71.1944,34,36.8,21,12.344,16.6,300.1,252.2,28.3,42.1,21,29.9,19.8,62.3,100,8.33,0,0,55.4,1006.4,49.1,3,21.8,9
Delhi,Delhi,18-05-2019,105,46.9467,36,113.036,33,35.0256,36,11.7003,30,39.73,28,1.40824,34,71.9238,34,32.8,21,0,20.8,281.4,279.5,27,36,21,28.1,19.2,64.5,0,0,0,0,55.4,1006.9,32.2,3.2,23.9,8
Delhi,Delhi,19-05-2019,185,83.5611,36,172.229,33,46.9333,36,17.5853,30,36.5336,28,1.51212,33,105.66,33,37.2,24.3,0,17.2,270.5,311.5,31.2,36.8,24.3,31.1,16.3,44.4,0,0,0,0,35.3,1006.9,4,3,26.8,10
Delhi,Delhi,20-05-2019,206,89.6378,36,220.988,33,54.8994,36,19.8577,30,34.6557,28,1.59088,34,97.6315,34,40,24.8,0,18.5,270.8,314,32.8,39.6,24.8,32.8,15.3,37.7,0,0,0,0,34.6,1007.2,15.2,3.3,27,10
Delhi,Delhi,21-05-2019,190,75.7842,36,196.479,33,46.7153,36,20.155,30,31.4554,28,1.33182,33,100.831,34,41.2,26.5,0,14.3,260.3,300.4,33.9,42.2,26.5,34.2,15.7,35.7,0,0,0,0,29.9,1005.7,40.7,3.2,26.1,10
Delhi,Delhi,22-05-2019,158,65.3506,36,209.19,33,51.8514,36,17.392,30,33.1904,28,2.34912,34,55.1912,34,39,27.4,0,14.1,247.2,268.3,33,40.6,28.3,34.1,17.6,41,0,0,0,0,34.2,1004.2,49.7,3.3,23,9
Delhi,Delhi,23-05-2019,223,90.8497,36,227.681,33,51.4003,36,21.7193,30,37.565,28,1.75676,34,95.5876,34,40.1,25.6,4.299,27.7,279.6,276.6,32.1,42.3,25.6,33.5,18.8,48.4,100,8.33,0,0,76,1003.2,56.8,2.8,23.7,8
Delhi,Delhi,24-05-2019,123,45.6467,36,122.435,33,39.7133,36,12.3683,30,46.3243,28,1.37257,35,41.4309,34,33,25.3,0,24.1,339.9,273.3,29.4,36.6,25.3,31.1,20.5,59.7,0,0,0,0,42.5,1005.2,39.6,3.5,23.6,9
Delhi,Delhi,25-05-2019,121,42.8983,36,119.867,33,34.1381,36,13.29,30,32.7279,28,1.07371,35,77.3809,34,37,26,0,23.9,290.4,300.2,31.5,38.1,26,32,17.2,44.9,0,0,0,0,42.8,1004.7,2.1,3.9,26,9
Delhi,Delhi,26-05-2019,142,56.005,36,141.159,33,42.3953,36,18.215,30,27.2111,28,1.34514,35,95.4282,34,39.2,24.5,0,16.7,285.5,328.1,33,39.1,24.5,32.6,14,34.1,0,0,0,0,34.6,1003.1,0,3.9,28.5,10
Delhi,Delhi,27-05-2019,160,64.5947,36,175.647,33,54.1994,36,19.122,30,28.3196,28,1.55029,35,96.5303,34,42.2,26.4,0,19.9,286.9,316.3,34.9,41.2,26.4,34,12.1,27.6,0,0,0,0,37.8,1002.8,12.2,3.7,27.4,9
Delhi,Delhi,28-05-2019,177,65.7336,36,186.489,33,60.4375,36,20.921,30,29.7218,28,1.58943,35,102.177,34,42.3,24.5,0,25,278.1,334.2,35.1,40.1,24.5,33.6,9.4,23.4,0,0,0,0,37.1,1002.5,0,3.9,28.9,10
Delhi,Delhi,29-05-2019,185,75.4446,35,208.13,32,70.1511,35,23.8593,30,29.65,28,2.21057,35,108.978,34,43.2,26.3,0,18.2,272.1,315.9,36.1,43.6,26.3,35.6,12.8,26.6,0,0,0,0,33.5,1000.8,0,4,27.3,9
Delhi,Delhi,30-05-2019,218,84.5872,36,248.298,33,68.6833,36,22.702,30,33.585,28,2.18294,34,93.9362,34,45,28.6,0,16.8,272.7,324.6,37.3,45,29.1,36.8,12.8,25.9,0,0,0,0,34.2,999.4,7.8,3.5,28.2,10
Delhi,Delhi,31-05-2019,280,88.534,35,348.092,32,56.1694,35,20.1737,30,35.0611,28,2.49294,34,100.725,33,45.2,29.6,0,14.8,269.8,323.7,37.2,45.2,28.8,36.9,13.1,24.9,0,0,0,0,23.4,999.6,14.2,3.4,28.2,10
Delhi,Delhi,01-06-2019,264,94.4406,35,310.579,32,54.6837,35,21.1497,30,42.765,28,1.74676,34,100.198,33,43.2,29.5,0,14.8,62.7,314.7,37.3,49.4,30.4,40.3,18.3,33.9,0,0,0,0,29.9,999.7,10.5,3.6,27.1,10
Delhi,Delhi,02-06-2019,201,73.0506,35,223.02,32,31.2779,33,14.2687,30,48.5426,27,1.30909,33,73.6097,33,42.4,32,0,20.5,88.4,305.1,36.8,48.9,35.8,42.6,22.6,45.5,0,0,0,0,41,999.7,14.4,3.2,26.3,9
Delhi,Delhi,03-06-2019,261,65.2069,35,305.123,32,30.4591,35,12.8607,30,43.3961,28,1.09971,34,64.2958,33,40.8,30.9,0,20.5,106.8,307.2,35.4,48.2,34.4,40.4,22.1,47.2,0,0,0,0,42.1,1000.5,2.6,3,26.5,9
Delhi,Delhi,04-06-2019,169,56.5491,35,178.312,32,37.5834,35,13.925,30,34.3168,28,1.55029,34,84.6782,33,41,29.9,0,18.4,90.1,305,35.5,49.1,31.9,40,21.5,45.1,0,0,0,0,40,1000.9,30.8,3.2,26.2,9
Delhi,Delhi,05-06-2019,192,73.6497,35,217.791,32,42.722,35,15.9233,30,35.9743,28,1.585,34,95.2303,33,43,31,0,14.8,83.4,294.8,36.9,49.6,33,41,20.8,41.1,0,0,0,0,25.9,1000.4,34.8,3.5,25.4,9
Delhi,Delhi,06-06-2019,206,69.2534,35,231.01,32,43.4894,35,16.492,30,34.9518,28,1.28824,34,89.1106,33,44,30.3,0,18.4,348.5,294.5,36.7,45.8,32,38.2,17.6,34.6,0,0,0,0,50.8,1000.7,42,3.6,25.4,9
Delhi,Delhi,07-06-2019,173,55.1469,35,158.973,32,36.9706,35,14.6673,30,32.525,28,1.54676,34,104.417,33,40.2,27.3,0,16.6,78.7,312.6,34,45.6,28.6,37.3,20.4,46,0,0,0,0,25.9,1003.6,8.1,3.8,26.9,9
Delhi,Delhi,08-06-2019,181,70.8257,35,195.592,32,51.738,35,13.9723,30,38.8739,28,2.33667,33,110.989,33,43,29.7,0,14.4,293.5,309.9,36.9,48.3,33.7,39.9,19,39,0,0,0,0,35.3,1001.9,3.9,3.3,26.9,9
Delhi,Delhi,09-06-2019,239,99.4223,35,274.912,32,61.7863,35,21.8273,30,35.9112,26,2.28697,33,119.697,32,45,28.9,0,18,6.2,324.3,37.2,45,30.3,38.2,16.6,31.8,0,0,0,0,22.7,999.3,3.2,3.2,28.1,10
Delhi,Delhi,10-06-2019,207,74.384,35,246.48,32,61.9906,35,15.6127,30,33.5121,28,2.24618,34,99.5079,33,47,29.4,0,15.4,286.9,316.3,39,47,31.3,39.3,13.9,26,0,0,0,0,33.5,996.7,0.3,3.5,27.3,10
Delhi,Delhi,11-06-2019,307,116.945,35,431.185,32,48.3949,35,13.7197,30,31.7275,28,1.90697,33,53.9009,33,45,33.6,0,24.6,279.8,291.2,38.7,45,33.3,38.8,14.6,25.2,0,0,0,0,37.1,996.7,36.9,2.6,25.2,10
Delhi,Delhi,12-06-2019,233,58.822,35,246.361,32,28.7163,35,11.3617,30,34.7311,28,0.951515,33,79.2942,33,41.2,30.2,0,19.2,95.9,265.4,35.6,46.6,32.4,38,18.9,38.6,0,0,0,0,37.1,999.2,37.9,2.7,23,9
Delhi,Delhi,13-06-2019,175,52.0459,37,184.526,34,34.8743,37,12.1387,30,29.2086,28,1.374,35,76.366,35,41.4,30,0,16.6,230.4,293.2,36,47.1,31.3,39,19.9,40.4,0,0,0,0,29.2,999.8,39.8,3.4,25.5,9
Delhi,Delhi,14-06-2019,171,55.2762,37,197.467,34,39.6084,37,13.595,30,23.0825,28,1.79639,36,93.2491,35,43.4,30.8,0,23.2,262.1,316.5,36.8,43.4,31.8,37.1,14.9,30.4,0,0,0,0,45.4,998.7,12.3,3.7,27.2,10
Delhi,Delhi,15-06-2019,224,81.0814,37,278.968,34,43.6735,37,17.12,30,23.5568,28,1.39389,36,96.6865,34,43.2,29.5,0,22,264.6,300.6,37.1,43.8,29.5,37,14.2,26.9,0,0,0,0,35.3,998.1,32.3,3.4,26.1,9
Delhi,Delhi,16-06-2019,178,41.6933,36,159.919,33,20.4225,36,9.77567,30,24.8854,28,0.873429,35,45.5076,34,36,28,0.23,32.2,260.7,269.5,31.5,39.2,29.8,34.1,20.5,53.4,100,4.17,0,0,43.9,1000.6,58.9,3,23.4,9
Delhi,Delhi,17-06-2019,123,40.3551,37,143.45,34,27.7376,37,11.2823,30,26.1525,28,1.05444,36,46.1269,35,32.6,26.3,0.34,26,256.9,279.3,30.4,35.7,26.3,32.1,19.4,52.5,100,4.17,0,0,39.2,1000.1,67.3,3.5,24,9
Delhi,Delhi,18-06-2019,97,37.9341,37,88.2306,34,33.9086,37,8.32067,30,25.92,28,1.60294,34,63.1366,35,35,22,7.913,23.3,311.1,263.1,27.8,35.1,22,28.6,19.2,62.3,100,8.33,0,0,46.4,1001.7,54.4,3.5,22.9,9
Delhi,Delhi,19-06-2019,199,77.6743,37,219.475,34,35.7773,37,12.4843,30,34.6761,28,1.27235,34,93.9624,34,37,26,0,14.8,113,286.6,31.1,39.8,26,33.2,20.7,56,0,0,0,0,29.2,1000.7,44.7,3.3,24.7,9
Delhi,Delhi,20-06-2019,141,44.3703,37,134.881,34,31.7457,37,9.86133,30,29.565,28,1.09486,35,96.4118,34,39,25,0,15.7,84.1,299.2,32.2,42.3,25,34.7,20.6,52.8,0,0,0,0,37.1,1001.7,19.5,3.8,25.9,9
Delhi,Delhi,21-06-2019,177,70.685,36,190.072,33,44.9922,36,12.4227,30,32.6575,28,1.54457,35,92.0785,34,39.2,29.2,0,14.1,288.6,269.7,34.2,45.4,32.5,38.8,22.1,50.2,0,0,0,0,29.5,1001.7,42.9,3.5,23.3,9
Delhi,Delhi,22-06-2019,189,68.1878,36,181.156,33,42.9525,36,15.186,30,31.7682,28,1.202,35,110.404,34,40.2,28.2,0,16.6,3.1,293.6,35,45,30.3,38.5,20.7,45,0,0,0,0,23,1000.9,5.3,3.8,25.3,9
Delhi,Delhi,23-06-2019,148,40.2946,37,125.359,34,22.3959,37,10.2997,30,31.6129,28,1.0275,36,73.938,35,40.1,29,0,18.4,93.4,286.2,34.7,48.7,32.7,40.8,23.4,53.6,0,0,0,0,37.1,1001.2,19.6,3.9,24.6,9
Delhi,Delhi,24-06-2019,109,27.9903,37,85.7356,34,26.0568,37,10.495,30,28.7439,28,0.996667,36,47.2163,35,35.2,28,0,17.7,78.1,258.6,31.1,44.6,31.2,37,24.1,66.4,0,0,0,0,33.5,1003.2,61.7,3.5,22.5,8
Delhi,Delhi,25-06-2019,133,55.5227,37,126.084,33,34.1546,37,11.9813,30,28.8736,28,1.35833,36,73.8466,35,38.8,28.9,0,13,79,243.5,33.3,47.9,32.7,39.9,24.2,60,0,0,0,0,18,1002.2,54.7,3.3,20.9,7
Delhi,Delhi,26-06-2019,162,67.7203,37,157.716,33,37.5646,37,12.9093,30,30.4452,27,1.26528,36,68.8429,35,41.2,30.8,0,18.3,286.4,291.6,35.9,48.8,34.5,42,23,48.7,0,0,0,0,29.5,999.5,30.9,3.3,25.3,9
Delhi,Delhi,27-06-2019,184,65.7295,37,239.749,33,40.0497,37,13.9947,30,29.5314,28,1.31,36,69.7446,35,39,30.1,0,15.4,280.5,288.6,35,45.4,33.7,39.1,21.4,46.5,0,0,0,0,38.2,997.6,26.3,3.1,24.8,9
Delhi,Delhi,28-06-2019,191,60.5889,37,245.029,33,35.8203,37,14.3817,30,27.0479,28,1.26806,36,55.538,35,41.4,28.6,0,19,272.7,291.1,35.2,45.9,31.2,38.5,20.4,43.4,0,0,0,0,39.6,996.6,33.1,3.4,25.2,9
Delhi,Delhi,29-06-2019,231,59.3922,37,280.089,33,35.1681,37,12.2483,30,23.5237,27,1.31083,36,49.8837,35,42.2,31.3,0,22,267.5,284.1,37.4,48.7,32.4,40.7,19.7,36.6,0,0,0,0,34.9,995.7,31.2,3.3,24.6,9
Delhi,Delhi,30-06-2019,237,64.0222,36,271.822,33,31.9441,37,12.63,30,24.4179,28,1.27833,36,48.6529,35,42.3,32.1,0,21,295,283.4,37.5,48.7,34.7,41.6,20.7,38.5,0,0,0,0,37.1,996,47.1,3.2,24.5,9
Delhi,Delhi,01-07-2019,183,57.4108,37,194.968,33,30.5997,37,12.2463,30,25.2632,28,0.988889,36,84.7809,35,41.2,31.6,0,14.8,279.4,282.2,36.2,49.1,33.6,40.7,21.2,42.6,0,0,0,0,27.7,997.4,23.8,3.3,24.4,9
Delhi,Delhi,02-07-2019,218,71.8024,37,236.017,33,27.6686,37,12.113,30,27.2932,28,1.12306,36,89.3606,35,41,31.3,0,14.8,12.9,274.6,35.4,53,32.9,41.7,22.8,48.4,0,0,0,0,27.7,998.5,31.7,2.8,23.7,9
Delhi,Delhi,03-07-2019,136,39.3462,37,113.249,33,26.7559,37,9.75667,30,31.9796,28,1.05389,36,48.0734,35,38.5,30.7,0,20.5,96.2,251.4,34.8,49.1,36.5,41.6,23.9,54.1,0,0,0,0,34.6,999.2,46,3.4,21.7,8
Delhi,Delhi,04-07-2019,103,38.7916,37,90.6397,33,29.9678,37,9.877,30,28.1071,28,1.47139,36,37.3026,35,37,27,1.236,18.4,134,212.7,31.7,45.8,31.2,38.4,25,69.6,100,8.33,0,0,37.1,998.2,64.4,2.9,18.4,7
Delhi,Delhi,05-07-2019,106,47.8208,37,99.68,33,33.8524,37,10.949,30,36.8486,28,1.23722,36,22.9988,34,34,28,21.565,24.1,133.7,201.1,29.8,43.5,33.5,36.5,25.6,78.6,100,8.33,0,0,21.6,996.5,68.3,2.3,17.4,7
Delhi,Delhi,06-07-2019,88,54.0503,37,88.9221,33,29.1543,37,10.428,30,35.5239,28,1.03722,36,50.394,35,36.5,27.5,0,11.3,109.8,239.3,31.9,46.2,31.7,38.8,25.1,68.6,0,0,0,0,24.1,995.1,52.5,2.8,20.9,8
Delhi,Delhi,07-07-2019,91,40.3226,35,94.3929,31,29.5874,34,10.7971,28,31.2929,24,1.41879,33,54.6661,33,35.8,28.4,0,18.4,248.8,275.5,31.8,46.9,33.6,39.1,25.1,68.4,0,0,0,0,37.1,995.9,48.1,3.1,23.8,9
Delhi,Delhi,08-07-2019,127,49.2038,37,148.485,34,32.5689,37,10.755,30,32.4796,28,1.36889,36,50.9914,35,36,29,0.1,14.8,175.2,241.3,32.7,49,33.6,40.7,25.5,66.9,100,4.17,0,0,27.7,996.1,61.2,2.9,20.8,8
Delhi,Delhi,09-07-2019,126,42.23,37,129.858,33,29.91,37,9.734,30,31.8786,28,1.33889,36,24.135,34,34,29,0.34,15.1,196.6,204.3,31.2,43,32.7,38.3,25.1,70.1,100,4.17,0,0,37.1,996,68.5,2.8,17.8,7
Delhi,Delhi,10-07-2019,148,71.0062,37,291.639,33,31.2797,36,10.5877,30,32.7032,28,1.178,35,26.4411,35,37.2,29.1,0,17.3,231.6,224.2,33.6,47,35.6,41.4,25.2,63.2,0,0,0,0,37.4,995,62.3,2.7,19.5,7
Delhi,Delhi,11-07-2019,317,76.0173,37,358.308,33,28.9076,37,9.71321,28,31.3386,28,1.14528,36,27.3529,35,39,32,0,22.7,245.5,235.6,35.1,49.6,34.9,42.3,24,53.4,0,0,0,0,37.1,995.4,50.2,2.7,20.2,8
Delhi,Delhi,12-07-2019,272,76.7446,37,374.132,33,26.9208,37,9.14893,28,33.2964,28,1.23056,36,22.568,35,38.1,31.5,0,19.9,243.6,256.8,34.7,46.7,36.8,41.9,24.2,55.7,0,0,0,0,37.1,997.8,63.1,2.6,22.2,8
Delhi,Delhi,13-07-2019,275,62.3462,37,298.763,33,23.3962,37,9.37586,29,28.1793,28,1.15314,35,26.0011,35,39.2,32,0,23.3,251.5,261.8,35.2,47.6,35.8,41.6,23.5,51.4,0,0,0,0,39.1,998.4,48.3,2.9,22.6,8
Delhi,Delhi,14-07-2019,235,62.447,37,284.797,33,24.4549,37,10.1252,29,26.5922,27,1.03629,35,29.185,34,37.4,30.8,0,18.4,254.3,217,34,48.6,34.1,40.8,23.9,56.2,0,0,0,0,35.6,997.4,58.2,2.8,18.7,8
Delhi,Delhi,15-07-2019,168,42.3811,37,141.039,33,27.8778,37,10.2541,29,24.845,28,1.36333,36,25.3463,35,34.4,23.8,28.552,29.4,69.2,210.5,28.7,43.2,23.8,32.6,24.1,77,100,4.17,0,0,72.4,997.4,69.2,2.8,18.2,8
Delhi,Delhi,16-07-2019,93,31.3197,37,80.9309,33,26.8249,37,9.74724,29,26.9004,28,1.10176,34,35.4843,35,36,25.7,2.642,14.8,70.7,95,28.8,41.8,25.7,33.3,24.5,78.6,100,8.33,0,0,35.6,1000.7,70,3.3,8.1,4
Delhi,Delhi,17-07-2019,73,33.2549,37,71.0524,33,28.8376,37,9.03833,30,25.4375,28,1.2425,36,32.3414,35,31.8,24,19.911,14.8,334.7,111.9,27.5,36.8,24,30.2,24.5,85,100,12.5,0,0,33.1,1001.8,67.9,2.9,9.8,5
Delhi,Delhi,18-07-2019,85,32.8938,37,81.9115,33,36.8824,37,8.959,30,25.7454,28,1.71583,36,32.3517,35,30,23,21.709,11.2,205.9,175,26.9,36,23,29.3,24.3,86.5,100,16.67,0,0,23.4,1001.8,69.1,2.8,15,7
Delhi,Delhi,19-07-2019,145,63.5503,37,160.741,33,39.9373,37,9.88267,30,30.5732,28,1.82361,36,67.038,35,36,26.2,0,9.6,82.3,244.8,31,43.7,26.2,36.9,24.7,70.6,0,0,0,0,19.4,1001.5,44.9,3.2,21.3,9
Delhi,Delhi,20-07-2019,124,46.6376,37,119.249,33,37.0811,37,8.73267,30,34.2675,28,1.53278,36,33.9726,35,35.7,26,9.747,26,84.3,233.6,30.1,44.5,26,36.9,26,79.9,100,4.17,0,0,37.1,1002.4,64.6,2.8,20.3,8
Delhi,Delhi,21-07-2019,108,50.8789,36,108.362,32,32.6783,36,8.65966,29,36.6559,27,1.98061,33,37.69,34,36.2,25.8,42.876,14.8,101.6,191.3,29.8,46,25.8,36,26.2,82.8,100,4.17,0,0,40.7,1001.9,53.5,2.8,16.6,8
Delhi,Delhi,22-07-2019,112,59.7451,37,122.034,34,34.2541,37,9.10533,30,43.4832,28,1.78686,35,42.8291,34,35.8,27.2,3.403,19.1,71,222.5,30.7,49.6,32.3,39.5,27,82,100,4.17,0,0,17.6,1000.7,52.7,2.6,19.4,7
Delhi,Delhi,23-07-2019,148,72.1392,37,157.696,34,40.0268,37,8.74,30,45.3468,28,1.99861,36,47.2323,35,37.2,29.4,0,16.7,86.1,220.5,33.3,50.1,36.2,43.8,26.9,70.2,0,0,0,0,17.6,999.3,50.1,2.9,18.8,8
Delhi,Delhi,24-07-2019,164,61.323,37,153.869,34,38.0435,37,8.74467,30,43.6829,28,1.78694,36,39.3,35,38.2,27.9,17.863,24.1,196.7,221.4,32.7,49.9,32.3,42.6,26.7,71.9,100,8.33,0,0,29.5,997.9,64.1,2.8,19.1,8
Delhi,Delhi,25-07-2019,78,24.0476,37,66.5312,34,33.75,37,8.982,30,37.2439,28,1.1675,36,20.5723,35,29.8,27,0.515,14.6,199.2,89.4,28.3,35.9,30.6,33.4,25.2,83.6,100,8.33,0,0,26.3,1000,68,2.8,7.5,4
Delhi,Delhi,26-07-2019,81,30.5941,37,61.7565,34,32.6049,37,8.993,30,36.3239,28,1.06278,36,29.4694,35,31.6,26.8,10.149,14.8,86.9,124.5,28.1,41.2,30.6,33.4,25.9,88.5,100,12.5,0,0,27.4,998.1,74.5,2.5,10.9,6
Delhi,Delhi,27-07-2019,61,26.7068,37,47.4356,34,25.3876,37,8.708,30,30.5679,28,1.31086,35,32.3311,35,31.8,26,3.046,16.6,80.5,112.4,28.1,40.7,26,33.4,26.3,90.4,100,12.5,0,0,32.4,997.9,75,2.3,9.7,5
Delhi,Delhi,28-07-2019,64,21.0822,37,49.01,34,22.2397,37,8.57533,30,28.2386,28,1.06611,36,33.3444,34,33.7,26.8,5.403,16.6,88.2,179,29.3,44.5,30.3,36.3,26.3,84.5,100,4.17,0,0,48.2,999.7,61.9,3,15.3,8
Delhi,Delhi,29-07-2019,65,24.6016,37,66.3647,34,24.9316,37,8.987,30,31.395,28,1.09444,36,35.4106,35,35.6,28,0,16.6,83.5,236.8,30.9,47.3,33.5,39.1,26.3,76.8,0,0,0,0,43.2,1001.2,49.2,3.5,20.3,8
Delhi,Delhi,30-07-2019,80,30.2343,37,83.7365,34,26.6054,37,9.27267,30,33.5775,28,1.08306,36,28.7366,35,34.6,28,0,14.8,81.7,198,30.7,45.1,32.7,38.4,25.9,75.8,0,0,0,0,33.1,1001,58.9,3.7,17.1,6
Delhi,Delhi,31-07-2019,80,30.3886,37,78.5629,34,26.1922,37,8.799,30,33.6096,28,1.09722,36,35.3131,35,33.9,28,5.2,20.5,97.1,112.6,30.8,44.5,33.4,38.6,26.1,76.9,100,16.67,0,0,23.4,1000,77.7,3.2,9.7,5
Delhi,Delhi,01-08-2019,89,34.21,37,86.997,33,28.2822,37,8.74167,30,33.385,28,0.989722,36,40.7814,35,35.9,28.8,0,12.6,96.8,173.4,31.9,48.9,35,40.8,26.3,73.2,0,0,0,0,25.2,999.6,60.2,3.3,15.1,8
Delhi,Delhi,02-08-2019,84,35.367,37,85.3926,34,30.9078,37,8.513,30,33.3754,28,1.21139,36,32.8149,35,34.6,28,1.494,13.8,88.1,167.7,30.1,45.5,33.9,37.8,26.2,80,100,4.17,0,0,37.1,998.8,55.1,2.7,14.4,7
Delhi,Delhi,03-08-2019,89,38.8481,37,80.7638,34,30.6857,37,9.00933,30,35.2911,28,1.22889,36,27.6129,35,32.4,28,2.282,11.5,78.7,154.8,29.2,42.9,33.5,36.5,26.4,85.1,100,8.33,0,0,25.6,998.8,72.7,2.4,13.4,6
Delhi,Delhi,04-08-2019,87,47.2557,37,90.3588,33,30.3784,37,9.78533,30,33.8232,28,1.5325,36,35.3624,34,35.2,27.9,3.966,10.8,91.8,118.3,30,45.9,33.5,38.8,27.2,85.3,100,4.17,0,0,27.7,997.7,60.6,2.4,10,4
Delhi,Delhi,05-08-2019,105,53.0024,37,102.705,34,34.8568,37,9.35533,30,36.5468,28,1.44111,36,41.855,34,36.4,28,0.415,11.2,137.5,206,30.9,46.7,34.5,40.8,27.4,82.9,100,4.17,0,0,27.7,996.1,57.1,2.2,17.6,8
Delhi,Delhi,06-08-2019,76,30.6116,37,60.8312,34,35.6105,37,8.19667,30,43.7814,28,1.40278,36,22.1183,35,30,24.4,35.527,16.6,89,146.5,27.8,42.2,24.4,33.8,26.8,94.2,100,12.5,0,0,25.2,996.6,72.2,2.4,12.5,5
Delhi,Delhi,07-08-2019,75,32.7078,36,75.3691,33,31.6578,37,9.212,30,33.5818,28,1.39167,36,34.3151,35,33.8,26.8,0,14.8,77.6,174.8,30,44.5,30.5,37.5,26.4,81.8,0,0,0,0,28.4,996.4,63.1,2.6,15.1,6
Delhi,Delhi,08-08-2019,79,28.2167,36,82.2832,34,29.6235,37,9.928,30,31.8364,28,1.21667,36,40.6926,35,37.5,28,0,14.1,80.3,225.8,32.1,49.2,33.5,41.4,26.6,73.7,0,0,0,0,23.8,995.9,54.8,3.7,19.4,9
Delhi,Delhi,09-08-2019,75,14.5028,36,61.8629,34,21.9143,37,9.221,30,28.8561,28,0.988571,35,25.662,35,33.7,29,0.766,21.2,80.8,200.4,31.1,44.2,32.7,38.6,25.4,71.7,100,4.17,0,0,41,998.1,58.1,3.9,17.1,7
Delhi,Delhi,10-08-2019,59,18.1758,36,50.41,34,22.2975,36,8.37517,29,24.5133,27,0.962059,34,27.5203,34,33.6,27,0,22.3,91.1,191.2,30.2,43.2,31.2,37.5,26,78.7,0,0,0,0,46.1,998.9,62.2,3.3,16.5,7
Delhi,Delhi,11-08-2019,68,25.4791,35,67.6262,34,25.562,35,8.7775,28,25.3915,26,1.02676,34,31.6464,33,36,27,0,11.3,148,235.2,31.8,46.4,31.2,39.8,25.9,72.2,0,0,0,0,24.5,1000.2,46.4,3.4,20.4,8
Delhi,Delhi,12-08-2019,57,21.1083,36,53.9835,34,26.4854,37,8.511,30,26.145,28,1.26944,36,24.8561,33,35,28,1.111,11.2,244.8,206.1,30.6,47.1,32.7,39.7,26.9,80.8,100,12.5,0,0,25.9,1000.4,65.2,3.2,17.7,7
Delhi,Delhi,13-08-2019,69,22.4281,36,58.1574,34,26.6143,37,8.71667,30,29.0514,28,1.37647,34,26.1188,34,35,27,12.24,17.7,265.3,186.7,29.7,45.2,31.2,37.2,26.7,85.3,100,4.17,0,0,37.1,1000.8,62.2,3.1,16.1,7
Delhi,Delhi,14-08-2019,63,36.24,35,64.1515,34,32.4156,36,8.84241,29,29.0968,28,1.70429,35,43.1038,34,33.8,26,8.585,10.1,214.5,180.7,29.4,45.1,26,37,27,87.5,100,4.17,0,0,29.5,1001.9,70.9,2.3,15.6,7
Delhi,Delhi,15-08-2019,75,27.5647,34,55.5874,34,24.0797,35,8.45793,29,31.9821,28,1.14314,35,25.7047,34,34.4,25.3,6.942,18.3,70.7,184.2,30.4,45.1,25.3,38.5,26.6,81,100,4.17,0,0,43.9,1001.5,68.3,3.1,15.9,6
Delhi,Delhi,16-08-2019,53,16.0106,36,38.4079,34,21.75,36,8.498,30,29.5543,28,0.972222,36,25.174,35,31.8,27,1.761,20.5,80,174.5,29,41.1,30.6,35.3,25.8,83,100,8.33,0,0,40.7,999.8,70.1,3.1,15.1,7
Delhi,Delhi,17-08-2019,49,10.0831,36,19.5461,33,19.11,36,7.80467,30,25.4864,28,0.842778,36,15.1326,35,28,26,11.342,16.6,104.1,67.5,26.9,34.5,26,29.9,25.7,93,100,16.67,0,0,42.8,999.2,82.8,2.6,5.8,3
Delhi,Delhi,18-08-2019,49,17.0667,36,36.8635,34,21.8923,35,8.655,30,24.6407,28,1.45194,36,18.832,35,29.7,25.9,33.009,17.1,235.4,106.8,27.3,36.8,25.9,30.3,25.6,90.8,100,16.67,0,0,31.7,1002.9,76.3,2.6,9.2,5
Delhi,Delhi,19-08-2019,81,38.7111,36,88.5435,34,28.8357,35,8.669,30,25.5422,27,1.47857,35,33.7629,35,33.8,25.8,0.045,14.8,275.2,201.5,29.9,40.6,25.8,35.1,24.9,76.2,100,4.17,0,0,21.6,1005,52.3,2.9,17.4,7
Delhi,Delhi,20-08-2019,97,41.6,35,96.0906,33,28.2822,36,8.08833,30,34.3114,28,1.34286,35,30.0415,34,34.8,28,0,16.6,287.4,237.2,30.6,42,33.5,37.2,25.4,75.3,0,0,0,0,30.6,1004.3,53.6,2.8,20.5,8
Delhi,Delhi,21-08-2019,109,47.3511,35,133.208,33,32.8792,36,7.95767,30,34.6889,28,1.27371,35,38.9918,34,35.8,27,0,12.9,275.3,266.4,31.2,44.3,31.2,38,25.3,72.2,0,0,0,0,33.1,1002.8,44.3,2.9,22.9,8
Delhi,Delhi,22-08-2019,123,44.3949,35,133.289,33,42.3281,36,8.598,30,34.1175,28,1.89886,35,37.11,34,34.3,26.8,0.17,11.2,236.3,242.3,29.5,43.3,29.6,34.7,24.4,74.9,100,4.17,0,0,29.5,1003.3,57.1,2.8,20.8,8
Delhi,Delhi,23-08-2019,129,50.6914,35,146.632,33,38.59,36,8.449,30,35.6779,28,1.91571,35,38.7835,34,35.8,27,0.51,15.7,282.3,231.2,31,44.1,30.1,37.2,24.7,69.9,100,4.17,0,0,23,1003,47.2,2.9,19.9,7
Delhi,Delhi,24-08-2019,147,63.8643,35,145.913,33,39.9358,36,8.81414,29,40.9461,28,1.8803,33,35.9703,34,33,27.9,0.299,13.3,89.8,185.8,30.4,42.8,32.7,37.9,25.8,76.7,100,4.17,0,0,25.2,1003.2,58.1,2.5,15.9,7
Delhi,Delhi,25-08-2019,91,33.2659,34,67.887,33,31.5597,36,8.3469,29,34.4414,28,1.01412,34,33.3888,33,33.5,26,2.469,13,81.5,142.1,28.4,41.4,26,33,25.3,84.2,100,8.33,0,0,29.5,1003.8,71.8,2.4,12.4,7
Delhi,Delhi,26-08-2019,66,26.0569,35,73.5361,33,31.7686,36,8.586,30,29.7154,28,1.36029,35,30.4694,33,34.7,26,0,13.3,79.5,224.6,30.5,44.5,26,36.4,25.3,75,0,0,0,0,41.4,1003.5,60.6,3.2,19.3,8
Delhi,Delhi,27-08-2019,117,41.3877,35,110.01,33,33.9056,36,9.88933,30,32.0182,28,1.43257,35,46.8444,34,35.9,28,0,12.3,78.9,240.7,32,46.6,32.7,39.6,25.5,69.9,0,0,0,0,23.4,1002.4,47.7,3.4,20.9,8
Delhi,Delhi,28-08-2019,105,41.3711,35,103.173,33,34.2564,36,9.67,30,34.3254,28,1.17676,34,42.2124,33,37.6,28,0,11.8,91.6,255.4,32.6,48.2,32.7,40.9,25.8,68.7,0,0,0,0,29.2,1003.4,38.2,3.6,22,8
Delhi,Delhi,29-08-2019,91,33.7531,35,90.0152,33,30.2028,36,8.342,30,32.6525,28,1.03771,35,42.755,34,37.5,29,0,14.8,110.7,222.6,32.3,48.3,33.6,40.7,25.8,69.4,0,0,0,0,29.5,1004.5,44.7,3.4,19.2,8
Delhi,Delhi,30-08-2019,101,50.7689,35,109.661,33,32.4572,36,9.42633,30,33.6964,28,1.30657,35,58.7656,34,35.8,28,0,9,144.6,223.5,31.9,45.8,31.9,40.1,25.8,70.9,0,0,0,0,18.4,1002,57.3,3.1,19.4,7
Delhi,Delhi,31-08-2019,114,56.7683,35,126.418,33,39.7203,36,8.72533,30,37.2954,28,2.26758,33,45.6361,33,35.8,30,0.809,9.8,197.9,230,32.3,45.4,37.4,41,25.9,69.7,100,4.17,0,0,27.7,999.9,53.3,2.9,19.8,8
Delhi,Delhi,01-09-2019,108,32.9785,34,78.3075,32,31.5734,35,8.43862,29,40.1523,26,1.20882,34,31.763,33,32.8,27,0.34,19.1,88.2,124.9,29.9,41,30.2,36.8,25.7,78.9,100,4.17,0,0,25.9,1002.2,60,3,10.8,6
Delhi,Delhi,02-09-2019,96,48.0874,35,105.832,33,32.1267,36,8.76467,30,35.3136,28,1.328,35,57.5744,34,35.8,27,0,10.6,78.6,229.1,31.4,46.9,30.6,38.8,25.6,72.8,0,0,0,0,15.5,1002.3,48.4,3,19.7,7
Delhi,Delhi,03-09-2019,141,71.068,35,146.305,33,37.3944,36,9.02233,30,36.6254,28,1.50543,35,45.2188,34,35.8,29,0,10.8,327,199.7,31.9,46.4,35.6,40.6,26.2,72.8,0,0,0,0,15.1,1001.1,61.5,2.4,17.5,7
Delhi,Delhi,04-09-2019,173,71.5634,35,148.258,33,35.575,36,9.168,30,37.2704,28,1.24647,34,46.6312,34,35.6,29,0,13,89.4,164.7,31.4,48.9,35.6,40.9,26.8,76.9,0,0,0,0,24.5,1000.8,64.6,2.2,14.2,7
Delhi,Delhi,05-09-2019,95,33.9691,35,92.7664,33,29.6028,36,9.47233,30,34.0479,28,1.19794,34,37.8024,34,35.5,28,0,18.4,105.7,202.5,31,46.5,33.5,39.1,26.2,76.3,0,0,0,0,22.3,1001.1,59.9,3,17.6,8
Delhi,Delhi,06-09-2019,90,47.0277,35,89.8536,33,29.9814,36,11.157,30,36.2011,28,1.21882,34,39.6976,34,36.2,29,0.03,18.4,113.5,220.5,30.8,47.1,34.1,38.4,25.8,75.5,100,4.17,0,0,37.1,1000.3,60.9,3.2,19.1,7
Delhi,Delhi,07-09-2019,82,34.4383,36,84.5147,34,30.5924,37,8.324,30,33.3554,28,1.19,36,33.6265,34,34.8,27,39.98,14.8,109.7,164.9,30.1,45.7,30.6,37.4,26,79.4,100,4.17,0,0,29.2,1000.9,64.8,2.9,14.2,6
Delhi,Delhi,08-09-2019,77,33.9164,36,80.9594,34,26.7759,37,8.66567,30,33.4375,28,1.08667,36,44.6118,34,35.2,27,39.98,13,45.5,234.5,31,45,30.6,38.2,25.7,75,100,4.17,0,0,18.7,1002.4,56,2.7,20.2,8
Delhi,Delhi,09-09-2019,108,56.1297,36,130.208,34,30.6676,37,8.53667,30,33.1936,28,1.19972,36,45.642,35,36.2,29,0,14.8,318.7,221.3,32.3,44,35.6,39.8,25.2,67.2,0,0,0,0,18.4,1001,44.3,3,19.1,7
Delhi,Delhi,10-09-2019,137,65.3878,36,147.799,34,34.6292,37,9.445,30,28.6852,27,1.24917,36,60.2123,35,36.7,28.4,0,11.2,316.7,237,32.6,44.7,34.7,39.6,24.8,65.1,0,0,0,0,14.4,1000.3,47.6,2.9,20.4,8
Delhi,Delhi,11-09-2019,168,79.9706,36,177.306,34,39.9062,37,9.56133,30,35.4171,28,1.46314,35,74.9723,35,38,29,0,9.4,138.8,229.9,33,46.6,34.5,40.5,25,64.5,0,0,0,0,22.7,1001.3,40.9,2.7,19.9,8
Delhi,Delhi,12-09-2019,151,55.5683,36,129.219,34,33.0873,37,9.02967,30,30.2229,28,0.996471,34,42.7031,35,36.6,30,0,20.6,113,178.8,32.3,49.8,37.4,42,26.6,72.2,0,0,0,0,28.8,1002.9,47.4,2.7,15.4,6
Delhi,Delhi,13-09-2019,86,32.6078,36,84.8326,34,29.5897,37,8.13667,30,28.9121,28,1.05743,35,39.3329,35,35.8,28,0,13,102.6,218.1,31.8,47.2,34.5,40.2,26.1,73.3,0,0,0,0,24.8,1003.8,42.4,3.1,18.7,8
Delhi,Delhi,14-09-2019,72,26.8636,36,71.6571,34,25.6884,37,8.64967,30,25.2457,28,0.858529,34,37.9506,35,34.8,28,0,14.1,84.8,148.6,31.2,44.1,31.9,38.3,25.3,71.7,0,0,0,0,30.6,1004.8,56,3.3,12.7,6
Delhi,Delhi,15-09-2019,72,37.23,36,77.5733,33,28.6675,36,8.56966,29,24.8467,27,1.22853,34,39.3671,34,33.6,28,1.835,13,96.3,166.2,30.1,44.1,32.7,37.4,25.8,78.2,100,8.33,0,0,25.2,1004.8,57.9,2.7,14.3,7
Delhi,Delhi,16-09-2019,105,58.8656,36,134.008,33,36.4873,37,8.47067,30,27.4854,28,1.28514,35,50.0594,35,36,27.9,0,9.4,325.6,221.1,31.5,44.3,33.5,38.5,25.3,71.6,0,0,0,0,21.2,1003.4,46.3,2.9,19,8
Delhi,Delhi,17-09-2019,135,57.89,35,135.694,33,37.6117,36,8.63241,29,29.1348,27,1.20647,34,58.0797,34,36,28,0.493,14.1,152.8,197.2,31.4,43.9,33.5,37.5,24.6,68.1,100,8.33,0,0,29.5,1004.2,48.9,3,17,7
Delhi,Delhi,18-09-2019,110,34.6511,36,96.9203,34,30.7559,37,9.59033,30,25.6018,28,0.966389,36,56.2474,34,34.7,26.8,0.1,18.4,95.4,204.8,30.3,43.8,29.2,35.3,23.8,69,100,4.17,0,0,28.8,1008.1,38.5,3.6,17.7,8
Delhi,Delhi,19-09-2019,66,22.34,36,67.6997,34,25.3149,37,9.58067,30,23.3,27,0.926389,36,33.6309,35,31.8,25.9,0.03,16.6,97.3,183.2,28.5,37.4,25.9,31.9,23.6,75.7,100,4.17,0,0,31,1010.4,55,3.2,15.8,7
Delhi,Delhi,20-09-2019,90,41.0308,36,111.271,34,31.7797,37,10.6743,30,24.0125,28,1.20139,36,39.4371,35,34.6,25.8,0,13,108.6,214.7,29.7,42.3,25.8,33.6,23.8,72,0,0,0,0,23.8,1008.7,45.9,3.5,18.5,7
Delhi,Delhi,21-09-2019,114,38.9975,36,95.5626,34,31.4578,37,10.0287,30,24.2282,28,1.25806,36,52.1062,34,34.6,24,24.494,13.4,120.4,197.7,28.4,42,24,31.9,24.1,79.3,100,4.17,0,0,33.5,1007.7,59.2,2.9,17.1,7
Delhi,Delhi,22-09-2019,67,27.83,36,65.7624,34,29.6536,36,9.31207,29,25.8838,24,0.945429,35,23.9509,35,29,24,0.03,15.8,92.8,185.2,26.4,33.4,24,27.9,23.7,85.3,100,4.17,0,0,24.8,1009.6,58.4,3.1,16.1,7
Delhi,Delhi,23-09-2019,83,35.0311,36,84.5035,34,30.6876,37,10.0933,30,25.9508,26,1.18528,36,43.3826,35,31.8,24,0,11.2,101.3,185.5,27.4,37,24,29.8,23.3,79.1,0,0,0,0,24.8,1010.8,57.5,3.1,16,7
Delhi,Delhi,24-09-2019,94,35.8608,36,98.8141,34,34.1995,37,8.99833,30,25.5589,28,1.1225,36,46.2857,35,33.6,24.4,0,12.9,113.9,207.3,28.2,39.7,24.4,31.1,23.3,75.5,0,0,0,0,29.9,1011,54.6,3.1,17.9,8
Delhi,Delhi,25-09-2019,90,30.6575,36,87.9759,34,29.8297,36,9.502,30,24.7744,27,1.0525,36,43.5974,35,34.6,24,0,11.8,82.7,208.2,28.4,40,24,30.9,23.2,75.5,0,0,0,0,32.4,1012.2,50,3.1,18,8
Delhi,Delhi,26-09-2019,74,22.7147,36,69.4676,34,26.1011,36,10.1123,30,23.5731,26,0.981143,35,25.5726,35,33.1,26,0,16.6,78.3,180.3,28.7,39.7,26,32,23.7,75,0,0,0,0,40.3,1012.5,51.8,3.7,15.7,7
Delhi,Delhi,27-09-2019,63,16.2051,35,58.3609,33,24.2936,36,9.88414,29,22.067,27,0.990294,34,22.1015,34,31.6,25,0,14.8,80.8,132.2,27.7,37.2,25,30.3,23.4,77.7,0,0,0,0,34.9,1011.3,55,3.6,11.4,5
Delhi,Delhi,28-09-2019,67,22.7442,36,68.0274,34,25.1573,37,9.54433,30,21.8674,27,0.790286,35,23.4071,35,31.7,24.8,0,18.4,79.2,186.4,27.5,37,24.8,29.8,23.2,77.8,0,0,0,0,40,1009.5,51.7,3.5,16.2,7
Delhi,Delhi,29-09-2019,60,17.5486,36,52.6574,34,22.6775,36,8.828,30,21.8684,25,0.828182,33,27.8017,35,30.8,24,0.305,14.4,88.6,58.6,26.8,35.6,24,28.6,23,80.6,100,4.17,0,0,29.2,1010.2,63.2,3.3,5,2
Delhi,Delhi,30-09-2019,68,31.1283,36,86.3032,34,27.1954,37,8.389,30,22.0181,26,1.23611,36,34.9531,35,30.9,24,0.299,14.8,107.8,151.3,26.8,36.9,24,28.6,23,80.7,100,4.17,0,0,22.7,1009.2,66.2,3.3,12.9,6
Delhi,Delhi,01-10-2019,93,34.2222,37,91.5476,34,27.2441,37,8.52433,30,23.2352,27,1.11556,36,40.738,35,31.9,24,0.299,11.2,104.8,152.7,27.5,37.5,24,29.8,23.4,79,100,4.17,0,0,22.7,1008.4,63.5,3.1,13.1,6
Delhi,Delhi,02-10-2019,90,41.2243,37,99.3988,34,28.8735,37,8.86067,30,24.6022,27,1.34743,35,56.5432,34,32.8,23,0,7.7,79.6,202.2,28,37.5,23,29.8,22.4,73.6,0,0,0,0,19.4,1009.6,34.7,3.1,17.4,7
Delhi,Delhi,03-10-2019,136,57.1368,37,141.956,34,35.7954,37,9.78733,30,27.9589,27,1.48971,35,63.1779,34,34.1,21.5,44.312,16.7,219.7,222.3,27.9,37.7,21.5,29.6,21.8,72.2,100,8.33,0,0,16.6,1009.8,49.5,2.9,19.2,8
Delhi,Delhi,04-10-2019,100,44.4735,37,101.56,34,33.9976,37,8.53467,30,26.0629,28,1.16222,36,48.132,35,30.8,22.6,0,15,307.5,208.5,26.2,34.9,22.6,27.4,21.6,76.9,0,0,0,0,33.1,1010.9,51.5,3.3,18,8
Delhi,Delhi,05-10-2019,98,40.2857,37,110.702,34,34.0822,37,8.33467,30,23.6439,28,1.44028,36,51.4791,35,31.8,22,0,15.4,291,229.3,26.6,33,22,27.1,19,65.4,0,0,0,0,27.7,1010.7,29.8,3.7,19.8,8
Delhi,Delhi,06-10-2019,127,58.7741,37,140.284,34,36.3,37,8.743,30,26.9352,27,1.05778,36,66.8688,34,32.8,22,0,11.3,293,229.9,26.9,34.6,22,27.5,19.7,66.8,0,0,0,0,22.7,1011.2,33.9,3.4,19.9,8
Delhi,Delhi,07-10-2019,130,54.1473,37,139.207,34,33.0608,37,8.44233,30,27.3214,28,0.951714,35,50.5385,34,31.6,23,0,17.3,288,219.4,26.9,33,23,27.4,19.8,67.2,0,0,0,0,33.1,1012.5,39.7,3.2,19.1,7
Delhi,Delhi,08-10-2019,112,47.0603,37,122.356,34,33.9473,37,9.16267,30,23.6786,28,1.33257,35,59.6562,34,31.6,21,0,15.1,269.1,226.5,26.4,32,21,26.6,17.9,61.4,0,0,0,0,23,1011.9,0.5,3.9,19.6,8
Delhi,Delhi,09-10-2019,173,76.8322,37,186.932,34,46.0222,37,11.8487,30,25.8189,27,1.69629,35,78.1349,35,33.4,21.5,0,7.9,111,176.9,27.1,33.5,21.5,27.7,18.8,62.9,0,0,0,0,18.4,1011.7,15.1,3.3,15.3,7
Delhi,Delhi,10-10-2019,211,101.463,37,220.144,34,51.1457,37,13.2543,30,30.1879,28,1.51278,36,89.078,35,33.7,21.6,0,11.2,20.3,195.9,27.2,33.8,21.6,27.5,18.1,60.1,0,0,0,0,13,1011.2,16,3,17,7
Delhi,Delhi,11-10-2019,216,97.7573,37,206.791,34,48.0403,37,10.93,30,32.64,28,1.62861,36,74.3477,35,32.6,21.1,0,9.3,282.8,212.7,26.9,32.6,21.1,27.2,18.2,61.9,0,0,0,0,18.4,1010.7,6.9,2.9,18.4,8
Delhi,Delhi,12-10-2019,222,104.026,37,213.955,34,47.5827,37,11.3047,30,33.9036,28,1.828,35,71.9566,35,32.8,22,0,9.4,325.8,217.5,27.4,34.6,22,28.1,19.3,63.8,0,0,0,0,15.8,1011.7,8,3.1,18.8,8
Delhi,Delhi,13-10-2019,270,131.382,37,258.301,34,49.9586,37,12.64,30,34.8418,28,1.986,35,71.1723,35,32.8,22,0,9,282.5,205.3,27.2,34.6,22,27.9,18.9,62.4,0,0,0,0,20.9,1012.1,7.3,2.9,17.8,7
Delhi,Delhi,14-10-2019,252,116.081,37,245.535,34,50.2881,37,11.4913,30,34.7411,28,2.35167,36,69.6343,35,33.8,21.4,0,7.2,337.2,212.7,27,35.3,21.4,27.8,19.1,63.9,0,0,0,0,20.9,1012.9,16.5,2.8,18.4,8
Delhi,Delhi,15-10-2019,270,133.489,37,290.041,34,57.8897,37,13.3933,30,36.0318,28,2.63971,35,75.9483,35,33.8,21.5,0,9.4,72,207.2,27.4,35.7,21.5,28.3,19.2,63.4,0,0,0,0,18.7,1013.6,0,2.7,17.8,7
Delhi,Delhi,16-10-2019,304,143.886,36,280.959,33,52.5869,36,13.1727,30,38.045,28,1.96147,34,78.2374,34,33.6,22.6,0.134,8.2,65.3,204.8,27.9,35.7,22.6,29,20.3,65.3,100,4.17,0,0,18.4,1013.8,0.3,2.3,17.7,8
Delhi,Delhi,17-10-2019,284,120.89,36,248.186,33,46.4222,36,14.7443,30,35.1446,28,1.76429,35,72.5148,33,33,22.7,0,9.4,88.6,192.9,27.5,35.3,22.7,28.5,20,65.3,0,0,0,0,20.5,1013.5,0,2.3,16.7,7
Delhi,Delhi,18-10-2019,248,85.7595,37,199.618,34,39.8235,37,11.2067,30,33.88,28,1.23515,33,59.0894,35,33.8,22.2,0,37.1,63.1,195.2,27.4,36.6,22.2,28.3,18.5,59.9,0,0,0,0,55.4,1013.7,19.8,2.6,16.8,7
Delhi,Delhi,19-10-2019,161,81.3224,37,184.3,34,52.4122,37,11.4133,30,33.9389,27,1.86389,36,72.246,35,32,21.7,0,13,340.4,204.3,26.6,33.5,21.7,27.2,17.7,58.9,0,0,0,0,18.7,1015.2,43.7,2.7,17.6,7
Delhi,Delhi,20-10-2019,238,96.4314,36,202.322,33,48.2889,36,10.6069,29,33.1492,26,1.53143,35,59.9685,34,31.8,20,0,12.1,280.5,219.2,25.9,31,20,25.8,16.2,57.7,0,0,0,0,23.4,1014.9,26.1,2.6,19,8
Delhi,Delhi,21-10-2019,249,111.977,37,235.418,34,51.5411,37,11.1883,30,31.4614,28,1.58543,35,64.2441,34,31.6,18.6,0,16.6,275,216.5,24.8,31.1,18.6,24.7,15,57.1,0,0,0,0,31.7,1013.2,21,2.4,18.8,8
Delhi,Delhi,22-10-2019,207,92.9943,37,218.591,34,49,37,12.0187,30,29.6463,27,1.94194,36,65.3431,35,30.8,18,0,14.1,259.6,211.1,24,30,18,23.9,14.4,57.2,0,0,0,0,33.5,1010.3,24.2,2.8,18.2,8
Delhi,Delhi,23-10-2019,242,123.444,37,276.359,34,56.7973,37,14.6803,30,34.29,27,2.72514,35,68.7565,34,31.8,17.8,0,11.5,265.7,213.4,24.5,31.5,17.8,24.5,14.7,56.6,0,0,0,0,25.6,1009.7,0,2.6,18.1,8
Delhi,Delhi,24-10-2019,311,172.154,37,350.314,34,66.0149,37,17.5463,30,41.2489,28,3.11806,36,77.9674,35,31,18.6,0,7.6,50,205.6,24.7,31.5,18.6,24.8,16.6,63,0,0,0,0,18,1010.6,0,2.1,17.8,8
Delhi,Delhi,25-10-2019,284,128.244,37,275.696,34,51.5324,37,14.7217,30,36.6079,28,2.53361,36,74.2326,35,30.5,19.5,0,11.1,81.7,194.7,24.5,30.6,19.5,24.7,16.4,62.1,0,0,0,0,19.8,1012,0,2.1,16.8,7
Delhi,Delhi,26-10-2019,287,150.295,37,297.435,34,55.7197,37,12.6363,30,39.5,28,2.66722,36,66.9197,35,30,18.6,0,9.4,95.4,197.7,24.3,30.6,18.6,24.5,16.7,64.2,0,0,0,0,18,1013.4,17.1,2.2,17.1,7
Delhi,Delhi,27-10-2019,337,200.394,37,321.546,34,47.0038,37,14.4843,30,39.9789,28,2.26056,36,67.1946,35,31.1,18.9,0,15.4,272.6,207,24.5,30.5,18.9,24.4,15.5,60.2,0,0,0,0,29.5,1012.9,3.7,2.1,18,7
Delhi,Delhi,28-10-2019,368,277.547,37,399.286,34,47.69,37,16.898,30,39.77,28,2.51083,36,63.1871,35,29.8,18.9,0,11.2,249.5,202.5,24.3,29.8,18.9,24.3,15.2,59.2,0,0,0,0,18.7,1013.4,18.2,1.6,17.6,7
Delhi,Delhi,29-10-2019,400,289.42,37,450.398,34,60.32,36,12.7847,30,48.0346,28,3.3,36,32.7166,35,28.6,19.7,0,5.4,232.9,145.2,23.9,29.7,19.7,24.2,17.8,69.2,0,0,0,0,18.7,1014.2,50.2,1.5,12.6,6
Delhi,Delhi,30-10-2019,419,277.87,37,457.612,34,62.8776,37,14.239,30,53.16,28,3.57583,36,36.0837,35,30.6,20.7,0,9.4,275.1,166.3,24.9,31,20.7,25,16.9,62.8,0,0,0,0,27.7,1012.8,44.9,1.5,14.3,6
Delhi,Delhi,31-10-2019,410,318.497,37,508.363,34,69.6005,37,16.0483,30,55.1164,28,3.72056,36,38.0406,34,31.8,18.7,0,11.2,272.1,195.8,24.3,31.4,18.7,24.4,16.5,64.2,0,0,0,0,33.5,1012.1,28.9,1.4,16.9,7
Delhi,Delhi,01-11-2019,484,378.629,37,581.492,34,72.6139,36,16.3753,30,56.61,27,2.93765,34,60.7883,35,31.6,18.4,0,11.2,341.1,184.4,24.8,32.8,18.4,25.3,17.8,67,0,0,0,0,16.2,1012.2,34.9,1.2,15.9,7
Delhi,Delhi,02-11-2019,399,333.98,37,489.714,34,53.1739,36,12.8353,30,49.7607,27,2.44917,36,33.3983,35,29,20,0.045,16,275.5,152.6,23.9,30.1,20,24.1,18.1,71.2,100,4.17,0,0,27.4,1013.9,41.1,1.2,13.3,6
Delhi,Delhi,03-11-2019,494,543.952,37,619.588,34,49.0964,36,10.4433,30,56.2589,27,2.76686,35,26.1353,34,27,19,0.255,15.8,255.9,177.3,22.8,27.8,19,22.8,18.4,77.7,100,4.17,0,0,35.6,1014.7,57.3,0.9,15.4,7
Delhi,Delhi,04-11-2019,407,268.246,37,387.167,34,43.8611,36,12.0077,30,39.31,27,1.69314,35,42.4657,35,29,19,0,13.6,263.4,188.9,23.4,29.2,19,23.5,16.8,68.7,0,0,0,0,32.4,1014.4,26.2,1.9,16.3,7
Delhi,Delhi,05-11-2019,324,188.096,37,301.27,34,44.5732,37,13.4941,29,33.1129,28,2.00278,36,55.8012,33,29.8,18,0,21.5,264,195.2,23.3,29.3,18,23.2,14.2,58.8,0,0,0,0,37.1,1011.6,0,2.4,17,7
Delhi,Delhi,06-11-2019,214,101.755,37,210.803,34,53.5149,37,11.6255,29,31.8175,28,1.71667,36,42.0437,35,31.6,16.6,0,11.2,151.4,167.1,23.6,30.5,16.6,23.4,12.5,52.8,0,0,0,0,17.3,1009.4,28.1,2.5,14.5,7
Delhi,Delhi,07-11-2019,309,184.388,37,298.739,34,50.8795,37,11.7957,30,38.2521,28,1.88806,36,16.0691,34,24.7,18,0.771,14.8,76.2,109.8,21,24.7,18,21,15.6,71.8,100,8.33,0,0,33.1,1010.8,57.6,1.8,9.6,4
Delhi,Delhi,08-11-2019,330,152.603,37,257.413,34,52.4424,37,13.9823,30,39.1729,28,2.09694,36,42.6785,34,29.4,17.2,0.3,11.2,304.4,171.9,22.2,29,17.2,22.2,15.6,69.3,100,4.17,0,0,18,1013.5,36.5,1.6,14.9,7
Delhi,Delhi,09-11-2019,283,140.767,37,232.383,34,43.1365,37,11.468,30,34.825,28,1.48722,36,40.516,35,29.3,16,0,16.6,284,189,22.1,28.6,16,22,13.8,63.6,0,0,0,0,25.6,1014.2,0,2.2,16.2,7
Delhi,Delhi,10-11-2019,321,194.75,37,302.251,34,49.9816,37,14.1,30,32.1636,28,1.71824,34,54.8691,35,28.6,16.2,0,13.3,301.1,187.4,21.2,28,16.2,21.2,12.7,60.1,0,0,0,0,27,1014.3,6.4,2.2,16.1,7
Delhi,Delhi,11-11-2019,360,253.997,37,386.615,34,61.6057,37,14.9877,30,36.2718,28,2.20361,36,61.3714,35,27.7,14.8,0,11.2,293.1,183.7,20.8,27.2,14.8,20.8,11,56.1,0,0,0,0,24.8,1013.1,25.4,1.6,15.8,7
Delhi,Delhi,12-11-2019,425,386.418,37,537.142,34,65.7176,37,14.5293,30,39.9039,28,2.74667,36,61.488,35,27,14,0,13,274.6,188.3,20,26.6,14,20,10.8,58.2,0,0,0,0,25.9,1014.1,13.3,1.2,16.2,7
Delhi,Delhi,13-11-2019,456,383.399,37,547.964,34,72.8049,37,15.215,30,44.4186,28,3.06743,35,53.0243,35,28,14.6,0,9.4,263.6,160,20.8,27.4,14.6,20.8,12.8,62.8,0,0,0,0,22.3,1016,24.9,1,14,6
Delhi,Delhi,14-11-2019,463,370.605,37,551.363,33,81.6824,37,15.9153,30,51.3664,28,3.63886,35,39.5259,34,26,16.8,0,9.4,246,155.5,20.9,26,16.8,20.9,14.8,69.7,0,0,0,0,20.2,1016.7,43.8,1,13.4,6
Delhi,Delhi,15-11-2019,458,422.641,37,569.526,34,59.087,37,13.949,30,49.1996,28,2.83083,36,54.0258,33,27.4,17,0,9.4,285,165.7,21.3,27.7,17,21.3,15.3,70.6,0,0,0,0,20.5,1015.8,50.3,0.7,14.4,7
Delhi,Delhi,16-11-2019,357,169.4,37,288.78,34,40.8816,37,12.6463,30,35.555,28,1.44167,36,41.0969,35,28.8,17.8,0,22.3,297.8,176.8,21.8,28.6,17.8,21.8,14,63.2,0,0,0,0,37.8,1015.6,22.3,1.8,15.2,7
Delhi,Delhi,17-11-2019,215,96.4454,37,170.411,34,33.633,37,10.769,30,28.7096,28,1.08889,36,35.6217,35,28.6,15,0,16.6,285.3,180.6,21.1,28.2,15,21.1,13.3,63.9,0,0,0,0,39.6,1015.5,6,2.4,15.5,7
Delhi,Delhi,18-11-2019,214,104.777,37,179.731,33,42.5454,37,10.7327,30,29.7589,27,2.04167,36,44.0077,35,25,15,0,18.4,276.7,179.3,19.6,25,15,19.6,12.8,66.6,0,0,0,0,34.9,1015,27.7,2.7,15.5,7
Delhi,Delhi,19-11-2019,242,129.197,37,224.19,33,52.45,37,12.0913,30,32.9521,28,2.21543,35,45.8417,35,26.3,13.9,0,11.2,267.8,179,19.7,26.3,13.9,19.7,12,63,0,0,0,0,24.8,1014.3,6.5,2.3,15.5,7
Delhi,Delhi,20-11-2019,301,178.535,37,306.849,33,78.22,37,14.7637,30,40.4293,28,3.46571,35,57.3737,35,27.4,14.1,0,9.4,273.4,175.1,19.8,27.2,14.1,19.8,12,63.1,0,0,0,0,15.5,1014.7,8.4,2.2,15.3,7
Delhi,Delhi,21-11-2019,366,216.302,37,366.382,33,90.2254,37,19.3493,30,43.6857,28,3.54273,33,67.1264,33,27.9,13.8,0,9.4,309,170.9,19.8,27.4,13.8,19.8,12.1,64.2,0,0,0,0,16.6,1016.7,24.7,1.6,14.7,6
Delhi,Delhi,22-11-2019,360,199.676,37,333.941,33,74.7511,37,15.67,30,41.8182,28,2.91139,36,61.5637,35,27.1,14,0,9.4,294.1,167.6,21,27.3,14,21,12.2,59.3,0,0,0,0,22.3,1016.8,29.2,1.8,14.4,6
Delhi,Delhi,23-11-2019,312,126.693,37,220.51,33,51.2076,37,11.4693,30,34.9082,28,1.46306,36,31.5554,35,26.2,15.4,0,13,266,130.7,20.6,26.2,15.4,20.6,13,63,0,0,0,0,29.5,1016.4,43,1.9,11.3,5
Delhi,Delhi,24-11-2019,234,108.472,37,181.405,33,43.4753,36,11.459,29,34.7981,27,1.32086,35,42.8659,34,26.2,15,0,13,272.6,129.8,20.6,26.2,15,20.6,13.9,66.9,0,0,0,0,27,1015.7,49.3,2.2,11.3,5
Delhi,Delhi,25-11-2019,252,122.925,37,218.723,33,53.3597,37,14.2953,30,35.5018,28,2.3225,36,45.4554,35,27,15.2,0,9.4,339.1,161.5,20.9,26.7,15.2,20.8,13.5,65.7,0,0,0,0,16.6,1016.1,25.8,1.7,13.9,6
Delhi,Delhi,26-11-2019,270,109.382,37,220.906,33,52.4935,37,17.006,30,36.8286,28,1.624,35,50.8583,35,28,17.1,0,18.4,53.5,138.4,22.1,27.8,17.1,22.1,13.6,60.1,0,0,0,0,17.6,1015.5,49.6,2.3,12.1,6
Delhi,Delhi,27-11-2019,134,66.5284,37,130.316,33,41.7816,37,10.581,29,34.3193,28,1.03889,36,35.9911,35,26.5,15.9,0,16.6,37.6,140.5,20.6,26.5,15.9,20.6,14.8,70.4,0,0,0,0,22.7,1015.5,56.3,2.4,12.2,6
Delhi,Delhi,28-11-2019,106,32.0841,37,61.4936,33,32.2761,36,8.32533,30,30.5425,28,0.824722,36,30.9018,34,22.4,16.8,0.119,22.3,63.8,112.6,19.1,22.4,16.8,19.1,14.5,75.3,100,4.17,0,0,31.3,1016.4,75.3,2.1,9.5,5
Delhi,Delhi,29-11-2019,84,56.2346,37,105.545,33,41.6341,37,10.023,30,31.7486,28,1.61556,36,36.8583,35,24.2,14.1,0,11.2,344.4,123.6,18.4,24.2,14.1,18.4,13.9,76.6,0,0,0,0,20.2,1016.9,12.1,2.9,10.5,5
Delhi,Delhi,30-11-2019,193,98.587,37,164.771,33,44.8259,37,10.463,30,37.595,28,1.615,36,30.4463,35,21.9,13,0,13.5,273.6,166.5,16.8,21.9,13,16.8,13.6,82.3,0,0,0,0,24.5,1017.3,7.6,1.6,14.6,6
Delhi,Delhi,01-12-2019,250,124.553,37,195.96,33,49.4838,37,12.2097,30,36.0657,28,1.65886,35,50.3017,35,22.8,11.2,0,16.6,274.7,168.3,16.5,22.8,11.2,16.5,11.1,73.1,0,0,0,0,23,1016.9,4.9,1.7,14.5,6
Delhi,Delhi,02-12-2019,279,141.539,36,232.822,32,55.7564,36,12.3548,29,38.2188,26,1.94206,34,49.1615,34,22.6,10.2,0,18.4,273.9,170.4,15.8,22.6,10.2,15.8,9.6,68.8,0,0,0,0,27,1017.6,0,2.1,14.8,7
Delhi,Delhi,03-12-2019,282,141.812,37,247.18,33,60.7986,37,11.7963,30,37.4854,28,2.41889,36,51.4306,35,23.9,10,0,16.6,268.2,171.5,16,23.9,8.7,16,7.5,60.2,0,0,0,0,27.4,1016.8,1.2,2.4,14.8,7
Delhi,Delhi,04-12-2019,296,165.263,37,283.704,33,69.9184,37,14.2007,30,43.0807,28,3.27806,36,49.7943,35,23.2,9.2,0,9.4,314.8,166.7,16.2,23.2,8.7,16.2,7.6,59.9,0,0,0,0,18.4,1018.9,24.8,2.4,14.5,6
Delhi,Delhi,05-12-2019,382,273.212,37,421.861,33,90.3835,37,14.0417,29,54.8025,28,3.75457,35,56.0674,34,22.4,9.1,0,9.4,314.3,158.5,16,22.4,9.1,16,8.9,65.8,0,0,0,0,16.9,1021,28.5,1.5,13.6,6
Delhi,Delhi,06-12-2019,404,239.99,37,361.326,33,69.0876,37,13.4386,29,56.8063,27,2.28111,36,40.6247,34,23.7,10.2,0,13,290.2,144.8,16.3,23.7,10.2,16.3,11.4,74.2,0,0,0,0,16.6,1020.2,34.7,1.2,12.5,6
Delhi,Delhi,07-12-2019,371,233.231,37,354.939,33,67.5657,37,18.0243,30,56.44,27,4.01229,35,43.3835,34,23.8,10.8,0,11.2,355.1,164.2,16.3,23.8,10.8,16.3,11.6,76.6,0,0,0,0,17.6,1019.2,13.3,1,14.2,6
Delhi,Delhi,08-12-2019,391,237.206,37,354.015,33,68.6159,37,13.3257,30,58.4022,27,3.904,35,38.2589,35,23,10.7,0,11.2,295.3,164.9,16.4,23,10.7,16.4,11,73.9,0,0,0,0,16.6,1018.8,0,1.2,14.3,6
Delhi,Delhi,09-12-2019,343,201.166,37,315.598,33,69.2797,37,12.5867,30,57.2068,28,2.80917,36,48.5709,34,22.9,9.7,0,9.4,293.4,164.8,16,22.9,9.7,16,9.1,67.4,0,0,0,0,20.9,1018.1,12.9,1.4,14.2,6
Delhi,Delhi,10-12-2019,369,239.483,37,370.311,33,72.3341,37,12.5837,30,58.4243,28,3.36194,36,50.2843,35,22,9.4,0,9.2,270.2,164,15.4,22,8.7,15.3,9.3,70.4,0,0,0,0,22,1015.5,0,1.4,14.2,6
Delhi,Delhi,11-12-2019,408,300.699,37,459.654,33,84.9916,37,14.714,30,69.5696,27,4.02571,35,47.9254,35,22.5,9.7,0,11.2,113.9,139.2,16.2,22.5,9.7,16.2,10.2,70,0,0,0,0,16.2,1013.8,29.2,1.4,12.1,6
Delhi,Delhi,12-12-2019,430,274.273,37,400.59,33,62.0062,37,11.9603,30,70.9575,28,2.485,34,41.0029,35,21,14.2,27.045,20.5,86.4,107.2,16.9,21,14.2,16.9,12.2,75.4,100,8.33,0,0,55.4,1012.6,70.9,1.3,9.3,4
Delhi,Delhi,13-12-2019,240,93.2884,37,125.101,33,39.9872,36,7.97867,30,51.5346,28,1.22057,35,28.2743,35,19,13.3,7.34,18.4,95.1,61.9,15.5,19,13.3,15.5,14,90.9,100,8.33,0,0,85.3,1013.1,75.1,1.1,5.4,3
Delhi,Delhi,14-12-2019,163,80.6511,36,133.975,32,42.5147,34,8.85448,29,38.3207,27,1.68,34,29.4497,33,18.3,12,0,9.4,297.3,96.7,14.6,18.3,12,14.6,11.5,82.7,0,0,0,0,16.6,1019.7,66.8,1.5,8.2,4
Delhi,Delhi,15-12-2019,213,94.5517,36,153.581,32,42.9153,34,8.34833,30,38.5652,27,1.46618,34,29.2476,34,18.8,10,0,14.8,266.6,134.9,13.6,18.8,8.7,13.5,11.2,87.3,0,0,0,0,20.9,1019.5,33.4,1.3,11.5,5
Delhi,Delhi,16-12-2019,186,87.7143,35,133.314,33,41.7742,36,7.25333,30,39.6104,28,1.06118,34,18.2982,34,12.6,10.9,0,14.8,277.1,129.9,11.2,12.6,10.9,11.2,10.2,93.7,0,0,0,0,27,1020,40.9,1.1,11.3,6
Delhi,Delhi,17-12-2019,168,99.1069,36,149.882,33,33.782,35,7.69833,30,48.2057,28,1.62114,35,23.8091,33,12.1,8.7,0,14.8,289.2,157.5,11,12.1,8.4,10.9,8.7,86,0,0,0,0,29.9,1021.2,45.6,1.3,13.7,6
Delhi,Delhi,18-12-2019,292,145.637,36,218.829,33,43.9763,35,8.01967,30,52.4768,28,1.934,35,39.2458,33,17.5,8.4,0,14.8,267.7,160,11.4,17.5,7.6,10.9,8.9,85.8,0,0,0,0,27.7,1019.9,41.2,1.3,13.8,6
Delhi,Delhi,19-12-2019,362,267.061,36,394.93,33,55.1323,35,9.74033,30,57.1039,28,2.59471,34,18.0671,34,14.5,6.9,0,9.4,96.5,146,10.3,14.5,6.8,10.2,9.1,92.8,0,0,0,0,21.2,1018.5,11.8,0.7,12.6,6
Delhi,Delhi,20-12-2019,432,317.934,36,453.776,33,61.3812,34,10.1367,30,60.8604,27,2.68,34,21.6541,34,16.4,9,0,12.4,253.9,156.7,11.1,16.4,9,11,10.2,94.6,0,0,0,0,19.1,1016.1,71.6,0.3,13.6,6
Delhi,Delhi,21-12-2019,418,244.334,36,349.155,33,50.6369,35,8.66,30,67.4071,28,1.75853,34,16.7771,34,17,9.6,0,13,270.9,98.9,12.4,17,9.1,12.3,11.1,92.7,0,0,0,0,19.8,1017.1,60.3,0.5,8.5,4
Delhi,Delhi,22-12-2019,322,144.748,36,199.716,33,38.5383,35,6.88933,30,61.2914,28,1.28618,34,18.7688,34,14,9,0,15,282.9,155.9,10.8,14,7.2,10.2,10.1,96.1,0,0,0,0,26.6,1018.2,40.7,0.8,13.6,6
Delhi,Delhi,23-12-2019,327,175.436,36,249.279,33,40.5764,36,7.275,30,52.9454,28,1.94382,34,19.8362,34,12,6.9,0,13,278.3,162.9,9.7,12,5.7,8.8,8.7,93.8,0,0,0,0,25.2,1017.6,25.1,1,14.3,6
Delhi,Delhi,24-12-2019,383,266.303,36,408.573,33,60.1928,36,8.71233,30,55.4546,28,2.316,35,23.2891,34,15.4,7.5,0,9.4,311.2,112.4,10.3,15.4,6.4,9.9,8.7,90.9,0,0,0,0,16.9,1019.4,29.2,0.7,9.8,5
Delhi,Delhi,25-12-2019,350,160.974,36,252.521,32,38.9519,36,6.96586,29,49.2789,28,1.26857,35,18.0356,34,11.1,7,0,14.8,284.2,158.8,8.5,11.1,4.5,7.1,7.7,94.8,0,0,0,0,27,1018.4,45.2,0.8,13.6,6
Delhi,Delhi,26-12-2019,349,197.694,36,302.891,33,44.7536,36,7.19345,29,54.9096,28,1.53371,35,21.6871,34,12.5,6.1,0,13,287.8,155.4,8.4,12.5,4.5,7.3,6.7,89.9,0,0,0,0,31.7,1017.8,41.3,1,13.4,6
Delhi,Delhi,27-12-2019,373,243.608,35,382.499,32,54.6726,35,8.186,30,54.2679,28,2.13086,35,23.3018,34,13.2,5.5,0,9.4,292,137.1,8.5,13.2,5.1,8,6.2,86.3,0,0,0,0,22,1018.6,26.4,1,12,5
Delhi,Delhi,28-12-2019,409,276.986,35,430.984,32,56.2537,35,10.3483,30,51.2736,28,2.34429,35,17.5265,34,12.5,3,0,9.4,262.2,132.1,7,12.5,3,6.8,6.2,95,0,0,0,0,18.7,1019.4,24.5,0.7,11.4,6
Delhi,Delhi,29-12-2019,431,327.206,35,506.51,32,58.7638,34,9.94833,30,50.3588,26,2.59514,35,32.6385,34,14.8,4.6,0,11.2,320,125,8.7,14.8,4,8.6,6.8,89.3,0,0,0,0,14.8,1019.8,51.3,0.6,10.7,5
Delhi,Delhi,30-12-2019,446,324.97,35,478.539,32,54.998,35,11.0157,30,52.2882,28,2.45971,34,11.4806,33,9.1,4.7,0,11.2,119,107.1,6.5,7.9,3.7,5.7,6.3,98.4,0,0,0,0,22,1019.1,67.8,0.2,9.2,4
Delhi,Delhi,31-12-2019,387,257.718,36,343.746,33,48.8011,36,11.6447,30,50.3432,28,3.618,35,25.2409,34,14.2,4.7,0,11.2,100.8,138.7,8.4,14.2,2.4,7.5,5.4,83.3,0,0,0,0,19.1,1020.3,34.5,0.9,11.9,6
Delhi,Delhi,01-01-2020,437,369.382,36,477.915,33,63.7486,36,18.571,30,56.6596,28,3.912,35,35.3388,33,19.6,3.8,0,14.8,79.3,154.6,11.1,19.6,3.6,10.9,7.3,80.8,0,0,0,0,21.2,1021,28.1,0.9,13.2,6
Delhi,Delhi,02-01-2020,417,316.973,36,432.425,33,64.7369,36,20.267,30,57.23,28,4.22152,33,30.7621,33,21.7,6.4,0,9.4,63,153.9,13.9,21.7,6.4,13.9,9,76.2,0,0,0,0,28.1,1020.8,30.9,1.2,13.3,6
Delhi,Delhi,03-01-2020,352,227.151,36,335.518,33,54.9272,36,15.1073,30,53.2861,28,3.63429,35,27.8585,33,22,9.4,0,13,90.3,147.8,15.3,22,9.4,15.3,10.6,77.3,0,0,0,0,17.3,1018.3,32.8,1.5,12.5,6
Delhi,Delhi,04-01-2020,334,218.599,36,331.994,33,57.784,35,12.5283,29,53.6459,27,2.98485,33,30.5136,33,21.1,9.4,0,14.8,281.9,148.3,14.3,21.1,9.4,14.3,10.1,77.9,0,0,0,0,19.1,1017.5,25,1.2,12.9,6
Delhi,Delhi,05-01-2020,330,169.341,36,257.753,32,47.8983,35,9.27107,28,47.157,27,1.34912,34,36.4166,32,20.2,8.6,0,16.6,274.3,161.5,14.2,20.2,8.6,14.2,8.8,73,0,0,0,0,27.7,1017.9,44.2,1.6,13.9,6
Delhi,Delhi,06-01-2020,325,155.723,36,240.141,33,50.5011,36,11.2736,28,46.4754,28,1.39943,35,18.5376,33,18.9,11,0,13,21.7,72.7,14.4,18.9,11,14.4,9.9,76.7,0,0,0,0,22,1018.8,68.7,1.4,6.4,3
Delhi,Delhi,07-01-2020,254,121.468,36,179.649,33,44.5469,36,11.754,30,43.4511,28,1.31514,35,18.0321,33,18,13,3.432,14.8,93.4,101.4,15.2,18,13,15.2,12.3,83.5,100,4.17,0,0,25.9,1016.3,70.4,1.7,8.7,5
Delhi,Delhi,08-01-2020,266,116.837,36,145.925,33,37.5756,36,8.775,30,44.4607,28,1.27457,35,13.0285,34,14.2,11,17.373,18.4,336.1,60.2,13,14.2,11,13,12.2,94.8,100,12.5,0,0,28.8,1014.5,76.3,1.2,5.3,3
Delhi,Delhi,09-01-2020,203,92.2981,36,139.283,33,33.1614,35,7.52167,30,36.3611,28,1.29647,34,23.7262,34,14,8,0,16.6,286.2,172.6,10.9,14,6.5,10.1,9,89.1,0,0,0,0,30.6,1019.3,38.4,1.1,15,6
Delhi,Delhi,10-01-2020,255,133.307,36,209.55,33,45.6575,36,9.68533,30,37.7389,28,1.87182,33,32.8847,34,17,6,0,15.5,275.5,176.2,10.7,17,3.6,10,7.9,84.6,0,0,0,0,31,1019.8,30.6,0.8,15.3,7
Delhi,Delhi,11-01-2020,288,153.956,36,249.672,33,52.81,36,11.9213,30,41.6464,28,2.58242,33,43.0671,34,19,7,0,14.8,263.4,154.7,12.1,19,6.4,11.9,7.5,76.9,0,0,0,0,24.8,1019.4,29.8,1.7,13.3,7
Delhi,Delhi,12-01-2020,348,211.051,36,329.868,32,59.1481,36,12.64,30,48.5804,28,3.21226,31,39.4871,34,21.8,8.3,0,13,260.5,169,13.8,21.8,7.6,13.7,8.7,74.7,0,0,0,0,22.3,1016.2,24.5,1.5,14.5,6
Delhi,Delhi,13-01-2020,366,211.59,36,321.205,33,53.4147,36,11.0493,30,52.4743,28,2.86097,31,28.6238,34,21,9.6,0.83,19.1,129.8,128.5,15,21,9.6,15,11.3,80.1,100,4.17,0,0,36.4,1011.6,57.8,1.4,11.1,5
Delhi,Delhi,14-01-2020,283,113.184,36,163.364,33,38.4767,36,9.28067,30,45.2918,28,1.34771,35,22.7965,34,16.1,10,0,13,313.2,93.5,13.3,16.1,8.7,13.2,11.6,89.7,0,0,0,0,18.4,1015.4,35.5,1.5,7.9,5
Delhi,Delhi,15-01-2020,218,113.09,36,182.399,33,47.4033,36,10.669,30,41.8922,27,1.34,35,33.6503,34,19.1,8.2,0,11.2,320.3,168.1,13.2,19.1,7.7,13.2,10.5,85.2,0,0,0,0,19.4,1016.3,30.1,1.5,14.6,7
Delhi,Delhi,16-01-2020,281,139.135,36,198.727,33,43.8039,36,10.389,30,43.9007,28,1.42743,35,14.9165,34,15.2,8,4.045,11.2,315.6,110.9,12.2,15.2,6.8,12.1,10.6,90.1,100,16.67,0,0,34.2,1015.3,62.7,1,9.8,5
Delhi,Delhi,17-01-2020,265,107.172,36,156.285,33,35.7728,36,10.3403,30,39.7154,28,1.59824,34,18.125,34,16.7,11.4,2.39,13,293.4,111.9,13,16.7,11.4,13,11.5,91.4,100,8.33,0,0,19.8,1016.4,62.7,1,9.5,4
Delhi,Delhi,18-01-2020,243,126.312,36,202.781,33,43.8036,36,9.64233,30,39.6236,28,1.55424,33,20.2988,34,16.5,10.5,0,11.2,299.8,117.7,12.5,16.5,10.5,12.5,10.5,88.2,0,0,0,0,21.2,1018.3,48.1,0.9,10.3,6
Delhi,Delhi,19-01-2020,277,123.876,36,187.253,33,33.4317,36,8.81633,30,37.9421,28,1.05235,34,33.7018,34,15.8,7.9,0,16.9,267.1,165.9,10.5,15.8,5,9.4,9.1,92.1,0,0,0,0,25.6,1019.2,28.1,0.9,14.3,7
Delhi,Delhi,20-01-2020,269,147.267,36,236.317,33,38.1922,36,10.1267,30,39.5171,28,2.41714,35,24.2276,33,15.3,8,0,13,268.7,150.6,11,15.3,6,10.3,10.2,94.8,0,0,0,0,23.8,1018.1,50.5,0.8,13,6
Delhi,Delhi,21-01-2020,364,224.398,36,354.493,33,48.4072,36,12.2587,30,47.7611,28,2.41629,35,26.01,34,19.7,10.3,0,11.2,104.9,159.2,13.6,19.7,10.3,13.6,11.4,87.7,0,0,0,0,17.3,1018.6,54.7,0.8,13.8,6
Delhi,Delhi,22-01-2020,370,192.08,36,288.363,33,43.7761,36,10.787,30,44.9554,28,2.37829,35,18.2336,33,16.4,8.3,0,14.8,262.5,181.2,11.6,16.4,7.6,11.3,10.5,92.9,0,0,0,0,27.4,1020.7,47.5,0.7,15.7,7
Delhi,Delhi,23-01-2020,211,73.5456,36,138.794,33,35.0864,36,8.76667,30,35.6721,28,0.966765,34,35.5121,34,19.8,9,0,19.3,275.6,190.6,13.1,19.8,7,12.5,7.1,70.4,0,0,0,0,37.8,1018.8,8.8,2.2,16.5,7
Delhi,Delhi,24-01-2020,151,83.9656,36,161.085,33,44.4842,36,10.7747,30,33.8464,28,1.715,34,43.4532,34,20.3,6,0,22.3,268.3,191.9,13,20.3,3.3,12.3,6,66.2,0,0,0,0,37.1,1016.4,23.2,2.7,16.6,7
Delhi,Delhi,25-01-2020,250,141.136,36,248.639,33,56.0478,36,12.087,30,41.4125,28,2.33057,35,39.8603,34,19.5,7,0,12.2,287.8,187.1,13.4,19.5,7,13.4,7.1,68.9,0,0,0,0,19.8,1016.5,15.9,2.2,16.3,7
Delhi,Delhi,26-01-2020,325,200.528,36,308.709,33,49.5794,36,12.3007,29,48.29,27,2.682,35,40.1761,33,22.2,8,0,14.8,275.9,184.4,14.2,22.2,8,14.2,8.8,73.6,0,0,0,0,28.1,1014.8,8.1,1.5,16.1,7
Delhi,Delhi,27-01-2020,345,203.871,36,323.966,33,66.26,36,14.2697,30,52.7671,28,2.94531,32,20.9982,34,22,10.3,0,16.6,57.3,122.9,15.7,22,10.3,15.7,10.3,72.5,0,0,0,0,21.6,1012.1,46.9,1.4,10.7,5
Delhi,Delhi,28-01-2020,243,105.473,36,151.163,33,41.2128,36,10.7637,30,42.7043,28,1.98441,34,26.2644,34,21.1,13,8.701,22.3,91.2,134.2,15.8,21.1,13,15.8,13.7,88.1,100,25,0,0,37.1,1010.7,72.6,1.5,11.8,5
Delhi,Delhi,29-01-2020,194,78.9219,36,141.817,33,40.0394,36,9.57033,30,36.7246,28,1.61771,35,36.0112,34,20,11,4.253,13.2,310.9,148.1,14.8,20,11,14.8,11.4,83.1,100,4.17,0,0,18.7,1016.7,46.4,1.7,12.8,6
Delhi,Delhi,30-01-2020,202,90.0553,36,167.697,33,44.1392,36,9.727,30,36.4761,28,1.19657,35,29.6303,34,19.4,9,0,18.4,285.6,190.1,14,19.4,7.2,13.9,10.7,82.2,0,0,0,0,36.4,1017.7,6.4,1.5,16.3,7
Delhi,Delhi,31-01-2020,190,93.1042,36,174.295,33,46.3175,36,9.90033,30,33.725,28,1.49971,35,30.4574,34,18.7,7,0,13.4,278.5,187.9,12.4,18.7,5.2,12,8.7,80.4,0,0,0,0,27.4,1015.5,5.6,2,16.2,7
Delhi,Delhi,01-02-2020,232,111.757,36,203.465,33,43.3747,36,9.76333,30,35.7718,28,1.48686,35,37.4574,34,19.1,7.6,0,14.8,296.7,182.4,13,19.1,7.6,12.9,8.5,76.1,0,0,0,0,28.1,1018.3,21.1,1.8,15.6,7
Delhi,Delhi,02-02-2020,244,123.431,36,206.001,33,45.1519,36,10.1763,30,36.7364,28,1.61143,35,39.507,33,18.4,7,0,18.4,277,200.2,12,18.4,5.2,11.9,8.4,80.6,0,0,0,0,30.2,1019.9,34,1.4,17.2,7
Delhi,Delhi,03-02-2020,270,140.762,36,251.134,33,53.1531,36,11.2713,30,37.6036,28,2.51086,35,49.5618,34,21,6.8,0,12.4,267.3,203.3,13.6,21,6.2,13.5,7.2,70.3,0,0,0,0,24.8,1018.5,0.1,2.1,17.7,7
Delhi,Delhi,04-02-2020,310,187.316,36,338.288,33,64.2761,36,14.5213,30,43.1589,28,2.74171,35,51.585,34,21.4,7.6,0,14.8,121.6,199.5,14.6,21.4,7.6,14.6,7.9,67.6,0,0,0,0,22.7,1016.8,11.2,1.8,17.3,7
Delhi,Delhi,05-02-2020,312,147.283,36,253.292,33,52.6692,36,12.7767,30,39.8936,28,1.586,35,41.095,34,20.9,8.7,0,16.6,287.9,198.1,14.3,20.9,7.9,14.1,9.3,75,0,0,0,0,30.6,1017.1,18.6,1.8,17.2,7
Delhi,Delhi,06-02-2020,231,123.392,36,212.729,33,52.2242,36,11.9147,30,36.2068,28,1.71,35,47.7424,33,19,7.6,0,11.2,267,203.6,12.9,19,6.8,12.8,7.9,75.1,0,0,0,0,23.4,1016.4,16,2.1,17.6,7
Delhi,Delhi,07-02-2020,295,149.197,36,254.561,33,59.0997,36,13.5137,30,38.9768,28,1.87514,35,46.287,33,19.2,7.5,0,14.8,308.6,184.3,13.1,19.2,7.5,13.1,8,74,0,0,0,0,29.2,1018.9,3.9,1.6,16,7
Delhi,Delhi,08-02-2020,289,149.97,36,239.193,33,46.9425,36,14.3413,30,40.6139,28,1.34,35,50.8703,33,20.5,8.8,0,18.4,287.1,208,13.6,20.5,7.9,13.5,8.4,73.6,0,0,0,0,25.9,1020.8,2.3,1.6,18,8
Delhi,Delhi,09-02-2020,285,154.411,35,252.74,33,50.7817,36,14.2838,29,39.657,27,1.68559,34,53.4584,31,21.7,8,0,61.3,304.9,211.5,14.2,21.7,7.9,14.2,9.1,75,0,0,0,0,22.3,1021.3,19.3,1.6,18.3,8
Delhi,Delhi,10-02-2020,309,171.564,36,294.449,33,55.95,36,14.124,30,39.3493,28,2.344,35,52.2655,33,20.5,7,0,13,270,214,13.4,20.5,6.2,13.2,8.4,74.7,0,0,0,0,25.9,1019.3,30,1.3,18.6,8
Delhi,Delhi,11-02-2020,323,175.542,36,305.953,33,60.2078,36,13.9753,30,39.8885,27,2.53257,35,49.9185,34,22.2,7.8,0,11.2,275.9,214.2,14.9,22.2,7.8,14.9,8.9,71.8,0,0,0,0,23,1019.4,11.9,1.4,18.6,8
Delhi,Delhi,12-02-2020,320,168.113,36,290.187,33,54.0642,36,16.2993,30,40.7904,28,1.50941,34,48.8468,34,23.9,10,0,22.3,265.5,209.3,16.1,23.9,9.1,16,11.3,76.5,0,0,0,0,40,1018.9,7.9,1.3,18.1,8
Delhi,Delhi,13-02-2020,241,94.1503,36,179.549,33,40.6703,36,16.0107,30,36.7518,28,0.966286,35,44.6956,34,27,11,0,22.3,262.6,210.5,18.7,27.3,11,18.7,11.7,67.4,0,0,0,0,38.2,1015.7,6.1,2,18,8
Delhi,Delhi,14-02-2020,173,74.8303,36,174.058,33,35.2139,36,13.5983,30,34.2221,28,0.867879,33,49.3085,34,24.4,13.1,0,25.9,279.2,220.6,18.5,24.4,13.1,18.5,10.1,60.5,0,0,0,0,46.4,1012.9,0,2.3,19,8
Delhi,Delhi,15-02-2020,167,85.7717,36,183.088,33,46.9644,36,17.405,30,32.9132,28,1.28057,35,61.3973,33,25,10,0,25.9,265,223.8,17.4,25,8.4,17.3,7.8,56.5,0,0,0,0,37.4,1013.2,0,2.4,19.4,8
Delhi,Delhi,16-02-2020,247,135.789,36,245.417,33,56.7594,36,19.4147,30,38.7914,28,2.32229,35,63.1112,33,26.1,10.7,0,14.8,285,225.5,17.8,26.1,10.7,17.8,9.1,59.9,0,0,0,0,25.6,1016.3,0,2.5,19.6,8
Delhi,Delhi,17-02-2020,293,159.815,36,283.392,33,60.6108,36,18.7827,30,42.1104,28,2.37857,35,51.1321,34,25.9,10.9,0,22.3,273.7,226.4,17.4,25.9,10.9,17.4,9.5,64.7,0,0,0,0,32,1017.4,0.4,2,19.7,8
Delhi,Delhi,18-02-2020,252,127.927,36,246.995,33,59.7014,35,22.9207,30,37.3614,28,2.41676,34,62.1368,34,25.2,11,0,20.5,270.1,229.4,17.8,25.2,11,17.8,7.7,55.3,0,0,0,0,34.9,1014.6,7.2,2.1,19.7,8
Delhi,Delhi,19-02-2020,272,133.155,36,278.798,33,57.8209,35,19.4693,30,43.3193,28,3.38355,31,55.1112,33,26,10,0,22.3,112.5,204.4,18.9,26,10,18.9,9.8,59.4,0,0,0,0,34.9,1013.2,45.8,2.3,17.8,7
Delhi,Delhi,20-02-2020,230,99.4178,36,225.005,33,43.3583,36,14.246,30,39.5889,28,1.04857,35,67.8759,34,26.9,15.2,1,24.1,103.4,209,20.7,27.1,15.2,20.7,12.3,60.5,100,4.17,0,0,46.4,1012.8,54.6,2.5,18.1,7
Delhi,Delhi,21-02-2020,144,51.8219,36,84.1527,33,33.6242,36,10.356,30,35.0532,28,0.907353,34,42.8918,34,20,14,0,27.7,61.9,55.3,17.2,20,14,17.2,14,82.5,0,0,0,0,51.5,1016.6,66.4,2.8,4.7,3
Delhi,Delhi,22-02-2020,100,68.165,36,136.648,33,42.595,36,13.2117,30,33.7739,28,2.12515,33,43.4648,33,24,13,0,14.8,56.9,165.9,17.9,24,13,17.9,13.6,77.9,0,0,0,0,28.1,1020.1,46.3,2.3,14.4,7
Delhi,Delhi,23-02-2020,225,101.319,36,176.409,33,41.2442,36,14.0687,30,37.48,28,1.56676,34,46.7926,34,26.4,14.5,0,14.8,323.5,202,20,26.4,14.5,20,14.9,74.9,0,0,0,0,21.6,1018,39.7,2,17.7,7
Delhi,Delhi,24-02-2020,142,73.1825,36,150.839,33,44.7153,36,16.1893,30,34.1289,28,1.10941,34,46.9841,34,25.7,14.1,0,13,303.8,208.5,19.7,25.7,14.1,19.7,13.9,71.5,0,0,0,0,23,1014.7,16.4,2.4,18.1,8
Delhi,Delhi,25-02-2020,249,129.216,36,230.314,33,47.7529,35,18.335,30,39.9264,28,1.52206,34,48.8888,33,25.5,14,0,18.4,281.4,223.7,19.4,25.5,14,19.4,14.2,75.5,0,0,0,0,24.8,1013.5,6.2,1.6,19.3,8
Delhi,Delhi,26-02-2020,274,143.097,36,268.963,33,50.7839,36,17.5087,30,43.6207,28,1.98706,34,50.6015,34,26.7,14.4,0,14.2,274.3,219.5,20.3,27,14.4,20.3,13.8,70.3,0,0,0,0,20.9,1014.1,19.8,1.6,18.8,8
Delhi,Delhi,27-02-2020,233,105.267,36,205.162,33,45.3375,36,14.404,30,44.9621,28,1.29143,35,47.0647,34,27,15,0,13,111.3,206.3,20.7,27.1,15,20.7,16,77.5,0,0,0,0,18.4,1014.5,37.6,1.6,17.9,8
Delhi,Delhi,28-02-2020,198,81.4772,36,159.165,33,33.6197,36,11.2973,30,42.7075,28,0.945429,35,50.9094,34,25.9,17.9,0,20.5,110.5,188.3,21.3,25.9,17.9,21.3,16.5,76,0,0,0,0,33.5,1013,47.2,2.1,16.1,7
Delhi,Delhi,29-02-2020,135,58.7636,36,114.965,33,33.7603,36,11.8647,30,34.9914,28,0.796,35,47.3779,34,26.9,16,18.403,24.1,91.7,134.9,20.2,28,16,20.3,16.2,79.8,100,8.33,0,0,36.7,1012.2,65.9,2.1,11.6,7
Delhi,Delhi,01-03-2020,90,46.6675,36,103.809,33,42.0553,36,12.0297,29,31.7568,28,1.66,35,53.5785,34,26.1,15,0,20.5,111.4,198.7,20.5,26.1,15,20.5,15.1,74,0,0,0,0,23.8,1013,30.7,2.5,17,8
Delhi,Delhi,02-03-2020,205,100.062,36,205.88,33,49.7808,36,15.5987,30,40.1171,28,2.01257,35,51.4241,34,28,16.3,0,13,272.2,222.6,21.4,28.1,16.3,21.4,16.2,74.8,0,0,0,0,15.5,1012.7,32.8,2,19.1,8
Delhi,Delhi,03-03-2020,205,85.8772,36,191.584,33,45.9328,36,15.1343,30,37.2479,28,1.545,34,47.2282,34,28.1,15.9,0,13,289.2,232.7,21.8,27.7,15.9,21.8,14.3,66.8,0,0,0,0,22.7,1011.2,26.9,2.1,20,8
Delhi,Delhi,04-03-2020,195,80.7781,36,190.835,32,43.9947,36,15.8273,30,37.2054,28,1.56545,33,55.0238,34,28.4,16.2,0,21.2,120,215.1,21.1,29,16.2,21.1,13.9,66.4,0,0,0,0,33.5,1010.2,33.1,2.5,18.8,8
Delhi,Delhi,05-03-2020,79,32.3269,36,70.7403,33,33.4536,36,11.1207,30,32.4636,28,1.28794,34,43.8926,34,26.4,15,15.553,24.1,99.6,207.4,19.5,26.4,15,19.5,14.9,77.1,100,12.5,0,0,39.2,1010.4,74,2.5,17.9,8
Delhi,Delhi,06-03-2020,64,22.1333,36,41.0255,33,36.4119,36,10.0497,30,29.0814,28,1.12516,31,38.9138,34,21.1,13,28.299,18.4,91.3,102.9,16,21.1,13,16,13.8,87.3,100,16.67,0,0,52.2,1009.3,72.1,1.9,8.9,6
Delhi,Delhi,07-03-2020,67,44.4731,35,94.9985,33,36.0739,36,11.6977,30,28.98,27,1.392,35,43.4879,34,20.6,14,0,14.8,124.3,180,17.2,20.6,14,17.2,14.5,84.8,0,0,0,0,29.5,1013.9,62.7,2.2,15.4,7
Delhi,Delhi,08-03-2020,164,70.9763,35,139.925,33,36.2139,36,12.4983,30,33.5152,27,1.36212,33,48.7248,33,25,13.6,84.214,22.3,299.6,236.4,18.3,25,13.6,18.3,13.5,76.9,100,4.17,0,0,28.8,1016.1,24.9,2.1,20.2,9
Delhi,Delhi,09-03-2020,123,62.1547,36,140.184,33,32.4583,36,13.4127,30,28.7257,28,1.15086,35,49.5279,33,25,13.8,0,22.3,281.3,262.1,18.6,25,13.8,18.6,12,69.4,0,0,0,0,36,1013.2,6,2.8,22.6,9
Delhi,Delhi,10-03-2020,188,82.7325,36,160.276,33,29.415,36,16.3453,30,30.9115,27,1.09686,35,73.0509,33,25.5,12.3,0.34,11.2,148.3,258.7,19.3,25.5,12.3,19.3,11.9,66.1,100,4.17,0,0,16.6,1011.9,21.4,2.4,22.5,9
Delhi,Delhi,11-03-2020,116,54.8947,36,113.865,33,29.01,36,13.3253,30,33.5615,27,0.865429,35,55.5685,34,26.8,16.5,1.06,24.1,107.4,203.3,21.2,27.6,16.5,21.2,15.7,72.8,100,8.33,0,0,38.9,1009.3,55.8,2.8,17.6,8
Delhi,Delhi,12-03-2020,127,58.8939,36,165.775,33,38.0883,36,13.5223,30,36.1896,28,1.49314,35,42.9259,34,27,16.2,0,18.4,136.9,229.9,21.6,26.9,16.2,21.6,14,66.5,0,0,0,0,37.1,1011.5,51.8,2.9,19.9,8
Delhi,Delhi,13-03-2020,173,66.4233,36,206.185,33,38.6314,36,14.8028,29,30.8382,28,1.05314,35,53.1185,34,27.5,15,0,14.8,251.1,240.8,21.2,27,15,21.1,10.5,54.2,0,0,0,0,36.4,1013.5,28.4,2.8,21,9
Delhi,Delhi,14-03-2020,108,39.9875,36,85.4539,33,35.3842,36,11.0673,30,35.0268,28,1.00212,33,38.0815,34,23.1,15.6,31.653,18.4,71.5,165.8,18.6,23.1,15.6,18.6,15.8,84.3,100,8.33,0,0,31,1015.1,53.7,2.5,14.2,6
Delhi,Delhi,15-03-2020,131,62.1506,35,128.312,31,42.5769,35,13.7968,28,32.2526,27,1.01091,33,58.2606,33,24.6,13,0,13,320.5,210.7,18.6,24.6,13,18.6,12.9,72.9,0,0,0,0,15.8,1016.4,40.8,2,18.2,7
Delhi,Delhi,16-03-2020,139,62.8364,36,151.581,33,42.5083,35,14.4993,27,31.5748,27,1.31273,33,59.8874,31,25.8,14.3,0,14.2,282.4,251,20,25.8,14.3,20,13.4,68.6,0,0,0,0,25.6,1016.4,36.5,2.4,21.5,8
Delhi,Delhi,17-03-2020,157,71.0597,35,166.272,33,44.4081,36,14.2954,28,32.9007,28,1.40206,34,64.4015,33,27.4,14,0,18.4,285.5,269.6,21.1,27.4,14,21.1,13.6,65.9,0,0,0,0,30.2,1016.2,0,2.7,23.3,9
Delhi,Delhi,18-03-2020,151,68.1242,36,165.143,33,45.9156,36,14.5321,28,32.3993,28,1.35353,34,66.0029,34,29,15,0,18.4,272.6,264.2,22.3,28.8,15,22.2,14.6,65.5,0,0,0,0,29.9,1014.5,9.1,2.4,22.9,9
Delhi,Delhi,19-03-2020,186,91.1411,36,196.148,33,44.6975,36,18.2786,29,36.675,28,1.41091,33,64.5997,34,30,16,0,14.8,292,257,23.4,29.6,16,23.5,16.1,66.1,0,0,0,0,29.9,1011.2,22.3,2.4,22.4,9
Delhi,Delhi,20-03-2020,192,91.1947,36,207.875,33,51.1211,36,18.9976,29,35.2,28,1.666,35,77.1853,34,30.6,17,0,11.2,91.3,243,24.1,31.9,17,24.3,16,62.5,0,0,0,0,21.6,1010,38,2.3,21.1,9
Delhi,Delhi,21-03-2020,186,83.1036,36,186.534,33,45.1428,36,18.7083,29,36.265,28,1.54829,35,69.3829,34,30,19.4,0,13,291.6,250.2,24.7,30.4,19.4,24.7,15.4,58.2,0,0,0,0,29.5,1010.5,46.4,2.7,21.8,9
Delhi,Delhi,22-03-2020,191,75.935,36,130.185,33,29.06,36,15.7555,29,32.1264,28,1.19029,35,67.3947,34,30.4,17,0,14.8,299.1,265.8,24.4,30.3,17,24.3,15.4,60.9,0,0,0,0,27.7,1012.4,16.2,2.7,22.8,9
Delhi,Delhi,23-03-2020,124,55.2891,35,106.233,32,27.2777,35,15.0578,27,30.4078,27,0.988182,33,68.5076,33,31.8,18,0,9.4,269.8,269.8,24.8,31.4,18,24.5,14.3,56,0,0,0,0,17.3,1012,31.8,2.6,23.2,9
Delhi,Delhi,24-03-2020,122,55.9189,35,104.796,32,26.4463,35,15.4333,27,31.7115,27,0.981212,33,62.7706,32,32.5,19.7,0.809,27.7,140.1,224.4,24.1,34.5,19.7,24.1,15.8,62,100,4.17,0,0,46.4,1010.5,55.7,2.7,19.4,9
Delhi,Delhi,25-03-2020,77,40.2643,35,71.2452,31,20.4194,35,11.6359,27,34.1411,27,0.892121,33,48.312,30,32.5,18,0,14.8,302.5,256,24.4,32.7,18,24.4,16.1,64.1,0,0,0,0,29.2,1011.2,37.8,3.1,22,9
Delhi,Delhi,26-03-2020,92,45.2315,34,77.172,30,16.163,33,12.7756,27,32.6904,26,0.649394,33,37.2071,31,27.8,20,0,20.5,274.2,190.7,23.7,28.6,20,23.8,17,67.4,0,0,0,0,33.5,1012.4,58.3,2.4,16.5,7
Delhi,Delhi,27-03-2020,69,26.45,35,45.6981,31,14.7954,35,10.9561,28,26.9774,27,0.556364,33,32.0603,30,25.6,18,5.626,18.4,142.8,141,21.1,25.6,18,21.1,16.4,76,100,12.5,0,0,28.1,1014.1,62.9,2.6,12.2,6
Delhi,Delhi,28-03-2020,45,23.9327,33,39.7668,31,16.5165,34,10.2238,26,25.3446,26,0.582424,33,32.0237,30,28,17.2,0,18.4,305,275.5,22.1,27.6,17.2,22.1,15.4,69.2,0,0,0,0,30.6,1014.6,23.7,2.7,23.8,9
Delhi,Delhi,29-03-2020,62,29.1433,33,58.4097,31,15.3468,34,10.4874,27,24.3835,26,0.576364,33,43.9627,30,29.7,17,0,20.5,303.5,280.4,23.5,28.8,17,23.3,13.8,58,0,0,0,0,39.2,1012.5,0.7,3.2,24.2,9
Delhi,Delhi,30-03-2020,71,36.9248,33,67.819,31,16.7306,35,12.4254,28,24.8944,27,0.638824,34,49.1193,30,29.6,17.8,0,18.4,287.2,284.3,23.4,28.5,17.8,23.2,12.9,55,0,0,0,0,33.8,1012.4,19.7,3.1,24.7,9
Delhi,Delhi,31-03-2020,76,36.0559,34,68.309,31,16.8555,33,12.0381,26,29.2841,27,0.62625,32,52.3418,28,32,17.8,2.552,14.8,309.3,255,24,30.5,17.8,23.6,12.6,53.1,100,4.17,0,0,29.2,1011,38.7,3.3,22.1,9
Delhi,Delhi,01-04-2020,73,34.4676,33,67.6347,30,18.34,33,13.0119,26,25.928,25,0.657813,32,45.7056,27,32.3,18.9,0.448,16.6,292.2,267.9,24.4,31.3,18.9,24.2,14.8,59.4,100,4.17,0,0,20.9,1010.2,26.7,3.2,23.1,9
Delhi,Delhi,02-04-2020,69,29.7548,31,62.3669,29,16.3632,31,10.662,25,21.9954,24,0.622903,31,46.4641,27,30.8,18,0,22.3,294.9,291.8,24.5,29.8,18,24.3,13.3,52.8,0,0,0,0,36.7,1011.1,19.8,3.3,25.2,9
Delhi,Delhi,03-04-2020,79,34.3248,31,66.3386,29,19.3066,32,11.9067,24,21.2033,24,0.676667,30,60.71,26,30,16,0,16.6,284.1,300.9,23.6,28.5,16,23.2,9.6,44.2,0,0,0,0,32.4,1012,36.9,3.4,26.1,10
Delhi,Delhi,04-04-2020,87,42.5658,31,80.134,30,22.0224,33,12.4419,26,22.7667,24,0.802581,31,57.78,27,32,16,0,16.6,288.2,297.9,24.5,30.4,16,24,10.6,45.7,0,0,0,0,33.5,1011.9,19.7,3.2,25.8,10
Delhi,Delhi,05-04-2020,102,53.7758,31,100.61,29,23.5355,33,15.7581,26,24.9446,24,0.905484,31,61.0641,27,33,18.3,0,11.2,322.4,284,25.9,32.6,18.3,25.6,13.5,48.7,0,0,0,0,21.6,1012.5,24.4,3.1,24.5,9
Delhi,Delhi,06-04-2020,142,59.0274,31,115.789,29,23.1739,31,14.738,25,25.5983,23,1.10548,31,55.5859,27,35.7,20.2,0,18.4,300.2,288.2,28.2,34.1,20.2,27.6,13.6,44.6,0,0,0,0,33.1,1011.3,15,3.1,25,9
Delhi,Delhi,07-04-2020,90,31.8679,34,96.6123,31,19.8326,34,12.4393,28,27.0569,26,0.662069,29,51.669,29,33,19,0,20.5,307.7,287.3,26.6,32.1,19,26.2,13.4,46.7,0,0,0,0,41.4,1009.5,40.5,3.2,24.7,10
Delhi,Delhi,08-04-2020,83,31.2494,33,79.4368,31,17.4167,33,12.43,27,24.9336,25,0.596875,32,55.3663,30,33,21,0,18.4,299.4,293.5,26.5,31.4,21,26,11.4,40.8,0,0,0,0,31.3,1010,28.4,3.5,25.3,10
Delhi,Delhi,09-04-2020,86,38.1338,34,79.9526,31,20.57,34,13.6846,28,25.2823,26,0.823636,33,65.8513,30,32.6,15.3,0,18.4,279.5,302.1,25.6,31.7,15.3,25.1,10.7,41.9,0,0,0,0,26.6,1010.5,35.3,3.8,25.9,10
Delhi,Delhi,10-04-2020,118,58.7712,34,114.197,31,26.1697,34,15.6463,27,27.9512,26,0.943939,33,67.52,30,35,19,0,11.8,302.4,278.4,27.9,34,19,27.1,11.2,39,0,0,0,0,24.8,1011.4,31.2,3.2,23.9,9
Delhi,Delhi,11-04-2020,124,51.9671,34,115.962,31,22.3009,33,16.8689,27,28.2292,26,1.11781,32,78.151,30,36.6,21.7,0,18.4,314.2,298.1,29.4,36.4,21.7,28.6,12,37.2,0,0,0,0,21.2,1012.1,31,3.5,25.6,10
Delhi,Delhi,12-04-2020,94,40.2173,33,94.963,30,17.5734,32,15.15,27,27.2888,26,0.771935,31,66.7421,29,37,21,0,18.4,284.1,299.3,29.2,36.4,21,28.7,12.9,38.7,0,0,0,0,28.8,1010.2,31.2,3.7,25.6,10
Delhi,Delhi,13-04-2020,126,61.0991,32,138.607,29,23.4619,32,19.0908,26,27.8984,25,0.950323,31,67.2393,29,37.7,22.6,0,20.5,274.6,289.8,30.3,38.2,22.6,30,14,39.7,0,0,0,0,37.8,1008,30.4,3.6,25,9
Delhi,Delhi,14-04-2020,130,58.2815,33,146.38,30,25.8879,33,16.2878,27,29.0696,26,1.04645,31,66.8157,28,39,24.9,0,8,124.9,273.3,31.6,41.4,24.9,31.6,15.7,42,0,0,0,0,17.6,1008.2,57.1,3.6,23.7,9
Delhi,Delhi,15-04-2020,155,60.7419,32,188.352,29,25.5658,33,14.2069,26,28.7135,26,1.02433,30,59.5541,29,39.5,25.8,0,14.8,279.2,267.6,32.4,37.7,25.8,31.1,10.4,30,0,0,0,0,25.6,1007.8,53.1,3.3,23.1,9
Delhi,Delhi,16-04-2020,180,68.7641,32,188.104,28,24.0065,31,18.4488,25,29.9992,24,1.09034,29,68.3672,29,38.8,23.7,0,16.6,285,289.8,30.8,38.1,23.7,30.2,12.1,33.6,0,0,0,0,29.5,1006.6,34.4,3.4,25.1,9
Delhi,Delhi,17-04-2020,105,27.3997,32,86.2825,28,15.1734,32,12.8412,26,26.6,25,0.628621,29,60.249,29,37,25.4,1.701,18.4,15.5,239.9,31.1,36.9,25.4,30.6,13.8,36.2,100,4.17,0,0,35.3,1006.1,61,3.8,20.7,10
Delhi,Delhi,18-04-2020,98,30.0418,33,101.047,28,15.0061,31,11.4869,26,27.7604,25,0.666,30,63.842,30,36,22.6,1.701,22.3,67.6,278.4,29.3,36.8,22.6,29.1,14.4,42.6,100,4.17,0,0,31.3,1007.9,60.1,3.5,24,10
Delhi,Delhi,19-04-2020,85,43.1867,33,85.6846,28,22.2394,32,12.1296,26,31.3432,25,0.878333,30,58.0472,29,35,21.1,4.343,14.8,296.5,292,27.7,34.2,21.1,27.3,15.2,51.2,100,4.17,0,0,32.8,1007.8,47.3,3.5,25.2,9
Delhi,Delhi,20-04-2020,119,52.3529,35,108.661,31,23.4329,35,13.0797,29,31.63,28,1.36933,30,46.5097,30,31.9,21.9,0,16.6,208,244.7,27.1,31.3,21.9,26.7,13.9,46.4,0,0,0,0,33.5,1008.6,56.2,3.4,21.3,9
Delhi,Delhi,21-04-2020,87,41.4938,34,92.3247,30,20.2821,33,16.8759,27,30.0596,26,0.847097,31,66.8562,29,34.2,20.3,0,16.6,298.3,296.5,27.5,34.1,20.3,27,13.6,46.1,0,0,0,0,28.8,1008.8,45.1,3.6,25.7,9
Delhi,Delhi,22-04-2020,131,59.4549,35,131.05,31,25.4137,35,18.9131,29,29.4282,28,0.933333,30,73.1069,32,36,20.7,0,14.8,283.4,307.1,29.1,35.6,20.7,28.5,12.9,39.7,0,0,0,0,24.8,1007.5,29.2,3.6,26.5,10
Delhi,Delhi,23-04-2020,122,55.4994,35,127.884,30,24.5069,35,18.0031,29,30.1611,28,0.976667,33,66.4891,33,34.2,24,0,18.4,300.2,237.3,29.2,35.1,24,28.7,13.5,40,0,0,0,0,34.6,1006.6,60.4,3.4,20.4,8
Delhi,Delhi,24-04-2020,139,67.5906,35,141.432,30,25.2023,35,18.2254,28,32.6107,28,1.11688,32,73.1306,31,36.7,21.9,0,11.2,151.8,281.3,29.6,38.1,21.9,29.5,15.1,44.4,0,0,0,0,17.6,1005,34.6,3.8,24.2,9
Delhi,Delhi,25-04-2020,98,35.5671,35,90.344,30,18.2283,35,14.3945,29,28.5611,28,0.824688,32,66.1425,32,37.2,25,0,13,176.5,268.4,30.6,41.3,25,30.5,14.5,39.5,0,0,0,0,35.3,1005.2,55,4.1,23.2,10
Delhi,Delhi,26-04-2020,117,40.8926,34,113.888,29,16.2674,34,14.2162,29,32.1656,27,0.961935,31,52.8843,30,31,21,2.876,27.7,94.6,256.7,25.2,32.1,21,25.3,17.1,61.8,100,12.5,0,0,46.4,1008,53,2.9,22.2,9
Delhi,Delhi,27-04-2020,89,33.1959,34,60.106,30,14.8875,32,13.7268,28,32.1719,27,0.93871,31,63.7258,31,34,19.3,16.417,22.3,99.8,226.9,26.2,35.7,19.3,26.5,17.5,62.5,100,4.17,0,0,46.1,1010.9,26.3,3.7,19.5,8
Delhi,Delhi,28-04-2020,100,43.5737,32,83.6221,28,17.3887,30,15.7169,26,37.4916,25,0.978929,28,74.2775,28,33.2,23.7,0,13,96.1,267.1,28.6,37,23.7,29.7,19.1,58.2,0,0,0,0,24.5,1010.9,36.9,3.8,23,9
Delhi,Delhi,29-04-2020,125,53.5431,32,113.715,28,19.6647,30,16.4128,25,28.4508,24,0.948387,31,81.0781,27,36,24.2,0,13.9,156.7,289.8,30.4,39.5,24.2,31.7,19.2,53.4,0,0,0,0,20.5,1008.2,27.1,3.3,25,9
Delhi,Delhi,30-04-2020,138,50.6843,35,115.172,31,17.6964,33,16.3254,26,35.2456,27,0.85,32,77.847,30,38.1,26.4,0,14.8,105.6,288.1,31.5,42.4,26.4,33.3,19.5,51.5,0,0,0,0,33.5,1007.4,40,3.3,24.9,10
Delhi,Delhi,01-05-2020,146,60.5056,34,140.678,30,18.2612,33,17.0623,26,36.9456,27,0.917742,31,74.2261,28,39,25,0,16.6,76.9,304.5,31.6,43.9,25,33.8,20,53.2,0,0,0,0,23.8,1005.8,13.1,3.3,26.3,10
Delhi,Delhi,02-05-2020,112,35.4991,33,106.676,29,14.2357,30,13.5669,26,34.008,25,0.760968,31,71.6061,28,37,25,0,21.6,100.5,298.2,30.4,43.9,25,33.4,21.5,59.8,0,0,0,0,42.8,1005.6,27.1,2.9,25.7,10
Delhi,Delhi,03-05-2020,93,33.0916,32,82.3407,28,14.8966,29,11.3348,25,32.4775,24,0.714138,29,53.2118,28,34,22.9,11.763,26.3,97,232.6,28,42.6,22.9,29.8,21.3,68.3,100,12.5,0,0,41.4,1006.6,67.8,2.7,20.3,7
Delhi,Delhi,04-05-2020,94,30.68,32,67.8552,27,16.9783,30,11.7388,26,31.2196,24,0.879,30,65.1143,28,34.8,21.2,0,14.8,31,279,28,39,21.2,28.9,19.3,62,0,0,0,0,27,1008.2,45,3.5,24,9
Delhi,Delhi,05-05-2020,119,56.7233,30,119.276,26,21.2293,30,14.8916,25,30.7696,24,1.00379,29,77.2257,28,36.5,23.9,0,14.8,298.9,296.7,30.8,39.7,23.9,31.8,18.8,51.8,0,0,0,0,25.9,1006.9,41.7,3.5,25.5,9
Delhi,Delhi,06-05-2020,139,59.0494,32,167.917,28,22.1548,31,15.0846,26,30.2462,26,1.06742,31,69.233,30,33.9,25.1,0,14.8,121.8,297.8,29.7,33.7,25.1,29.6,15.5,43.9,0,0,0,0,33.5,1006.4,51.6,3.2,25.7,10
Delhi,Delhi,07-05-2020,127,38.8203,33,93.6093,29,19.0125,32,12.7408,26,26.6333,27,0.946,30,83.7236,28,37,23.3,0,16.6,86.9,317.1,30.2,35.6,23.3,29.6,13.7,39.6,0,0,0,0,33.5,1007,12.1,4.1,27.2,10
Delhi,Delhi,08-05-2020,134,52.6982,33,128.726,29,21.3019,32,13.79,27,29.0041,27,0.911818,33,95.513,30,39.2,24.3,0,13,121,315.2,32.2,39.6,24.3,32.3,16,41.5,0,0,0,0,18,1005.2,7.8,3.7,27.1,10
Delhi,Delhi,09-05-2020,144,53.3365,31,124.591,29,18.3274,31,13.1559,27,31.0165,26,0.878485,33,90.2323,30,41,25,0,16.6,113.2,308.8,33.2,42.6,25,35.1,19.2,46.7,0,0,0,0,27.7,1005.6,11.7,3.4,26.7,10
Delhi,Delhi,10-05-2020,121,43.81,29,106.16,27,17.5721,29,11.9396,27,29.086,25,0.806129,31,69.9431,29,35,24.2,0.911,22.3,91.4,287.8,28.5,39.5,24.2,29.8,18.5,55.3,100,8.33,0,0,46.4,1007.1,50.8,3,24.8,9
Delhi,Delhi,11-05-2020,116,48.2467,33,105.704,30,19.8731,32,12.6481,27,28.3388,25,0.889687,32,76.2577,31,35,21.9,0,16.6,103.9,282.7,28.9,37.7,21.9,29.9,17.9,52.9,0,0,0,0,35.3,1008,44,3.1,24.4,9
Delhi,Delhi,12-05-2020,125,43.6372,32,94.9807,28,17.9534,32,14.0704,28,29.3256,25,0.829063,32,77.86,30,37.1,25.7,0,14.8,74.8,287.7,31.2,39.2,25.7,32.2,18.3,48.3,0,0,0,0,28.1,1007.5,43.1,3.6,25,9
Delhi,Delhi,13-05-2020,150,68.4015,33,159.04,29,22.6442,33,15.1989,28,32.6156,27,0.969091,33,66.3827,30,34.6,27.5,0,11.2,13.2,257.3,30.5,37.2,29.1,32.1,19.2,52.2,0,0,0,0,27.4,1006.5,59.3,2.9,22.2,8
Delhi,Delhi,14-05-2020,149,55.2079,33,124.106,29,25.0715,33,12.4993,27,30.757,27,0.929394,33,79.0945,31,39,25.1,0.34,18.4,128.4,303.9,30.6,41.9,25.1,31.7,18.9,52.9,100,4.17,0,0,37.1,1005.6,36,3.4,26.3,10
Delhi,Delhi,15-05-2020,123,52.8915,34,110.209,30,24.0962,34,14.3037,27,28.1939,28,1.07441,34,77.1997,31,39,25.1,0,20.5,293.5,311,32.1,39.9,25.1,32.3,16,40.3,0,0,0,0,33.5,1005.2,26,3.6,26.7,10
Delhi,Delhi,16-05-2020,179,79.8315,34,149.803,30,26.0312,34,15.8456,27,27.1632,28,1.10903,31,93.8213,32,40,25.2,0,17.5,293.6,327.9,32.5,38.4,25.2,32,13.9,35.9,0,0,0,0,33.5,1004.2,10.6,3.8,28.3,10
Delhi,Delhi,17-05-2020,200,96.0121,33,185.66,30,31.7071,34,20.0693,28,28.8318,28,1.27576,33,102.898,31,40.4,24,0,18.4,246.7,311.7,32.4,40.2,24,31.8,13.2,33.9,0,0,0,0,40.7,1002.7,35.3,2.9,26.9,9
Delhi,Delhi,18-05-2020,206,97.5326,34,192.03,30,34.95,34,22.485,28,28.5489,28,1.24188,32,93.5162,32,41,24.8,0,18.4,286.6,328.2,32.8,40.1,24.8,32,11.8,32.4,0,0,0,0,37.1,1001.7,22.7,3.3,28.4,10
Delhi,Delhi,19-05-2020,212,106.994,34,214.371,30,42.61,34,19.8839,28,30.0896,28,1.63471,34,98.4435,31,41,23.8,0,14.8,333.7,318.8,33.6,39.1,23.8,32.5,10.4,26.2,0,0,0,0,28.1,1001,24.6,3.4,27.6,10
Delhi,Delhi,20-05-2020,166,66.6591,34,157.471,30,31.5824,34,18.7956,27,28.0379,28,1.19667,33,98.1084,32,40,24.1,0,20.5,297.4,333.7,33.1,37.7,24.1,31.5,8.2,23.2,0,0,0,0,36,1000.8,17.6,3.5,29,10
Delhi,Delhi,21-05-2020,147,56.7035,34,163.591,30,32.9476,34,19.4752,27,26.0179,28,1.42303,33,87.6597,30,42,26,0,24.1,289.5,335.2,34.8,39.6,26,33.1,8.3,21.9,0,0,0,0,40,1000,0,4,29.1,10
Delhi,Delhi,22-05-2020,199,96.0844,34,213.342,30,47.0829,34,25.4385,27,28.1796,28,1.75412,34,99.534,30,44,25.5,0,20.5,290.9,328.3,35.6,44,25.5,34.4,9.8,23.3,0,0,0,0,29.5,999.9,0.1,3.7,28.4,10
Delhi,Delhi,23-05-2020,181,71.38,35,202.514,31,39.0911,35,18.0919,27,28.5818,28,1.53375,32,70.3328,32,44,27.9,0,22.3,275.2,305.6,37.1,44,28.6,36.1,11.3,23.5,0,0,0,0,33.5,1001,35,3.5,26.4,10
Delhi,Delhi,24-05-2020,172,55.7791,34,175.259,30,26.7629,34,17.4107,27,27.9436,28,0.961875,32,80.0713,30,45,30.6,0,22.3,284.4,321.8,38.2,45,30.3,37,10.1,20,0,0,0,0,33.8,1001.7,32.8,3.5,27.9,10
Delhi,Delhi,25-05-2020,153,61.9347,34,162.892,30,31.0774,34,20.9519,27,28.4814,28,1.14938,32,88.2823,30,44,28.9,0,21,274.8,327.8,37.1,44,28.2,36.4,12.2,24.8,0,0,0,0,33.5,1001.3,12.5,4,28.4,10
Delhi,Delhi,26-05-2020,154,53.3133,36,189.196,33,34.9731,36,16.097,27,25.9668,28,1.31857,35,66.2997,31,45.3,28.9,0,20.3,278.5,318.4,38,45.3,28.8,37.3,12,23.7,0,0,0,0,40.7,999.4,24.6,3.9,27.4,10
Delhi,Delhi,27-05-2020,156,42.2581,36,160.144,33,26.4292,36,14.337,27,25.4171,28,0.928571,35,81.7529,34,45.2,30.6,0,22.3,322.8,317,37.9,45.2,29.7,37.5,12,23.2,0,0,0,0,33.5,997.9,44.3,4,27.3,10
Delhi,Delhi,28-05-2020,188,38.8178,36,223.476,33,16.6792,36,12.1764,28,30.1379,28,0.882571,35,58.37,34,39.6,24.1,2.851,24.1,95.1,288.4,33.5,43.6,24.1,35,18.4,43.4,100,4.17,0,0,51.8,999.8,62.5,3.4,24.8,9
Delhi,Delhi,29-05-2020,101,25.08,36,69.0891,32,19.2817,36,11.1883,29,34.1125,28,0.860571,35,58.0147,34,35,24.7,3.851,22.3,94.7,280.8,29.1,37.2,24.7,30.4,20.3,61.4,100,4.17,0,0,49.7,1003,72.3,2.8,24.4,9
Delhi,Delhi,30-05-2020,78,23.9594,36,54.5378,32,17.7217,36,9.99793,29,35.6254,28,0.940857,35,60.1112,34,33.9,24,0,22.3,130.2,218.4,28.6,37.6,24,30.2,20.5,62.8,0,0,0,0,40,1005.1,47.4,3.6,18.9,7
Delhi,Delhi,31-05-2020,72,22.0383,35,42.0088,33,16.6378,36,9.63929,28,34.8939,28,0.928529,34,52.883,33,33.3,21.5,11.597,33.5,140.1,255.9,25.8,38.1,21.5,26.7,21.6,79.1,100,12.5,0,0,51.8,1007.1,68.1,3.3,22.2,9
Delhi,Delhi,01-06-2020,104,43.5633,36,85.6697,33,24.0906,36,14.4186,29,35.1807,27,1.10912,34,73.8315,34,35,22,0,9.4,71.6,310.6,28.7,38.8,22,30.3,20.3,62.9,0,0,0,0,16.9,1007.3,33.2,3.7,26.7,10
Delhi,Delhi,02-06-2020,124,44.4356,36,97.3275,32,23.9633,36,12.961,29,35.593,27,1.05588,34,72.3606,33,36.2,26,0,22.3,279.9,294.4,31,37.8,26,32.7,19.7,53.8,0,0,0,0,24.1,1005.4,41.4,3.7,25.4,9
Delhi,Delhi,03-06-2020,122,50.8039,36,114.794,32,28.6481,36,15.806,30,35.8007,27,1.09371,35,84.8341,32,36,26.1,0.425,11.2,250.6,287.7,31.1,39.1,26.1,33.1,20,54.1,100,4.17,0,0,26.6,1003.5,38.4,3.6,24.8,9
Delhi,Delhi,04-06-2020,153,68.1939,36,141.519,33,32.9542,36,18.639,30,38.8763,27,1.21543,35,64.3662,34,34.6,26,0.119,22.3,115.1,216.6,29.3,39.5,26,31,20.5,60.2,100,4.17,0,0,40.7,1002.5,65.1,2.8,18.8,7
Delhi,Delhi,05-06-2020,111,43.1367,36,88.3085,33,25.51,36,12.6452,29,35.1118,28,1.01057,35,69.2788,34,34.9,26,1.055,22.3,129.1,281.3,29.1,37.9,26,30.3,19.8,58.9,100,12.5,0,0,25.9,1002.8,62.7,2.9,24.4,9
Delhi,Delhi,06-06-2020,102,35.3539,36,82.4512,33,20.9386,36,11.021,29,31.5596,28,0.978857,35,70.2088,34,36,25,0,14.8,114.6,291.3,30.3,41.1,25,32.8,21.8,62.5,0,0,0,0,21.2,1002,45.6,3.5,25.2,9
Delhi,Delhi,07-06-2020,107,40.0739,36,90.1827,33,22.0147,36,12.2817,29,30.3493,28,0.891176,34,58.4465,34,34.1,24,6.851,18.4,42.2,294.6,29.4,39.4,24,31.9,21.7,64.6,100,16.67,0,0,37.1,1001.9,44.8,2.8,25.5,9
Delhi,Delhi,08-06-2020,108,48.4372,36,106.11,33,27.1064,36,15.3186,29,31.7364,28,0.987647,34,77.2765,34,37.1,25.7,0,16.5,309.3,294.2,31.9,42.3,25.7,34.8,21.3,55.6,0,0,0,0,30.2,1001.4,19.9,3.2,25.7,9
Delhi,Delhi,09-06-2020,139,64.95,36,149.662,33,31.9281,36,14.6041,29,33.7336,28,1.18971,35,73.0879,34,40,27.9,0,20.5,313,279.8,34.7,45.3,32.1,38.9,21.7,49,0,0,0,0,29.5,1001.1,31.4,3.4,24.1,9
Delhi,Delhi,10-06-2020,152,58.7906,36,154.215,33,32.6519,36,14.0541,29,32.9989,28,1.21829,35,69.6888,34,42,29.9,0.445,24.1,260.2,282.1,34.7,49.3,35,39.7,22.4,51.9,100,4.17,0,0,37.1,1000.6,37.6,3.8,24.4,9
Delhi,Delhi,11-06-2020,141,57.0197,35,140.079,32,32.0751,35,13.1796,28,35.6778,27,1.16212,33,62.7397,33,40,28.7,0,16.6,297.5,287.7,34.6,49.7,32,40.1,22.9,52.8,0,0,0,0,25.2,999.4,34.9,3.4,24.8,9
Delhi,Delhi,12-06-2020,153,63.9967,36,152.124,32,29.6825,36,12.5731,29,38.1111,28,1.20229,35,60.2567,33,40,30.9,0,27.7,91.5,287,35.7,49.7,35.5,42.2,23.4,51.1,0,0,0,0,46.4,998.1,30.9,2.8,24.7,9
Delhi,Delhi,13-06-2020,123,52.6194,35,129.471,31,25.3909,35,10.145,28,35.9681,27,1.04182,33,45.1403,33,38.7,30,0.03,16.6,109,242.6,32.9,51.1,32.4,38.5,23.3,57.8,100,4.17,0,0,37.1,998.9,52.8,2.8,21,8
Delhi,Delhi,14-06-2020,154,69.7689,35,147.261,31,25.2268,34,12.8048,29,38.2021,28,1.12,31,54.7275,32,39.7,28.8,0,13,37.9,247,34.3,47.9,32.7,40.5,23.7,55.9,0,0,0,0,24.5,1000.4,45.2,3.1,21.3,9
Delhi,Delhi,15-06-2020,115,49.6109,35,122.457,31,26.0529,35,12.5645,29,34.8464,28,1.07147,34,67.6821,33,41.1,30.4,0,16.6,247.7,303.8,36.1,48.5,34.9,40.7,21.6,44.9,0,0,0,0,24.5,998.4,28.1,4,26.4,9
Delhi,Delhi,16-06-2020,118,39.4114,36,106.583,32,24.6947,36,11.8243,30,32.1689,28,1.07886,35,69.6829,34,41.4,31.1,0,25,119.5,280.8,35.8,49.5,35.8,41,22.2,47.2,0,0,0,0,33.5,996,42.1,3.9,24.4,9
Delhi,Delhi,17-06-2020,109,33.7028,36,90.7831,32,16.7569,36,10.2953,30,29.6246,28,0.828529,34,60.5464,33,40.3,30.9,0,18.4,99.4,303.2,35.4,54,36.5,42.6,24,52.9,0,0,0,0,25.9,995.6,20.4,3.8,26.4,9
Delhi,Delhi,18-06-2020,95,37.8269,36,103.929,33,18.6803,36,12.3155,29,28.2164,28,0.916857,35,60.6647,34,42.2,29.8,0,14.8,110.3,305.4,36.1,53.8,35.1,44.3,24.5,53.6,0,0,0,0,25.2,996.1,14.1,3.7,26.3,9
Delhi,Delhi,19-06-2020,148,58.4292,36,207.083,33,17.6303,36,11.2852,29,27.7936,28,0.965143,35,50.4874,34,41,31.2,0,20.5,105,291.8,36,49.3,37.9,44.3,24.7,53.4,0,0,0,0,32,998,32.6,3.2,25.4,9
Delhi,Delhi,20-06-2020,149,35.3803,36,106.395,33,21.1239,36,10.5721,29,26.2507,27,0.932,35,45.4929,34,37.8,26.2,4.593,20.2,209,264.6,31.9,48.9,26.2,37.8,23.8,62.7,100,8.33,0,0,41,1000.2,68.4,3.1,22.9,9
Delhi,Delhi,21-06-2020,98,40.1526,35,94.9961,33,21.9594,36,10.991,30,28.7989,27,0.853429,35,47.4791,34,36,27,0.149,13,95.2,289.5,31.6,47.5,30.1,38.2,24.6,67.8,100,4.17,0,0,32,999.9,56.7,3,25.1,9
Delhi,Delhi,22-06-2020,92,41.2839,36,79.7088,33,21.0225,36,10.249,30,34.1319,27,1.155,34,52.5124,34,37,25.4,37.578,13,25.1,261.6,32,45.1,25.4,37.8,24.4,66,100,4.17,0,0,24.1,999.6,42.1,3.2,22.8,8
Delhi,Delhi,23-06-2020,76,28.1931,36,62.073,33,15.8172,36,10.2323,30,33.0022,27,0.945882,34,33.1461,33,36.6,28.9,0,14.8,88.7,254.3,32.8,49.2,33.6,41.9,26,67.9,0,0,0,0,37.1,1001.7,33.2,3.4,22.1,8
Delhi,Delhi,24-06-2020,66,31.535,36,64.0245,33,16.9981,36,10.2257,30,30.9437,27,0.909412,34,28.1888,33,34,28.2,11.058,16.6,83.2,205.9,31,46.6,33.6,39.6,26.3,76.6,100,4.17,0,0,32,1002.8,59.6,3.2,17.8,7
Delhi,Delhi,25-06-2020,85,39.0256,36,78.4252,33,21.7553,36,10.5657,30,29.8932,28,1.29571,35,39.3042,33,36.2,28.1,1.701,10.1,282.1,274.6,31.5,47,34.3,40.2,26.3,74.9,100,4.17,0,0,46.4,1000.4,57,3.2,23.9,8
Delhi,Delhi,26-06-2020,105,50.5519,36,113.556,33,21.2711,36,11.3223,30,34.2471,28,1.11429,35,29.9409,34,36.8,29,0.747,18.6,260.7,226.2,32.3,48,34.5,40.8,25.9,70.2,100,4.17,0,0,43.2,999.3,47.1,3.2,19.5,7
Delhi,Delhi,27-06-2020,108,40.8197,35,162.579,33,20.625,36,10.3363,30,34.0911,28,1.07971,34,24.0047,34,40,29.8,0,23.7,252.5,250.1,34,51,34.1,42.3,25.1,60.8,0,0,0,0,39.1,998.1,52,3.1,21.6,9
Delhi,Delhi,28-06-2020,209,59.7597,34,312.09,32,20.7723,35,10.6317,29,28.9348,27,1.15118,34,23.3048,33,40.2,30.5,0,26.6,251.7,253.3,36.2,52.7,36.5,45.1,25,54,0,0,0,0,48.2,997.2,52.2,2.9,21.8,8
Delhi,Delhi,29-06-2020,230,42.6889,35,170.778,33,20.2717,36,10.8047,30,28.0393,28,0.913429,35,33.5503,34,40.8,28.5,2.552,20.3,263.3,251.2,35.1,49.6,31.3,41.4,23.4,52.3,100,4.17,0,0,68.4,999.1,58.8,3.2,21.9,9
Delhi,Delhi,30-06-2020,102,40.9914,35,96.5097,34,17.2233,36,10.4283,30,28.5414,29,0.962941,34,43.7752,33,37,27.3,0,16.6,106.3,246.8,32.2,52.5,30.6,41.2,25.9,70,0,0,0,0,68.4,1000.8,55.7,3,21.2,9
Delhi,Delhi,01-07-2020,117,51.5183,35,117.042,33,19.755,36,9.843,30,30.3664,28,1.04618,34,52.0309,33,37.9,30.2,0,25.2,92.8,278.4,33.9,50.9,37.7,43.9,26.3,65,0,0,0,0,27,999.4,57.9,3.1,24,9
Delhi,Delhi,02-07-2020,127,62.774,35,139.053,33,22.3739,36,10.907,30,33.0757,28,1.04735,34,67.9315,33,39.8,31,0,11.2,87.1,275.9,35.5,54.6,37.7,47,26.8,61.6,0,0,0,0,22.7,997,46.4,2.7,23.7,8
Delhi,Delhi,03-07-2020,156,63.4006,36,144.694,33,22.3464,36,10.659,30,34.0414,28,1.06571,35,64.7794,33,41,31.7,3.585,17.5,47.2,278.5,35.1,57.7,38.1,46.2,26.5,61.9,100,8.33,0,0,64.8,996.5,51,3,24.2,9
Delhi,Delhi,04-07-2020,105,45.9311,36,93.4506,33,16.8214,36,10.3647,30,32.16,28,0.834848,33,45.8045,33,38.9,30,0,16.6,87.4,218.3,33.6,48.6,35.1,42.6,25.8,65,0,0,0,0,34.9,997.1,45.9,3.5,18.9,7
Delhi,Delhi,05-07-2020,90,33.0867,36,58.0161,33,18.3369,36,10.9573,30,28.3436,28,0.919394,33,55.1455,33,34,23,36.24,18.4,62.1,192.1,29.2,44.1,23,34.4,24.8,78.5,100,8.33,0,0,37.1,998.2,58.8,3.1,16.6,7
Delhi,Delhi,06-07-2020,90,46.6344,36,81.3691,33,20.3425,36,9.976,30,29.3175,28,1.02941,34,37.9182,33,35,27.2,0.51,16.6,84.7,260.2,31.1,47.1,31.2,39.4,26.2,76.2,100,4.17,0,0,33.5,997.5,46.7,2.6,22.5,8
Delhi,Delhi,07-07-2020,65,21.3017,36,41.7082,33,14.4081,36,10.6567,30,26.7329,28,0.754571,35,24.4476,33,34.6,27.9,0.299,18.4,85.7,177.5,30.1,45.5,32.7,37.3,25.9,78.7,100,4.17,0,0,43.9,1000.2,61.8,3.4,15.3,7
Delhi,Delhi,08-07-2020,51,26.9961,36,48.0743,35,17.6256,36,9.697,30,25.626,30,0.980882,34,26.307,33,35.8,27,0.299,17.5,37.9,155,30.1,51.4,31.2,38.6,26.9,83.9,100,4.17,0,0,35.3,1001.6,74.8,2.4,13.4,7
Delhi,Delhi,09-07-2020,78,36.3231,36,68.562,35,22.466,35,9.78667,30,26.9893,29,0.933143,35,45.5377,35,37.5,28,0,10.4,258.4,181.2,32.3,47.9,34.5,41.1,26.4,72.6,0,0,0,0,22.7,998.2,58.5,3.5,15.5,7
Delhi,Delhi,10-07-2020,67,26.3683,36,74.9826,35,20.5261,36,9.46767,30,26.1933,30,0.970857,35,37.4129,35,38,28.9,5.955,18.4,251.8,245.5,33.6,50.2,34.9,43.3,26.1,66,100,4.17,0,0,43.2,995.9,54.8,3.5,21.3,8
Delhi,Delhi,11-07-2020,68,22.0989,36,56.1311,35,19.7761,36,9.0469,29,27.4659,29,1.01794,34,41.2537,35,36.6,25.3,0.299,18.4,314.6,247.5,31.3,48.9,25.3,38.2,25.5,72.6,100,4.17,0,0,46.4,997.3,59.2,3.7,21.3,8
Delhi,Delhi,12-07-2020,71,22.174,35,49.5997,34,18.5747,34,10.0789,28,26.3696,28,0.857059,34,44.9174,34,34.8,26,0,16.6,331.4,218.9,30.7,43.8,26,37,24.6,70.8,0,0,0,0,37.1,998.6,48.6,3.5,18.9,8
Delhi,Delhi,13-07-2020,72,32.6056,36,111.191,35,21.8594,35,9.91467,30,26.371,29,1.02971,34,49.5212,34,36.8,27,0,11.5,283.7,259.2,32,44.2,30.1,38,24.3,64.9,0,0,0,0,36.4,998.3,43.3,3.6,22.4,9
Delhi,Delhi,14-07-2020,127,41.632,35,138.911,35,21.3061,36,9.548,30,27.5757,30,0.901176,34,48.5277,35,38,28.9,0,13.7,278,256.7,33.5,49.3,34.5,42,25.6,64.6,0,0,0,0,24.1,999.2,58.4,3.4,22.1,8
Delhi,Delhi,15-07-2020,124,39.6697,35,98.5279,34,17.7449,35,9.86862,29,30.2333,30,0.871765,34,47.7574,34,36.4,30,0,18.4,91.5,225.3,32.8,47.4,37.4,42,26.1,68.5,0,0,0,0,33.5,999.9,52.3,3.1,19.5,7
Delhi,Delhi,16-07-2020,72,31.318,35,68.6037,35,19.6874,35,10.3262,29,31.0153,30,1.06576,33,34.6429,34,37.1,29.3,0,14.8,95.9,236.5,32,49.1,36.5,40.5,26,71.5,0,0,0,0,34.6,999,59.9,2.9,20.3,8
Delhi,Delhi,17-07-2020,79,43.8647,36,79.1292,36,20.3897,36,10.3476,29,30.544,30,1.11853,34,33.7374,35,35.6,29,3.403,20.5,97.2,214,32.2,47.5,35.6,42.2,26.8,73.5,100,4.17,0,0,32,999.7,60.9,2.6,18.5,7
Delhi,Delhi,18-07-2020,92,38.88,35,79.9549,35,19.6269,35,12.3424,29,31.4387,30,0.941212,33,30.9715,34,35,30,0,18.4,93.5,206.8,32.1,49,38.8,42.6,27.2,75.8,0,0,0,0,26.6,1000.7,68.1,2.6,17.9,7
Delhi,Delhi,19-07-2020,65,25.3444,34,52.3611,35,20.1103,35,8.56379,29,28.7303,29,1.49806,31,27.1241,32,33.8,26.2,63.831,16.6,260.8,148.8,30.4,46.7,26.2,39,26.9,82.4,100,12.5,0,0,46.4,999.5,64,3,12.9,4
Delhi,Delhi,20-07-2020,60,20.7754,35,49.4094,35,23.6294,35,7.94357,28,27.4603,29,1.26788,33,37.6753,34,32.2,26,0.463,22.3,259.6,176.4,28.4,40.4,26,32.3,24.6,80.1,100,8.33,0,0,38.9,998,65.3,3.3,15.3,7
Delhi,Delhi,21-07-2020,61,23.4811,35,42.1874,35,23.852,35,8.33185,27,24.6703,30,1.15909,33,32.2379,34,31.3,24.4,27.388,22.3,96.5,171.4,26.6,37.7,24.4,28.5,24.7,89.8,100,12.5,0,0,38.5,1000.9,74.5,2.4,14.9,8
Delhi,Delhi,22-07-2020,59,22.4703,35,44.4151,35,22.3003,35,7.86036,28,24.7473,30,1.16562,32,18.9,34,28,24.7,75.987,13,258.3,127.1,26.2,31.9,24.7,27.5,25,93.2,100,12.5,0,0,30.2,1002,71.4,2.6,11.1,5
Delhi,Delhi,23-07-2020,65,34.1377,35,72.4489,35,27.7817,35,8.6525,28,26.417,30,1.48129,31,41.9464,33,33.9,24.8,0,13,276.9,262.2,29.2,42,24.8,33.5,24.8,79,0,0,0,0,22.7,1001,49.5,3.4,22.8,8
Delhi,Delhi,24-07-2020,100,43.3623,35,86.2214,35,26.3834,35,11.4793,29,34.0723,30,1.21152,33,37.7024,34,34.8,26,4.286,12.2,89.2,240.6,30,45.5,26,37.1,26,80.3,100,12.5,0,0,33.5,1003.6,55.5,2.5,20.8,7
Delhi,Delhi,25-07-2020,67,30.3429,35,61.1229,35,19.3829,35,8.77517,29,34.2513,30,0.994687,32,31.6471,34,34.9,26.1,0,11.2,88.6,225.4,30.3,48.4,26.1,38.8,27,83.4,0,0,0,0,26.3,1005.4,59.3,2.7,19.6,8
Delhi,Delhi,26-07-2020,78,41.2638,34,83.3928,32,26.4394,34,8.57481,27,34.8169,29,1.49156,32,42.9167,33,35.7,27.9,0.51,14.1,85.6,215,31.6,47.4,33.9,40.9,26.8,76.8,100,4.17,0,0,21.2,1005,42.2,3.2,18.6,7
Delhi,Delhi,27-07-2020,100,34.8317,35,93.6626,35,25.1497,35,10.6971,28,35.4917,30,1.20452,31,30.8142,33,36.7,29,0,15.4,255.6,228.7,32.8,49,36.8,43.1,26.9,72.6,0,0,0,0,30.6,1002,49.8,3.8,19.7,8
Delhi,Delhi,28-07-2020,72,24.3089,35,78.9986,35,22.7123,35,7.92655,29,30.906,30,1.11485,33,29.4779,34,36.8,29,0,13.5,259.9,249.1,33.2,50.9,37.4,44.8,27.6,73.7,0,0,0,0,36,1000,39.8,3.9,21.6,8
Delhi,Delhi,29-07-2020,90,24.8151,35,73.7049,35,26.4503,35,9.57207,29,27.6527,30,1.15235,34,27.725,34,36,26,9.597,9.4,130.2,207.6,30.2,48.9,26,37.8,26.3,80.4,100,8.33,0,0,33.5,1000.6,69.8,3.2,18.1,7
Delhi,Delhi,30-07-2020,55,18.9606,35,47.9489,35,23.602,35,9.19552,29,27.3773,30,1.07471,34,31.5744,34,31,26,0,13.3,191.4,194.7,28.7,37.6,26,33.3,24.8,80.1,0,0,0,0,28.1,1002.6,57.9,3.5,16.8,7
Delhi,Delhi,31-07-2020,75,39.308,35,81.6026,35,26.8638,34,8.53179,28,28.4657,30,1.10559,34,38.2318,34,33.8,27.2,1.577,9.4,107.4,224.8,30.3,47,31.9,38.8,26.8,81.8,100,8.33,0,0,22.3,1001.8,65,2.8,19.4,8
Delhi,Delhi,01-08-2020,81,32.368,35,67.2666,35,24.7297,35,8.67345,29,31.183,30,1.38382,34,39.7906,34,35.7,27.9,6.851,14.8,134.7,171.1,29.9,47.2,33.8,38,26.8,84,100,4.17,0,0,23,1001.1,84.5,2,14.8,7
Delhi,Delhi,02-08-2020,61,22.6277,35,56.5246,35,21.384,35,8.09138,29,29.4297,29,1.23667,33,29.8638,34,36.7,27,1.494,18.4,253.1,244.8,31.4,50.6,31.3,40.5,26.8,77.6,100,4.17,0,0,34.9,999,49.6,3.3,21.1,9
Delhi,Delhi,03-08-2020,67,24.1803,35,64.7383,35,21.4069,35,7.78552,29,29.2232,28,0.95697,33,29.0355,33,36.8,28.8,0.5,18.4,245.8,227.9,32.3,50.8,35.4,42.7,27.1,74.8,100,16.67,0,0,34.6,995,48,3.3,19.8,8
Delhi,Delhi,04-08-2020,62,24.5757,35,64.604,35,21.662,35,8.24172,29,26.8841,29,0.963824,34,31.9642,33,36.1,28.4,1.1,11.3,29.3,232.1,32.1,47.8,35.8,42.2,27.1,75.5,100,25,0,0,30.6,993.2,42.7,2.1,19.9,8
Delhi,Delhi,05-08-2020,86,38.9154,35,83.404,35,27.7409,35,12.0366,29,26.3341,29,1.38758,33,24.4932,34,34,29.1,13.15,20.2,90.9,169,31.1,46.2,37,41.9,27.7,82.6,100,8.33,0,0,40.3,994.6,55.4,2,14.7,7
Delhi,Delhi,06-08-2020,69,17.9931,35,56.7611,35,18.4851,35,11.1245,29,28.9597,30,0.849706,34,21.8529,34,36.9,28.5,0.897,29.9,91,250.3,32.2,47.5,34.6,40.9,26.2,71.8,100,8.33,0,0,73.8,997.3,70.4,3.2,21.5,9
Delhi,Delhi,07-08-2020,54,24.1723,35,52.8577,35,20.5026,35,9.70241,29,26.0379,29,1.12118,34,27.9497,34,35.6,28,0.17,26.3,94.5,234.1,31.6,48.9,31.9,40.4,26.2,73.3,100,4.17,0,0,47.2,1000.3,63.1,3.2,20.3,7
Delhi,Delhi,08-08-2020,87,47.4606,35,88.5111,35,28.0611,35,10.2952,29,28.2983,29,1.19941,34,43.2994,34,36.9,29,0.085,9.4,358.3,245.8,32.6,49,35.6,43,27,73.7,100,4.17,0,0,16.6,998.4,50,3.1,21.2,8
Delhi,Delhi,09-08-2020,74,31.1386,35,57.6469,35,21.7006,35,8.48138,29,27.5672,29,1.29794,34,26.0767,33,34.8,27,2.977,18.4,270.7,130.3,30.1,48.8,31.8,39.1,27.2,85.2,100,16.67,0,0,17.3,998.1,66.2,2.8,11.2,5
Delhi,Delhi,10-08-2020,72,31.8735,34,58.8894,35,20.3623,35,8.65034,29,31.1079,29,1.02647,34,25.745,34,34,28,0.425,11.2,103.2,102.8,30.9,47.4,34.5,40.8,27.3,81.6,100,4.17,0,0,24.1,999.2,65.8,2.9,8.8,4
Delhi,Delhi,11-08-2020,75,40.6794,34,72.1577,35,25.4071,35,8.97,29,29.5462,29,1.25824,34,27.4488,33,36.5,28,7.656,14.8,227,173.3,30.9,48.2,34.5,40.7,27.4,82.3,100,4.17,0,0,33.5,998.9,68.6,2.6,14.7,6
Delhi,Delhi,12-08-2020,63,23.33,34,58.146,35,19.0569,35,8.18,29,27.2463,30,0.773871,31,21.2097,33,35.8,25,12.838,22.3,251.9,134.9,31.1,47.3,25,39.5,26.5,77.7,100,8.33,0,0,40.7,997.8,71,3.1,11.6,6
Delhi,Delhi,13-08-2020,50,16.4718,34,29.6334,35,22.6769,35,8.33586,29,24.8057,30,1.09324,34,17.113,30,28.8,25.2,73.254,20.5,47.6,61,27,36.4,25.2,30.7,26.3,96.4,100,20.83,0,0,26.6,997.7,85.6,2,5.4,3
Delhi,Delhi,14-08-2020,58,21.5106,34,46.324,35,21.0254,35,10.1862,29,22.7921,29,1.24909,33,23.69,32,31.8,26,0.538,10.6,69.8,97.4,28.9,42,26,35.9,26.8,88.6,100,8.33,0,0,40.7,996.9,67.8,2.8,8.4,4
Delhi,Delhi,15-08-2020,67,30.5944,32,54.0085,33,17.5233,33,8.1563,27,23.6957,28,0.958065,31,26.5948,31,34.6,27,0,11.8,103.4,172.4,30.6,47.9,31.2,39.8,27.1,82.4,0,0,0,0,32,996.8,62.3,3.1,14.9,7
Delhi,Delhi,16-08-2020,52,22.2477,31,45.3745,33,19.2236,33,8.41296,27,24.1179,28,0.979677,31,27.2667,30,35.8,28,0.766,13.8,108,197,31.1,47.9,33.5,40.3,27,79.8,100,4.17,0,0,24.8,997.9,63.9,3.3,17,7
Delhi,Delhi,17-08-2020,66,28.9374,35,57.1769,36,24.2122,36,8.61857,28,24.8873,30,1.42257,35,19.9212,33,34.6,28,20.505,13,115.8,207.4,30.4,47.7,34.5,40.5,27.8,87.1,100,8.33,0,0,23,998.2,65.7,2.4,17.9,7
Delhi,Delhi,18-08-2020,72,28.7144,34,65.0283,35,25.9946,35,8.91179,28,30.7814,29,1.09824,34,21.6039,33,34.8,28,0.98,18.3,195.4,170.7,29.9,50.3,33.5,39.3,27.4,86.9,100,8.33,0,0,33.5,998.9,61,3,14.7,7
Delhi,Delhi,19-08-2020,57,22.6211,36,43.2667,36,30.9522,36,9.15483,29,28.561,30,1.47971,34,19.0712,34,28.2,24.9,40.664,17.7,151.5,40.1,26.9,34.7,24.9,30.6,26.2,95.7,100,16.67,0,0,33.5,998.9,76.8,2.2,3.5,1
Delhi,Delhi,20-08-2020,50,20.9439,36,40.1483,36,26.4419,36,9.73345,29,24.1803,30,1.11143,35,22.9121,33,29.2,24.8,33.24,13,88.6,82.3,26.5,38.4,24.8,29,25.8,96.3,100,12.5,0,0,27,1001.4,74.6,1.9,7.1,5
Delhi,Delhi,21-08-2020,57,20.1303,35,51.6397,35,21.5864,36,9.91241,29,20.1267,30,1.064,35,25.3139,33,34.6,25.2,0.851,14.8,75.1,193.4,29.4,44.1,25.2,34.4,25.2,79.5,100,4.17,0,0,52.2,1002.7,65.9,3.5,16.6,7
Delhi,Delhi,22-08-2020,53,15.3994,35,47.0277,35,16.1856,36,9.56966,29,20.1487,30,0.880909,33,27.6845,33,34.7,26.7,0,19.5,72,194.1,30.3,44.1,29.8,36.4,25,74.4,0,0,0,0,40.7,1001.8,51.8,3.7,16.8,6
Delhi,Delhi,23-08-2020,53,16.5794,33,41.3022,32,14.2758,33,9.45464,28,19.8531,29,0.78,32,28.3726,31,33.5,27,1.791,16.2,77.6,178.1,29.3,42.8,30.1,35.5,25.5,80.2,100,4.17,0,0,39.6,1000.4,54.9,3.4,15.4,7
Delhi,Delhi,24-08-2020,45,15.1811,35,41.7444,34,20.8686,35,10.3924,29,21.5943,30,0.886176,34,27.0091,32,32.5,27,0.085,16.6,97.2,156.3,29,40.9,30.6,35,25.6,82.1,100,4.17,0,0,39.2,1000.8,60.6,2.9,13.5,7
Delhi,Delhi,25-08-2020,61,17.655,36,52.3689,35,22.5064,36,8.69759,29,21.9173,30,0.956,35,27.9384,32,32.6,26.8,0,14.4,135.5,189.3,29.2,41.3,30.5,35.3,25.5,81.2,0,0,0,0,32.4,1003,59.7,3.6,16.4,7
Delhi,Delhi,26-08-2020,57,16.4825,36,55.2992,36,23.5414,36,8.25207,29,22.0267,30,1.07886,35,28.4662,34,33.6,27,0,14.1,245,184.5,30,41.2,30.6,36.2,25.2,76.3,0,0,0,0,21.2,1004.3,58,3.5,15.9,6
Delhi,Delhi,27-08-2020,64,19.6011,36,61.2458,36,22.9089,36,8.15138,29,20.3387,30,1.09257,35,29.687,33,34.8,27,0,11.8,262.4,149.4,30.7,43.1,30.6,37,25.1,72.9,0,0,0,0,19.4,1003.5,56.3,4,12.9,7
Delhi,Delhi,28-08-2020,79,29.8136,36,72.8336,36,28.83,36,9.50345,29,23.2433,30,1.41343,35,24.2324,34,32.8,26,24.942,10.3,284.7,203.5,28.5,41.9,26,33.5,25.8,85.9,100,8.33,0,0,37.1,1001.9,59.2,2.9,17.6,8
Delhi,Delhi,29-08-2020,77,36.5219,36,81.4372,36,25.9167,36,11.3559,29,25.4593,30,1.23735,34,37.9927,33,34.6,26,0,11.2,77.7,226.1,29.8,45.2,26,35.8,25.9,80.8,0,0,0,0,25.6,1001.2,61.2,2.3,19.4,8
Delhi,Delhi,30-08-2020,70,19.1715,34,50.8954,35,17.9234,35,10.1786,28,24.559,29,0.691176,34,21.4236,33,30.8,27,0.5,18.5,77.3,201,28.8,37.2,30.1,34.1,25.2,81.3,100,8.33,0,0,49.3,1000.9,72.8,3,17.4,7
Delhi,Delhi,31-08-2020,41,12.0017,35,36.892,35,18.7644,36,8.49517,29,21.5767,30,0.889697,33,21.1958,33,32.8,26.2,0,18.4,122.9,196.5,29,39.9,26.2,33.4,24.4,76.8,0,0,0,0,37.8,1003.2,68.3,3.6,16.9,6
Delhi,Delhi,01-09-2020,53,16.7171,35,53.0271,34,23.5306,35,9.92357,28,20.3155,29,0.967273,33,27.1321,33,34.6,26,0,12.6,170.8,189.9,29.9,41.2,26,34.3,24,71.9,0,0,0,0,25.2,1004.8,44.5,3.9,16.4,6
Delhi,Delhi,02-09-2020,69,22.3785,34,66.0694,35,24.5337,35,9.44143,28,20.1293,29,0.999412,34,45.6788,34,34.1,26,0,10.3,239.1,215.2,30.2,43.2,26,35.9,25,74.6,0,0,0,0,18.4,1006.7,65.2,3.5,18.7,8
Delhi,Delhi,03-09-2020,84,33.5736,36,84.1819,36,23.9628,36,10.1514,29,21.6803,29,0.930937,32,33.1424,34,34.7,28,0.06,15.3,89.9,186.4,30.9,45.6,32.7,38.7,25.9,75.6,100,4.17,0,0,45,1007.1,67.3,2.9,16.3,8
Delhi,Delhi,04-09-2020,82,36.7656,36,81.4211,36,25.6697,36,10.5352,29,23.9903,29,1.10412,34,38.478,35,34.6,28,1.129,11.2,114.1,214.2,30.5,46,32.7,38.5,26.1,77.7,100,4.17,0,0,32,1006.2,61.6,2.7,18.4,8
Delhi,Delhi,05-09-2020,101,35.1259,34,78.2024,33,26.8246,35,8.54357,28,23.2952,27,0.884412,34,52.6227,33,36.6,24.5,17.357,19.9,258.9,176.5,29.4,46.5,24.5,34.8,25.5,81.4,100,12.5,0,0,46.4,1004.4,67.3,2.9,15.3,8
Delhi,Delhi,06-09-2020,70,28.4771,35,60.2482,34,26.1934,35,8.59071,28,26.6841,27,1.00484,31,49.2431,32,34.6,25,0,9.4,252.3,195.2,29.2,43.8,25,34,25.3,80.9,0,0,0,0,18.4,1003.5,58.2,2.9,17,7
Delhi,Delhi,07-09-2020,93,47.2874,35,89.2277,35,32.1819,36,10.0868,28,27.8545,29,1.09118,34,36.3206,34,33.6,27,3.24,17.1,236.2,217.7,29.2,44.1,30.6,35.6,25.8,82.2,100,4.17,0,0,20.5,1003.9,55.4,2.6,18.8,8
Delhi,Delhi,08-09-2020,79,31.9017,35,75.9886,35,24.9037,35,8.37345,29,25.7469,29,1.09281,32,45.2415,34,34.9,26,0,11.2,272.3,215.4,30.1,43.3,26,35.5,25,75.7,0,0,0,0,22.3,1004.6,48.1,2.7,18.8,8
Delhi,Delhi,09-09-2020,105,48.1144,36,111.815,36,26.5383,36,9.75567,30,28.275,30,1.05371,35,45.4377,35,35,27.5,0,14.8,283.2,220.7,31,43.3,32.2,37.6,25.2,72.6,0,0,0,0,22.7,1004.3,39.6,2.8,19,8
Delhi,Delhi,10-09-2020,108,48.3056,36,118.176,36,28.5261,36,9.193,30,28.8367,30,1.16543,35,45.6386,35,35,27,0,14.8,278.3,229.8,30.9,42.8,31.2,37.1,25,72.7,0,0,0,0,26.6,1002.2,40,2.6,19.8,7
Delhi,Delhi,11-09-2020,136,55.0164,36,143.81,36,34.3692,36,10.7967,30,27.715,30,1.26571,35,59.844,35,37,27,0,13,298.2,226.6,31.6,43,30.6,36.4,23.6,65.1,0,0,0,0,20.9,1002.6,34.7,3.1,19.5,7
Delhi,Delhi,12-09-2020,144,59.8286,35,150.061,36,33.7314,36,10.8597,30,30.2043,30,1.28829,35,60.4847,34,36.8,27,0,7.6,339.6,240,31.8,45.1,30.1,38,24.5,66.9,0,0,0,0,20.2,1004.9,26.9,3.2,20.7,8
Delhi,Delhi,13-09-2020,142,66.7997,36,143.201,36,27.9489,36,10.1557,30,30.3027,30,1.10257,35,55.4282,34,35.8,28,0,9.4,350.4,226.7,32,44.4,32.7,39.4,25.3,68.9,0,0,0,0,16.9,1004.9,45.1,2.7,19.7,7
Delhi,Delhi,14-09-2020,152,68.5308,36,148.793,36,30.5558,36,9.86267,30,30.5933,30,1.27829,35,46.955,34,36.6,28,0,9.4,320.1,220.4,31.7,46.2,33.5,39.3,25.6,71.3,0,0,0,0,23,1003.8,43.1,2.7,19.2,8
Delhi,Delhi,15-09-2020,144,62.8519,36,144.137,36,31.8331,36,10.159,30,30.483,30,1.218,35,57.5989,35,36.7,26,0,10.3,269.9,242.8,31.7,44.1,26,38.4,25.1,69.5,0,0,0,0,19.4,1003.3,44.2,2.8,20.9,8
Delhi,Delhi,16-09-2020,151,62.5361,36,159.367,35,33.125,36,9.77967,30,30.6827,30,1.22857,35,50.2097,35,37.6,28.3,0,11.2,270.2,225.8,32.5,45.5,34.2,39.3,24.8,65.5,0,0,0,0,21.6,1003,42.6,3.3,19.5,8
Delhi,Delhi,17-09-2020,120,45.4219,36,120.501,36,27.18,36,9.67867,30,28.913,30,0.936765,34,42.4746,35,36.8,28,0,20.5,272.1,238.9,32.5,44.8,32.7,38.9,24.4,63.6,0,0,0,0,37.8,1002.7,32.4,3.3,20.8,8
Delhi,Delhi,18-09-2020,108,38.8328,36,113.215,36,25.2681,36,9.651,30,27.83,30,0.806571,35,38.5071,35,37.8,28,0,16.6,274.5,223.4,32.9,45.2,31.9,39.8,24.7,63.6,0,0,0,0,33.1,1001.8,36.6,3.3,19.2,8
Delhi,Delhi,19-09-2020,118,52.6506,36,132.637,36,28.3644,36,10.3877,30,28.2577,30,1.11543,35,52.1209,35,36.8,28,0,9.7,297.6,232.8,32.2,44.4,32.7,39,24.8,66.7,0,0,0,0,20.9,1002,38.2,3.3,20.1,8
Delhi,Delhi,20-09-2020,148,65.235,36,149.834,36,27.4133,36,11.846,30,30.1807,30,1.00829,35,51.892,35,36.6,28,0,10.3,301.3,246.4,32.2,45.1,32.7,38.9,24.8,66.6,0,0,0,0,24.8,1001.5,34.5,3.4,21.1,8
Delhi,Delhi,21-09-2020,142,58.6311,36,143.666,36,27.4197,36,12.3063,30,27.9333,30,1.03371,35,61.9803,35,36.6,28,0,9.7,319.1,233.5,32.2,45.2,31.9,39.2,24.8,65.8,0,0,0,0,16.6,1000.4,37.6,3,20.2,8
Delhi,Delhi,22-09-2020,115,38.5422,36,102.134,36,28.8575,36,12.6963,30,26.9723,30,1.07629,35,37.7335,34,36.5,28.8,0,13.3,94.1,194.5,31.9,46.7,34.5,39.4,25.4,69.4,0,0,0,0,31,1000.7,50.2,3,16.8,7
Delhi,Delhi,23-09-2020,76,25.3319,36,77.6297,36,27.6569,36,12.3637,30,26.3363,30,1.02286,35,35.0556,34,35.7,28.7,0,10.5,93.9,213.3,31.7,44.9,34.1,38.8,25.2,69,0,0,0,0,19.8,1000.9,46,3.6,18.4,8
Delhi,Delhi,24-09-2020,104,39.5769,36,99.3906,36,38.4606,36,12.7717,30,25.481,30,1.29343,35,47.8876,34,35,27,0,13,101.1,223.3,30.5,43.1,30.1,36.1,24.5,71.1,0,0,0,0,20.2,1003,52,3.3,19.3,8
Delhi,Delhi,25-09-2020,143,53.9311,36,147.661,36,45.2783,36,11.876,30,25.4067,30,1.65029,35,64.2044,34,36.9,27.2,0,14.8,243.7,243.3,31.3,40.8,30.2,35.2,22.7,62.9,0,0,0,0,30.2,1002.6,29.8,3.4,21,8
Delhi,Delhi,26-09-2020,165,58.01,36,172.91,36,44.5553,36,11.9987,30,27.681,30,1.50714,35,31.4585,34,33.6,25.9,0,18,257.1,222.8,29.3,36.9,25.9,31.7,21.8,65.4,0,0,0,0,31.7,1002.6,50.6,3,19.2,7
Delhi,Delhi,27-09-2020,117,36.2992,36,121.204,36,31.9823,35,10.7303,30,25.7867,30,1.40343,35,51.5534,35,35.8,24,0,15.3,267.3,240.7,29.4,39.6,24,31,20.2,59.6,0,0,0,0,24.8,1005.4,33.2,3.6,20.9,8
Delhi,Delhi,28-09-2020,159,61.2236,36,194.504,36,38.1719,36,11.2413,30,30.0983,30,1.26029,35,51.2514,35,35.8,24.6,0,15.4,289.6,243.7,30,38.2,24.6,31.6,20.6,59.6,0,0,0,0,37.1,1006.5,11.9,3.6,21.1,8
Delhi,Delhi,29-09-2020,177,66.2914,36,202.587,36,34.6861,36,11.3327,30,32.2963,30,1.00857,35,53.69,35,35.9,24.3,0,15.4,280.6,238.1,29.8,39.8,24.3,31.9,21.2,62.1,0,0,0,0,35.6,1006.2,14.8,3.5,20.6,8
Delhi,Delhi,30-09-2020,156,55.3228,36,174.538,36,35.3811,36,10.905,30,30.5083,30,0.990571,35,56.9894,34,35,23,0,16.5,269.9,243.9,29.1,36.4,23,30,19.7,60.1,0,0,0,0,37.1,1005.1,0.1,3.3,21.2,8
Delhi,Delhi,01-10-2020,152,59.3903,36,188.106,36,40.1989,36,11.4383,30,31.6633,30,1.56429,35,58.3083,35,36.8,23,0,15.2,278.9,241.7,29.3,38,23,30.2,19.3,58.1,0,0,0,0,31.3,1004.6,3.4,3.1,20.9,8
Delhi,Delhi,02-10-2020,180,73.4903,35,193.426,36,37.6847,36,11.3773,30,32.311,30,1.18343,35,68.7271,35,35.8,22.6,0,15.1,271.1,242.7,29.1,38.7,22.6,30.4,20,60.1,0,0,0,0,22.7,1005.3,0,3.5,20.9,8
Delhi,Delhi,03-10-2020,189,75.3861,36,192.21,36,42.395,36,13.2263,30,32.668,30,1.33576,33,72.622,35,35.8,22.3,0,13,271.5,242.4,28.8,36.6,22.3,29.3,18.4,57.1,0,0,0,0,21.2,1006.4,0,3.4,20.8,8
Delhi,Delhi,04-10-2020,184,75.0386,36,196.511,36,44.45,36,13.996,30,32.1223,30,1.3103,33,77.6854,35,34.8,20.8,0,13,293.7,243.3,27.4,35.2,20.8,27.6,17.2,57.2,0,0,0,0,25.6,1007.4,1.3,3.2,20.9,8
Delhi,Delhi,05-10-2020,179,67.9944,36,204.372,36,43.0858,36,12.4913,30,30.932,30,1.40371,35,78.6851,35,35,21,0,22.3,288.5,242.3,27.7,36.7,21,28,17.1,55.8,0,0,0,0,40.7,1007,0,3.6,20.8,8
Delhi,Delhi,06-10-2020,178,75.4886,36,214.467,36,52.0147,36,14.4447,30,33.07,30,1.77,35,74.0003,35,35.9,20.4,0,14.7,264.6,241,27.9,37.4,20.4,28.5,17.6,55.9,0,0,0,0,27.4,1007.3,0,3.2,20.7,8
Delhi,Delhi,07-10-2020,215,94.2064,36,235.573,36,49.8731,35,15.8747,30,35.9977,30,1.532,35,74.4103,35,35.8,20.5,0,16.6,298.3,238.4,28.1,38.8,20.5,28.6,17.6,56.7,0,0,0,0,23,1009.2,1.3,3.5,20.5,8
Delhi,Delhi,08-10-2020,208,84.3561,36,221.122,36,47.0903,34,15.877,30,36.391,30,1.37657,35,78.3509,34,35.8,21.1,0,10.3,279.6,236.5,28,37.7,21.1,28.8,18.6,59.5,0,0,0,0,23.4,1009.6,0,2.8,20.4,8
Delhi,Delhi,09-10-2020,202,88.0856,36,222.905,36,48.8054,35,15.897,30,37.1263,30,1.55303,33,76.9206,34,34.8,20.8,0,7.6,295.4,233.2,27.7,38.8,20.8,28.6,18.3,59,0,0,0,0,18.4,1009.7,0.3,2.9,20.1,8
Delhi,Delhi,10-10-2020,221,93.9314,36,226.651,36,44.8317,35,16.5313,30,38.525,30,1.38515,33,78.9009,35,34.6,21,0,13,264.4,227.9,28,36.4,21,29,18.7,58.9,0,0,0,0,25.2,1008.4,0.3,2.8,19.7,8
Delhi,Delhi,11-10-2020,216,95.7286,36,226.796,36,44.5131,35,16.8047,30,37.5679,29,1.60114,35,79.6247,34,34.9,21.7,0,14.7,272.5,229,27.6,35.8,21.7,28,17.9,58.2,0,0,0,0,27.4,1006.5,14.8,3.3,19.8,8
Delhi,Delhi,12-10-2020,261,131.232,35,284.777,36,56.9886,35,18.6597,30,40.0217,30,2.68629,35,82.3574,34,34.8,21.2,0,5.4,301.8,225.7,27.1,36.1,21.2,27.5,17.8,60,0,0,0,0,16.6,1005,2,2.7,19.5,8
Delhi,Delhi,13-10-2020,300,134.278,35,287.664,36,56.0958,36,17.6693,30,45.7977,30,2.83588,34,71.3151,35,34.8,21.5,0,7.6,86.5,213.7,27.7,39.7,21.5,29.5,20.5,66.4,0,0,0,0,22.3,1005.9,16.3,2.5,18.3,7
Delhi,Delhi,14-10-2020,276,133.147,35,275.044,36,53.5234,35,17.2697,30,47.7933,30,2.578,35,65.3774,35,34,24.9,0,7.6,27.4,192.5,28.9,38.3,24.9,31,21.7,66.6,0,0,0,0,15.5,1007.3,43.2,2.1,16.5,7
Delhi,Delhi,15-10-2020,312,143.882,36,291.568,36,53.2666,35,17.3943,30,40.629,30,1.886,35,68.3421,34,34.6,22,0,7.9,324.8,216.1,28,34.7,22,28,16.7,53.7,0,0,0,0,22,1008,23.5,2.7,18.7,8
Delhi,Delhi,16-10-2020,237,113.364,36,256.525,36,58.1546,35,18.2203,30,34.056,30,2.23314,35,79.12,34,33.8,19.2,0,7.6,281.7,226.6,26.5,32.9,19.2,26.1,13.7,48.6,0,0,0,0,19.1,1007.9,0,2.7,19.5,8
Delhi,Delhi,17-10-2020,287,134.043,35,294.22,36,66.8456,36,17.181,30,40.5047,30,2.17086,35,73.1547,34,34.5,18.9,0,5.4,327.9,220,25.5,34.8,18.9,25.5,15.2,55.8,0,0,0,0,15.1,1008.6,4.9,2.7,19.2,8
Delhi,Delhi,18-10-2020,254,106.151,36,240.096,36,54.4646,35,14.306,30,38.359,29,1.47571,35,73.5906,34,34.4,18.9,0,13,266.1,222.7,26.1,33.1,18.9,25.8,13.8,50.4,0,0,0,0,25.6,1008.6,2.6,2.6,19.2,8
Delhi,Delhi,19-10-2020,244,111.005,36,255.953,35,54.5606,36,16.2977,30,34.97,30,1.49629,35,82.5054,35,33.3,17.5,0,16.6,291.6,220.2,25.7,33,17.5,25.3,13.7,50.7,0,0,0,0,25.2,1008.4,10.2,2.8,18.9,8
Delhi,Delhi,20-10-2020,223,107.613,36,254.239,35,61.5128,36,17.6653,30,34.1583,30,2.42629,35,76.0749,35,33.8,16.4,0,8.5,302.5,225.4,24.6,33,16.4,24.2,12.5,51.2,0,0,0,0,23.4,1007.9,0,2.8,19.4,8
Delhi,Delhi,21-10-2020,256,116.034,35,276.578,35,66.0672,36,16.1473,30,39.311,30,2.69686,35,72.2597,35,34.6,16.8,0,7.6,301.3,197.7,25,33.3,16.8,24.6,13.6,54,0,0,0,0,20.2,1009,7,2.9,17,8
Delhi,Delhi,22-10-2020,296,166.356,36,358.66,36,77.5503,36,20.595,30,47.3043,30,2.90657,35,70.3063,35,32.8,19.4,0,5.8,358.5,192.6,25.1,32,19.4,25,14.8,55,0,0,0,0,16.9,1007.9,60.1,2.2,16.6,8
Delhi,Delhi,23-10-2020,366,215.3,35,393.329,36,72.645,36,19.8987,30,49.8883,30,3.024,35,87.67,35,33.4,16.5,0,5.8,339.6,213.6,24.5,32.9,16.5,24.4,14.3,57,0,0,0,0,19.1,1007.4,37.2,2,18.3,8
Delhi,Delhi,24-10-2020,345,192.56,35,367.266,36,69.1106,36,16.704,30,49.6027,30,2.91886,35,75.2806,35,32.6,16.7,0,13,262.6,215.9,23.9,31.6,16.7,23.7,12.9,53.6,0,0,0,0,24.8,1008.5,3.6,2.1,18.6,8
Delhi,Delhi,25-10-2020,349,197.385,35,364.694,36,74.0178,36,17.206,30,50.0367,30,3.28294,34,77.684,35,32.8,16.1,0,7.6,229.4,213,23.7,34.5,16.1,23.9,15.1,61.4,0,0,0,0,18,1010.9,0.1,2.1,18.2,8
Delhi,Delhi,26-10-2020,353,186.321,35,355.536,36,70.9278,36,17.9543,30,47.935,30,3.33441,34,69.8634,35,32.8,17.1,0,7.7,294.8,178.9,23.9,32.4,17.1,23.8,13.9,56.6,0,0,0,0,17.3,1012.3,28,2.1,15.5,6
Delhi,Delhi,27-10-2020,312,162.318,35,310.599,36,55.8025,36,13.4827,30,39.657,30,2.45657,35,72.1457,35,31.1,16.6,0,15.6,262.7,212.8,23.3,30.3,16.6,23.1,13.2,55.6,0,0,0,0,26.3,1012.2,0,2.2,18.3,8
Delhi,Delhi,28-10-2020,297,185.025,35,361.589,36,75.7389,36,16.7853,30,44.041,30,3.43229,35,67.8646,35,30.8,14.3,0,7.6,296,211.5,22.2,29.6,14.3,22,12.5,56.9,0,0,0,0,18,1012.9,0,2,18.2,8
Delhi,Delhi,29-10-2020,395,239.687,35,436.824,36,90.2981,36,18.2893,30,51.4333,30,3.35543,35,72.5369,35,30.7,14.6,0,5.4,316.4,207.3,21.7,29.5,14.6,21.4,11.8,58.3,0,0,0,0,15.5,1013.9,0,1.6,18,8
Delhi,Delhi,30-10-2020,374,213.711,35,384.961,36,70.1331,36,15.6313,30,48.515,30,2.71471,34,62.6323,35,30.7,15,0,11.2,297,206.7,22.3,29.5,15,22,12,57,0,0,0,0,26.6,1013.6,0,1.9,18,8
Delhi,Delhi,31-10-2020,367,249.344,36,424.031,36,59.2269,36,15.0047,30,43.9823,30,2.15265,34,66.602,35,30.8,15.2,0,15,261.9,206.7,22.2,29.7,15.2,22,12.4,57.2,0,0,0,0,29.2,1013.4,0,1.9,18,8
Delhi,Delhi,01-11-2020,364,241.028,36,411.687,36,64.5039,36,17.0887,30,37.301,30,2.17057,35,68.9583,35,30,12.4,0,13.9,260.6,207.2,21.2,28.9,12.4,21.1,10.9,54.2,0,0,0,0,29.2,1014.1,0,1.9,18.1,8
Delhi,Delhi,02-11-2020,293,163.138,35,321.016,36,65.8983,36,16.0573,30,37.446,30,3.36771,35,59.4129,35,29.4,13.1,0,13,274.8,206.8,20.1,28.4,13.1,19.9,9.6,55.4,0,0,0,0,27,1014.8,0,2.2,18.1,8
Delhi,Delhi,03-11-2020,302,141.399,36,307.84,36,71.8211,36,15.9397,30,42.7297,30,3.28618,34,52.3517,35,29.7,12.5,0,13,262.4,205.3,20.1,28.5,12.5,19.8,10.9,59.5,0,0,0,0,16.6,1014.3,0,2.3,17.9,8
Delhi,Delhi,04-11-2020,343,312.072,35,514.821,36,81.3428,36,17.6633,30,52.8373,30,3.41914,35,38.14,35,27.5,13.1,0,9.5,255.5,196.4,19.7,27.1,13.1,19.6,11.1,60.6,0,0,0,0,25.9,1012.9,0,1.5,17,7
Delhi,Delhi,05-11-2020,450,275.761,35,456.067,36,77.3325,36,17.9827,30,51.008,30,3.56743,35,61.296,35,30.1,13.6,0,10.6,265.4,198.8,20.4,29.3,13.6,20.2,10.9,59.6,0,0,0,0,18.7,1014.2,4.2,1.3,17.1,7
Delhi,Delhi,06-11-2020,406,258.932,35,450.862,36,82.3006,36,18.6663,30,52.3857,30,3.06686,35,49.2003,35,30,13.8,0,8.8,271,197.8,20,29.4,13.8,19.8,11.1,60.6,0,0,0,0,22.3,1017,0,1.5,17.1,7
Delhi,Delhi,07-11-2020,427,319.88,35,519.159,36,75.0228,36,18.0467,30,52.968,30,3.40371,35,67.9157,35,28.4,13.5,0,16.6,284.1,197.1,20.5,27.8,13.5,20.3,11.4,60,0,0,0,0,28.1,1018,0,1.3,17.1,7
Delhi,Delhi,08-11-2020,416,338.207,36,538.591,36,86.5808,36,21.67,30,56.3973,30,3.67588,34,57.5749,35,28.1,13.3,0,7.6,286.3,196.1,19.6,27.8,13.3,19.5,11.7,64.8,0,0,0,0,18.4,1018.5,0,1,16.9,7
Delhi,Delhi,09-11-2020,477,521.701,35,720.337,36,94.5739,36,18.3307,30,67.3977,30,4.10171,35,55.0314,35,27.4,12.6,0,7.6,281.2,193.2,18.8,27.5,12.6,18.8,12.6,71.2,0,0,0,0,22,1017,4.8,0.9,16.8,7
Delhi,Delhi,10-11-2020,476,451.954,36,553.062,36,85.9317,36,17.855,30,65.8987,30,4.05094,32,69.0471,35,28.3,12.8,0,9.4,91.4,189,18.9,28.3,12.8,18.9,13.1,71.9,0,0,0,0,18,1015.7,7.5,0.8,16.3,7
Delhi,Delhi,11-11-2020,344,184.787,35,356.982,35,66.8863,35,18.4824,29,54.9472,29,3.57971,34,54.8985,34,28.5,13.7,0,11.2,70.1,182.7,19.7,28.6,13.7,19.7,13.2,69,0,0,0,0,20.5,1017.6,2.2,1.8,15.8,7
Delhi,Delhi,12-11-2020,314,179.828,36,346.88,36,74.8225,36,18.0723,30,51.718,30,3.64059,34,61.4917,35,28,13.6,0,7.6,40.8,182.4,20.3,28.1,13.6,20.2,13.2,67.2,0,0,0,0,14,1018.9,3.7,2,15.6,7
Delhi,Delhi,13-11-2020,339,205.154,38,371.518,38,74.5668,38,14.005,32,50.4097,32,3.304,35,67.8173,37,29.3,14,0,6.9,243.1,184,20.2,28.7,14,20.1,13.1,67.9,0,0,0,0,19.1,1017.5,0.1,1.8,15.9,7
Delhi,Delhi,14-11-2020,414,392.821,38,553.364,38,76.3342,38,18.9713,32,58.8953,32,3.76676,37,66.3738,37,27.8,12.7,0,5.4,25.2,183.9,19.2,28.3,12.7,19.2,13.7,72.7,0,0,0,0,14.8,1015.2,4.7,1.1,15.9,7
Delhi,Delhi,15-11-2020,435,286.373,38,385.718,38,47.8768,38,18.9172,32,50.7794,32,2.58459,37,70.3878,37,28.7,13.7,0.639,14.8,101.5,156.3,20.3,28.5,13.7,20.3,14.1,70.3,100,4.17,0,0,34.9,1014.4,36.2,1.2,13.7,6
Delhi,Delhi,16-11-2020,221,83.6521,38,132.551,38,33.5189,38,11.9072,32,44.6431,32,1.50222,36,45.9008,37,24.8,17.7,0,15.1,86.7,105.3,20.5,24.8,17.7,20.5,16.8,79.5,0,0,0,0,22,1016.3,67.8,2.3,9,5
Delhi,Delhi,17-11-2020,171,79.0189,38,144.416,38,42.1426,38,11.6709,32,41.0981,32,1.41486,37,43.0886,37,25.5,14,0,13,281.7,160.6,19.4,25.5,14,19.4,13.8,72.4,0,0,0,0,24.5,1014.9,32.2,2.3,13.9,6
Delhi,Delhi,18-11-2020,211,112.661,38,193.865,38,49.4424,38,10.8216,32,37.8931,32,2.11556,36,61.2695,37,24.4,13.2,0,9.4,283.5,181,17.8,24.4,13.2,17.8,11.5,69.1,0,0,0,0,21.2,1013.7,9.3,2.1,15.7,7
Delhi,Delhi,19-11-2020,283,140.198,38,245.588,38,61.3155,38,12.7825,32,38.8828,32,1.99405,37,62.8657,37,24.8,11.8,0,9.4,287.6,177.3,17.3,24.8,11.8,17.3,10,65.5,0,0,0,0,22.3,1014.2,4.1,2.2,15.4,7
Delhi,Delhi,20-11-2020,296,150.177,38,251.988,38,56.2079,38,12.67,32,37.6878,32,1.60639,36,61.33,36,24.6,10.5,0,16.6,289.6,181.7,17,24.6,10.5,17,9.3,63.7,0,0,0,0,31.3,1015.6,0,2.2,15.8,7
Delhi,Delhi,21-11-2020,251,120.27,38,219.48,38,47.7087,38,12.7353,32,33.5125,32,1.84324,37,57.3056,36,23.9,9,0,18.4,279.1,183.3,16.1,23.9,7.9,16,8,63.1,0,0,0,0,39.6,1016.1,0,2.1,15.9,7
Delhi,Delhi,22-11-2020,274,139.971,37,250.429,37,54.2495,37,13.7184,31,35.1339,31,2.57914,35,56.8968,34,23.7,9.5,0,14.2,287.7,180.3,15.3,23.7,9.5,15.3,6.8,60.6,0,0,0,0,27.7,1016.7,17.9,2.2,15.6,7
Delhi,Delhi,23-11-2020,295,181.961,38,331.705,38,79.2147,38,16.1078,32,43.1234,32,3.77351,37,58.2137,35,24.4,8.8,0,9.4,346.4,177.2,15.7,24.4,8.8,15.7,7.8,63.5,0,0,0,0,14.4,1017,24.9,1.9,15.4,7
Delhi,Delhi,24-11-2020,379,246.057,38,430.902,38,91.2518,38,18.5716,32,53.1469,32,3.77081,37,67.7767,36,24.2,9.3,0,9.4,166.8,156,16.3,24.2,9.3,16.3,8.3,62.4,0,0,0,0,14.8,1016.5,51.3,1.6,13.5,6
Delhi,Delhi,25-11-2020,413,272.744,38,440.366,38,74.3708,38,18.7072,32,53.5041,32,2.96432,37,50.1789,35,23,11.3,0,11.2,69.7,104.2,17.4,23,11.3,17.4,10.2,65.1,0,0,0,0,21.6,1016.7,71.1,1.1,9,4
Delhi,Delhi,26-11-2020,302,105.514,38,184.511,37,42.4671,38,13.7381,32,42.675,32,1.57143,35,43.296,35,24.7,15,0,11.2,333.2,146.2,19.2,24.7,15,19.2,12,65.3,0,0,0,0,23,1018.9,55.3,2.3,12.6,6
Delhi,Delhi,27-11-2020,137,76.5576,38,150.602,37,44.125,38,12.0237,32,36.7528,32,1.67919,37,44.2297,36,25.8,12,0,14.4,269.7,173.6,17.7,25.8,12,17.7,10.7,67,0,0,0,0,29.2,1020.6,0,2.8,15.1,7
Delhi,Delhi,28-11-2020,231,113.635,38,207.229,37,50.3413,38,12.2756,32,36.5297,32,2.26757,37,57.9525,36,25.5,11.9,0,16.6,273.5,174.5,17.4,25.5,11.9,17.4,9.8,64.6,0,0,0,0,27.4,1019.7,0,2.5,15.3,7
Delhi,Delhi,29-11-2020,256,131.147,38,241.828,37,60.5008,38,13.6809,32,38.7656,32,3.23143,35,64.8278,36,25,9.4,0,8,285.9,174.6,16.3,25,9.4,16.3,8.6,63.7,0,0,0,0,19.4,1018.3,5.9,2.6,15.1,7
Delhi,Delhi,30-11-2020,318,177.346,38,315.045,38,69.2221,38,13.7319,32,45.045,32,3.54973,37,66.7622,36,25.1,9,0,10.1,277.7,170.1,15.8,25.1,9,15.8,8.9,66.8,0,0,0,0,20.2,1017.3,3.8,2,14.6,7
Delhi,Delhi,01-12-2020,367,230.556,38,382.144,38,78.4147,38,16.0237,32,51.2444,32,3.58459,37,63.2991,34,26.2,10.1,0,8,273.5,167.7,17,26.2,10.1,17,10.4,69,0,0,0,0,17.6,1017.4,0,1.5,14.5,6
Delhi,Delhi,02-12-2020,373,202.561,38,344.521,38,69.2782,38,14.5619,32,50.9169,32,2.72714,35,69.9156,36,26.2,10.6,0,14.8,277.3,169.2,17.5,26.2,10.6,17.5,10.1,65.8,0,0,0,0,28.8,1015.5,0,1.8,14.6,6
Delhi,Delhi,03-12-2020,341,187.137,38,332.397,38,70.645,38,13.9958,31,50.3466,32,3.42297,37,67.0368,37,26.5,10,0,9.4,257.2,166.9,17.1,26.5,10,17.1,10.5,68.9,0,0,0,0,16.9,1014.4,0,1.7,14.4,6
Delhi,Delhi,04-12-2020,382,256.688,38,430.937,38,80.5668,38,16.6722,32,61.0037,32,3.91946,37,72.1511,37,27.2,10.5,0,9.4,119.6,164.5,17.4,27.3,10.5,17.4,10.8,69.3,0,0,0,0,16.2,1013,6.9,1.5,14.2,6
Delhi,Delhi,05-12-2020,404,247.776,38,392.591,38,60.2687,38,13.8397,32,55.3216,32,2.68722,36,71.4333,36,26.7,12.9,0,16.6,103.3,162.6,18.6,27.2,12.9,18.6,12.9,71.9,0,0,0,0,27.4,1013,0,1.3,14,6
Delhi,Delhi,06-12-2020,389,238.32,38,371.886,38,57.8532,38,12.8066,32,53.9103,32,2.63229,35,65.1484,37,27.2,13.6,0,9.4,141.8,161.8,19.4,27.4,13.6,19.4,13.6,72.7,0,0,0,0,19.8,1015.4,2.7,1.4,14.2,6
Delhi,Delhi,07-12-2020,400,259.377,38,400.394,38,58.8216,38,12.8,32,60.8394,32,3.33919,37,49.2914,35,25.6,13,0,11.2,262.3,161.6,17.6,25.6,13,17.6,14.6,84.4,0,0,0,0,27,1017.1,25,0.8,13.9,6
Delhi,Delhi,08-12-2020,383,214.94,38,356.024,38,65.2092,38,14.4441,32,61.0175,32,3.57784,37,66.4885,34,26.7,11.9,0,9.4,324.9,161.1,17.9,26.7,11.9,17.9,12.4,74,0,0,0,0,18.4,1017.2,0.8,1.3,14,6
Delhi,Delhi,09-12-2020,358,198.328,38,353.661,38,71.5792,37,16.54,32,60.845,32,3.21222,36,55.65,37,27.9,11.9,0,9.4,289,160.2,18.4,27.5,11.9,18.4,12.3,71.3,0,0,0,0,18.4,1015.4,1.6,1.9,14,6
Delhi,Delhi,10-12-2020,284,130.228,38,256.961,38,56.9955,38,15.0769,32,60.2497,32,2.60324,37,34.8232,37,27.1,12.7,0,7.6,276.4,156.1,19,27.1,12.7,19,12.6,69.9,0,0,0,0,19.8,1015,2,1.9,13.4,6
Delhi,Delhi,11-12-2020,295,158.151,38,295.885,38,73.3476,38,14.8559,32,63.9303,32,2.46243,37,29.3975,36,24.2,12.9,0,13,154.6,142.1,18.3,24.2,12.9,18.3,13.6,76.2,0,0,0,0,16.2,1014.9,43.3,1.7,12.2,6
Delhi,Delhi,12-12-2020,356,229.853,38,337.377,38,44.3934,38,10.2484,32,64.4681,32,2.29676,37,20.9769,35,21.4,13.8,0,11.2,265.6,105.1,17.2,21.4,13.8,17.2,15.2,88.6,0,0,0,0,24.1,1015.2,71.5,1.1,8.9,4
Delhi,Delhi,13-12-2020,305,106.963,38,172.416,38,32.9024,38,9.18844,32,47.9803,32,1.09771,35,31.1291,35,19.7,11.3,0,14.8,295.8,162.7,14.5,19.7,11.3,14.5,12.2,87,0,0,0,0,30.6,1015.9,25.7,1.6,13.9,6
Delhi,Delhi,14-12-2020,160,84.7384,38,139.727,38,28.5541,37,11.1653,32,40.0844,32,0.987568,37,41.9392,36,17,9.5,0,13,304.6,167.8,13.1,17,8.4,13,9.4,79.9,0,0,0,0,30.6,1017.1,4,2.3,14.6,6
Delhi,Delhi,15-12-2020,230,119.048,38,192.905,38,38.9503,38,18.5809,32,39.4956,32,1.43135,37,37.2754,37,17.8,6.2,0,11.2,304.7,168.8,11.9,17.8,5.6,11.7,8.5,81.5,0,0,0,0,23,1019.1,1.4,1.6,14.6,7
Delhi,Delhi,16-12-2020,262,116.03,38,193.736,38,38.9808,38,9.91875,32,42.8822,32,1.34324,37,33.6286,37,17.4,7,0,13,277.2,167.9,11.1,17.4,6.2,10.7,8.3,84.7,0,0,0,0,31,1021,12.6,1.3,14.4,6
Delhi,Delhi,17-12-2020,256,132.659,38,213.909,38,34.5587,38,9.53906,32,41.4259,32,1.80595,37,37.1581,36,14.4,5,0,18.4,276.5,168.8,9.1,14.4,1.8,7.8,6.8,86.9,0,0,0,0,33.8,1020.3,16.6,1.6,14.5,7
Delhi,Delhi,18-12-2020,281,133.403,38,234.028,38,47.0226,38,11.3863,32,40.2422,32,2.26405,37,53.6286,37,19.5,5,0,18.4,265.5,167.4,11.1,19.5,2.8,10.4,4,66.2,0,0,0,0,34.6,1018.5,0,2.4,14.4,6
Delhi,Delhi,19-12-2020,290,155.09,38,268.763,38,54.2095,38,12.1228,32,46.1847,32,2.35595,37,55.6027,37,21.6,6,0,16.6,265.3,167.4,12.2,21.6,4.4,11.8,5.3,65.7,0,0,0,0,32,1019.1,1.7,2.2,14.4,6
Delhi,Delhi,20-12-2020,321,174.813,38,291.784,38,55.7121,38,13.7691,32,48.63,32,2.30027,37,56.1189,37,22,5.7,0,14.8,277.2,163.1,12.8,22,5.7,12.7,5.9,66.6,0,0,0,0,29.5,1019.5,29.6,1.7,14,6
Delhi,Delhi,21-12-2020,332,193.185,38,330.383,38,62.5042,38,18.6969,32,55.45,32,3.42351,37,53.4762,37,22.2,7.7,0,11.7,273.5,144.1,13.7,22.2,7.7,13.6,7.9,71.3,0,0,0,0,23.8,1017.4,37,1.6,12.3,6
Delhi,Delhi,22-12-2020,418,317.814,38,491.892,38,71.6722,37,16.6788,32,63.0377,31,3.93757,37,51.9222,37,22.8,7.7,0,11.4,289.5,162.1,13.4,22.8,7.7,13.4,7.8,73.3,0,0,0,0,20.5,1016.2,30.4,1.2,14,6
Delhi,Delhi,23-12-2020,433,332.838,38,504.925,37,75.813,37,18.1731,32,71.4097,31,4.32333,36,51.9635,37,22.5,6.3,0,9.4,275.3,166.3,13.3,22.5,6.3,13.3,8.6,76.5,0,0,0,0,18.4,1015.4,9.5,1.1,14.4,6
Delhi,Delhi,24-12-2020,423,296.22,37,447.84,38,70.9887,38,16.2312,32,74.6144,32,3.44541,37,50.0168,37,22.5,6.7,0,8,274.6,166.9,13.4,22.5,6.7,13.4,8.9,77.5,0,0,0,0,22.3,1015.9,4.2,0.9,14.5,6
Delhi,Delhi,25-12-2020,357,194.197,38,318.836,38,60.8818,38,11.8947,32,64.4997,32,2.51595,37,50.7857,37,21.5,6.9,0,14.8,298,167.4,13.2,21.5,6.9,13.1,8.1,75.4,0,0,0,0,26.6,1017,2.6,1.5,14.5,6
Delhi,Delhi,26-12-2020,337,215.861,38,337.091,38,62.6434,38,12.215,32,60.3006,32,3.03861,36,54.6565,37,21.4,7,0,11.2,274.9,166.7,12.8,21.4,7,12.7,7.3,72.2,0,0,0,0,27.4,1016.1,10.9,1.5,14.4,6
Delhi,Delhi,27-12-2020,396,245.348,38,390.782,38,60.6116,37,14.9503,32,65.4959,32,2.75649,37,52.6949,37,21,7.9,0,20.5,136.3,164.5,14.4,21,7.9,14.4,8.9,72.5,0,0,0,0,40.7,1013.8,36.7,1.2,14.3,6
Delhi,Delhi,28-12-2020,253,97.7687,38,259.941,38,45.5858,38,13.3706,32,43.3919,32,1.52472,36,47.2905,37,19,7.6,0,14.7,308.9,170.3,13.1,19,7.6,13.1,5,60.7,0,0,0,0,31,1016.6,13.9,2.2,14.6,7
Delhi,Delhi,29-12-2020,265,128.373,38,278.131,38,48.2024,38,11.65,32,50.6734,32,1.56459,37,48.1403,37,17.5,5.8,0,14.8,282.5,169.6,10.5,17.5,5.1,10.1,5.6,73.9,0,0,0,0,32.8,1017.7,0,2,14.5,6
Delhi,Delhi,30-12-2020,290,153.944,38,241.976,38,42.1058,38,9.64344,32,54.4353,32,1.7973,37,37.1259,37,15.6,5,0,11.2,283.3,168.9,9.8,15.6,2.4,9.1,7,83.8,0,0,0,0,27,1019.3,23.6,1.3,14.5,7
Delhi,Delhi,31-12-2020,347,226.179,38,333.357,38,55.7237,38,10.7144,32,58.3606,32,3.08514,37,32.2905,37,16.4,6,0,9.4,257.9,164.6,9.3,16.4,4.4,9,7.5,89.4,0,0,0,0,21.6,1018.5,56.3,0.6,14.3,6
Delhi,Delhi,01-01-2021,441,389.141,38,530.295,38,72.5184,38,14.6466,32,70.9028,32,3.86892,37,35.0322,37,18.1,3.7,0,11.2,89,161.3,10.2,18.1,3.7,10.2,6.2,79.2,0,0,0,0,18.4,1017.9,15.2,0.7,13.9,6
Delhi,Delhi,02-01-2021,443,308.581,38,435.627,38,67.0811,38,15.7634,32,67.0566,32,2.26568,37,25.6662,37,19,7.8,0.911,16.6,92.9,97.2,13.4,19,7.8,13.4,9.3,77.8,100,8.33,0,0,19.8,1016.1,71.9,1.2,8.2,5
Delhi,Delhi,03-01-2021,354,152.349,38,210.96,37,45.2366,38,12.7828,32,61.6422,32,1.62811,37,15.9614,36,17,11.1,36.462,16.6,83.2,122.1,13.9,17,11.1,13.9,12.2,90.1,100,12.5,0,0,36,1014.6,80.2,1.1,10.7,5
Delhi,Delhi,04-01-2021,151,85.2853,38,126.174,37,45.7626,38,12.5478,32,54.6912,32,1.44486,37,23.7497,37,21.6,12.2,5.598,18.4,350,124.5,16.2,21.6,12.2,16.2,15.2,94.2,100,12.5,0,0,27,1016.1,70.8,0.8,10.9,6
Delhi,Delhi,05-01-2021,140,67.9308,38,101.158,37,37.9397,38,12.5256,32,50.9709,32,1.58324,37,16.4338,37,20.6,14.5,1.28,14.8,52.2,112.9,17.1,20.6,14.5,17.1,16,93.8,100,8.33,0,0,34.9,1015.5,85.6,1.7,9.6,5
Delhi,Delhi,06-01-2021,226,125.006,37,186.791,38,37.2526,38,12.1634,32,54.0126,31,1.45568,37,22.5135,37,20.3,15,57.552,12.6,280.6,125.4,16.5,20.3,15,16.5,15.7,95.2,100,12.5,0,0,21.6,1015,57.4,1,10.7,5
Delhi,Delhi,07-01-2021,255,107.87,37,172.154,38,28.1113,38,9.83719,32,45.5648,31,1.50189,37,29.7351,37,19.4,12.5,0,11.2,294.4,126.9,16.3,19.4,12.5,16.3,14.7,90.6,0,0,0,0,23,1015,44.9,1,11,5
Delhi,Delhi,08-01-2021,234,139.284,37,232.703,38,35.3397,38,12.6891,32,42.9719,31,1.71027,37,20.5857,37,16.3,11.4,0,9.3,295.8,130.8,13.5,16.3,11.4,13.5,12.3,92.2,0,0,0,0,22,1014.7,74.9,1.1,11.4,5
Delhi,Delhi,09-01-2021,301,134.703,37,217.393,38,34.3297,38,13.9075,32,49.8768,31,1.26946,37,25.63,36,19.4,11,0,11.2,279.7,148.1,14.6,19.4,11,14.6,13,90.5,0,0,0,0,32.4,1015.4,67.2,1.1,12.9,5
Delhi,Delhi,10-01-2021,245,114.931,37,181.002,38,28.1284,38,9.07875,32,51.1429,31,1.29676,37,37.2839,36,15.2,9,0,16.6,279.8,179.1,11.4,15.2,6.7,10.7,9.1,86.8,0,0,0,0,30.2,1016.1,31.3,1.4,15.4,7
Delhi,Delhi,11-01-2021,243,117.971,38,188.43,38,32.8939,38,9.205,32,50.4803,31,1.46595,37,43.6561,36,16.6,7,0,16.6,283.5,178,11.2,16.6,5.2,10.6,8.8,86.2,0,0,0,0,36.4,1016.6,23.4,1.4,15.2,7
Delhi,Delhi,12-01-2021,293,167.419,38,251.479,38,39.8976,38,10.2884,32,51.8881,31,2.418,35,35.6914,37,16,6.2,0,16.2,290.1,178.2,10.5,16,6.1,10.4,8,85.5,0,0,0,0,33.8,1017,6.8,1.1,15.5,7
Delhi,Delhi,13-01-2021,354,225.6,38,344.534,38,48.3584,38,12.0137,32,53.3623,31,2.86162,37,38.1657,37,16.1,4.9,0,11.9,282.6,180.8,10,16.1,4.9,9.5,7.2,84.4,0,0,0,0,29.5,1016.1,2.1,1,15.6,7
Delhi,Delhi,14-01-2021,429,369.095,38,524.907,38,67.9353,38,14.7028,32,64.9061,31,3.40412,34,34.19,36,19,4.5,0,7.6,292.2,169.5,11.2,19,4.5,11.2,8.2,84.1,0,0,0,0,15.5,1015.9,28.6,0.7,14.5,7
Delhi,Delhi,15-01-2021,460,409.296,38,558.673,37,68.1695,38,16.1809,32,70.2703,31,3.75,36,42.5786,36,21,7.8,0,7.6,63.8,174.7,13.1,21,7.8,13.1,10.3,85.6,0,0,0,0,15.1,1014.4,32.4,0.7,15.1,7
Delhi,Delhi,16-01-2021,407,230.687,38,336.533,38,52.595,38,10.7544,32,56.8529,31,2.44645,31,30.0249,37,16.9,8,0,10.8,266.4,157.5,11.1,16.9,6.8,10.9,9.2,89.4,0,0,0,0,24.1,1013.2,50,0.5,13.6,7
Delhi,Delhi,17-01-2021,347,211.707,38,299.663,38,40.1089,38,11.1871,31,51.7145,31,1.49917,36,29.3614,37,14.1,6,0,20.5,93.4,157.2,10.3,14.1,4.4,9.9,8.7,90.6,0,0,0,0,28.4,1015.5,33.7,0.6,13.6,7
Delhi,Delhi,18-01-2021,372,223.541,38,338.817,38,47.8003,38,14.9478,32,55.17,31,3.426,35,31.9611,37,19.2,10,0.1,13,91.1,106.3,14.1,19.2,10,14.1,11.8,86.9,100,4.17,0,0,26.3,1016.2,76.8,1,9.3,4
Delhi,Delhi,19-01-2021,404,242.286,38,358.709,37,46.5476,38,11.8238,32,59.3048,31,3.506,35,22.0589,35,19.7,8.9,0,14.8,271.9,172.8,12.9,19.7,8.9,12.9,10.9,88.5,0,0,0,0,25.6,1014.2,32.8,0.6,15,7
Delhi,Delhi,20-01-2021,283,131.287,38,204.37,38,37.2247,38,9.6325,32,45.2035,31,1.44216,37,31.5168,37,19.3,9,0,19.4,272.5,183.9,13.3,19.3,6.7,13,10.4,83.9,0,0,0,0,37.1,1014.5,22,0.8,15.9,7
Delhi,Delhi,21-01-2021,296,150.276,38,250.243,38,52.7013,38,12.0237,32,49.8965,31,2.90649,37,47.9016,37,23,9.8,0,20.5,269.2,188.8,14.2,23,8.9,14.1,9.2,75.4,0,0,0,0,39.2,1013.5,3.3,1.6,16.3,7
Delhi,Delhi,22-01-2021,364,243.32,38,365.345,38,51.1681,37,11.9991,32,56.1043,30,3.15139,36,24.7559,37,17.8,5.8,0,11.5,85.9,187.7,11.6,17.8,4.2,11.2,9.4,87.4,0,0,0,0,20.5,1014.8,14.6,1,16.3,7
Delhi,Delhi,23-01-2021,326,162.668,38,252.102,38,41.3913,38,11.0425,32,45.4065,31,1.7225,36,37.1038,37,19.6,9,0,16.6,106.6,181.3,13.2,19.6,7,12.9,10.3,84.1,0,0,0,0,32.8,1013,37.5,0.9,15.6,7
Delhi,Delhi,24-01-2021,363,216.361,37,342.898,37,38.6514,37,10.4194,31,49.52,30,1.945,34,17.0689,35,15,9.4,0,14.8,283.8,171.1,12.3,15,8.3,12.2,11.1,92.7,0,0,0,0,22.3,1016.1,47.7,0.7,14.8,6
Delhi,Delhi,25-01-2021,323,164.64,38,275.41,38,38.6337,38,10.795,32,40.9132,31,2.66686,35,40.427,37,17,8.7,0,13,299,179.1,12,17,7.6,11.6,10.1,88.7,0,0,0,0,25.6,1018.1,9.8,1.2,15.4,7
Delhi,Delhi,26-01-2021,330,173.817,38,293.44,38,42.6229,38,11.6159,32,40.819,31,1.90429,35,53.7081,37,19.6,6.6,0,13.7,279.2,192.2,12.6,19.6,6.6,12.6,8,77,0,0,0,0,23,1017.6,0.1,1.5,16.5,7
Delhi,Delhi,27-01-2021,318,172.045,37,317.281,37,51.0165,37,13.7694,31,40.416,30,2.656,35,51.8983,36,20.5,7.3,0,14.8,276.5,195.7,12.9,20.5,6.7,12.7,8,76.2,0,0,0,0,26.6,1017.2,0,1.9,16.8,7
Delhi,Delhi,28-01-2021,357,254.272,38,417.884,38,63.0605,38,16.6731,32,49.2877,31,3.02649,37,42.6046,37,19,6.1,0,9.4,315.6,197,12.4,19,6.1,12.3,7.4,75.4,0,0,0,0,20.2,1018.1,0.3,1.5,16.9,7
Delhi,Delhi,29-01-2021,387,207.791,38,351.923,38,55.5005,38,13.8859,32,44.2487,31,2.43472,36,44.5392,37,19.9,6.1,0,18.4,278.5,197.5,12.3,19.9,6.1,12.3,8,77.2,0,0,0,0,29.9,1018.5,0,1.4,17,7
Delhi,Delhi,30-01-2021,309,153.135,38,271.429,38,53.145,38,14.6988,32,38.1223,31,2.32514,37,53.5086,37,20.8,6,0,17.8,270.8,200.7,12.5,20.8,5.1,12.2,7,72.7,0,0,0,0,31,1016.8,11.3,2,17.3,7
Delhi,Delhi,31-01-2021,289,176.908,38,321.826,38,58.5371,38,15.1913,32,42.7442,31,2.80892,37,52.9957,37,22.8,5.5,0,9.4,247.5,200,13.2,22.8,5.5,13.2,6.3,67.7,0,0,0,0,19.4,1017.3,0,2.1,17.2,7
Delhi,Delhi,01-02-2021,352,226.862,38,392.714,38,68.9561,38,17.0069,32,50.9523,31,2.87861,36,47.5392,37,25.6,7.8,0,11.3,268.3,199,16.4,25.6,7.8,16.4,7.7,62.6,0,0,0,0,20.9,1018.9,5.7,2,17,7
Delhi,Delhi,02-02-2021,364,222.194,38,389.719,38,71.9084,38,19.9453,32,56.5725,32,2.725,36,50.6044,36,26,9,0,9.4,195.8,200,17.1,26,9,17.1,10.4,70.9,0,0,0,0,18,1017.3,0,1.4,17.2,7
Delhi,Delhi,03-02-2021,330,164.952,38,285.711,38,53.1463,38,15.7219,32,56.8969,32,1.92541,37,46.1541,37,25.5,12,0,14.8,105.6,194.1,18.2,25.5,12,18.2,13.3,76,0,0,0,0,32,1015.6,30.3,1.6,16.6,7
Delhi,Delhi,04-02-2021,316,132.615,38,214.077,38,44.1171,38,12.9203,32,54.6653,32,1.4527,37,29.9111,37,21.9,12.3,1.077,15.7,33.1,164,16.5,21.9,12.3,16.5,14.3,87.6,100,16.67,0,0,37.1,1016.2,64.4,1.5,14.1,7
Delhi,Delhi,05-02-2021,133,69.3463,38,136.187,38,44.1679,38,12.7656,32,49.7703,31,1.48351,37,35.8805,37,21,9,0,11.2,287.5,188.5,14.3,21,9,14.3,10.6,80.6,0,0,0,0,19.8,1017.8,5.9,1.6,16.2,7
Delhi,Delhi,06-02-2021,199,96.7566,38,171.173,38,41.1942,38,13.6506,32,47.2753,32,1.34784,37,38.2927,37,22,9.4,0,18.4,289,205.2,15,22,9.1,15,11.2,80.2,0,0,0,0,33.5,1018.1,4.2,1.9,17.9,7
Delhi,Delhi,07-02-2021,232,133.631,37,225.918,38,44.5218,38,13.4858,31,48.4806,32,2.04194,36,47.8572,36,22.8,9,0,18.4,283.4,207.1,15.1,22.8,8.5,15,11.6,81.8,0,0,0,0,36,1017.8,1.3,1.7,17.9,8
Delhi,Delhi,08-02-2021,303,174.873,38,342.774,38,51.4832,38,11.3255,31,54.5981,32,2.40595,37,46.3059,37,23.7,9.8,0,13,291.7,207.9,15.6,23.7,9.1,15.6,11.4,78.7,0,0,0,0,26.3,1017.8,3.8,1.6,18,8
Delhi,Delhi,09-02-2021,305,182.165,38,323.117,38,59.9766,38,17.0422,32,60.7109,32,2.80946,37,44.9081,37,25,10,0,9.4,244.9,207.2,16.4,25,10,16.4,11.2,75.8,0,0,0,0,27,1014.8,36.4,1.6,17.8,8
Delhi,Delhi,10-02-2021,291,172.598,38,328.525,38,61.5137,38,16.7763,32,61.5897,32,2.74444,36,48.1986,37,28.3,11.9,0,13,234.5,209.8,18.4,27.9,11.9,18.4,12.5,72.1,0,0,0,0,15.1,1012.7,13.7,1.9,18,8
Delhi,Delhi,11-02-2021,330,175.94,38,309.546,38,57.7168,38,16.3706,32,60.6463,32,2.05892,37,44.0573,37,24,11,0,16.6,283.7,212.5,16.9,24,11,16.9,13.2,80.7,0,0,0,0,20.5,1013.9,24.3,1.3,18.3,8
Delhi,Delhi,12-02-2021,341,216.036,38,362.312,38,55.4426,38,15.1544,32,65.5842,31,2.4873,37,44.9516,37,26.3,12,0,11.2,282.5,178.9,18.1,26.3,12,18.1,14,79,0,0,0,0,15.5,1015.1,54.4,0.8,15.5,6
Delhi,Delhi,13-02-2021,334,175.964,38,299.351,38,58.0061,38,11.6866,32,69.5078,32,3.02649,37,41.4214,37,26.6,14,0,8.6,287.4,210.2,18.4,26.6,14,18.4,14.1,79.1,0,0,0,0,16.2,1015.4,61.2,1.3,18.2,8
Delhi,Delhi,14-02-2021,351,183.857,36,330.967,36,60.4408,38,13.4153,32,72.0872,32,2.85027,37,55.0594,36,27.8,11.2,0,6.1,231.9,213.2,18.7,27.8,11.2,18.7,13.4,74.4,0,0,0,0,18,1014.5,12.6,1.6,18.5,8
Delhi,Delhi,15-02-2021,313,162.255,38,300.496,38,61.3142,38,13.5728,32,70.1544,32,2.676,35,48.9692,36,28.6,11.3,0,12.6,195.7,204.5,19.8,29,11.3,19.8,14.4,74.4,0,0,0,0,17.6,1012.7,8,2.1,17.6,8
Delhi,Delhi,16-02-2021,327,170.166,38,317.546,38,61.4182,38,16.7597,32,64.5084,32,1.9225,36,57.1576,37,28.8,13.2,0,7.6,30.8,216,20.6,29.1,13.2,20.6,15.4,74.8,0,0,0,0,16.6,1012.2,4.3,1.6,18.7,8
Delhi,Delhi,17-02-2021,324,162.257,38,318.035,38,63.5013,38,15.7116,32,61.0069,32,2.50135,37,49.2673,37,26.8,12.2,0,9,277.2,218.3,18.9,27,12.2,18.9,13.4,73.8,0,0,0,0,17.6,1014.1,3.5,1.7,18.8,8
Delhi,Delhi,18-02-2021,302,155.027,38,297.397,38,60.6966,38,14.5644,32,56.9681,32,2.3975,36,50.2995,37,27.6,11.4,0,8.5,324.1,219.6,19.2,28,11.4,19.2,13.7,73.6,0,0,0,0,13.7,1016.8,0.5,1.8,18.8,8
Delhi,Delhi,19-02-2021,311,161.571,38,293.404,38,57.2039,38,13.3547,32,57.3103,32,2.03297,37,38.7408,37,25.6,11.2,0,15.9,261.3,222,18.1,25.6,11.2,18.1,13.6,77.6,0,0,0,0,25.2,1019.2,6.8,1.6,19.2,8
Delhi,Delhi,20-02-2021,249,112.794,38,220.433,38,51.4347,38,13.2941,32,52.1297,32,1.97278,36,39.0465,37,26.5,12,0,11.9,265.3,224,18.2,26.5,12,18.2,13.2,76.7,0,0,0,0,25.6,1019.2,42.8,1.5,19.4,8
Delhi,Delhi,21-02-2021,297,159.296,38,292.988,38,55.0405,38,16.8542,31,51.8619,32,1.79838,37,55.0041,37,27.7,11.8,0,15.2,255.3,227.5,18.5,28,11.8,18.6,13.5,75.2,0,0,0,0,29.9,1017.5,0.5,2,19.7,8
Delhi,Delhi,22-02-2021,288,136.592,38,277.462,38,55.2463,38,16.9784,31,54.7572,32,2.03829,35,47.73,36,28.8,13,0,15.1,259.9,223.5,19.3,28.7,13,19.4,13.6,72.3,0,0,0,0,31.7,1015.2,3.2,2.2,19.3,8
Delhi,Delhi,23-02-2021,250,124.264,37,287.832,37,63.497,37,19.5755,31,57.9113,31,2.89778,36,50.0931,35,30.7,13,0,12.6,248.3,227.2,20.9,30.3,13,20.8,13.5,67.3,0,0,0,0,21.2,1012.9,9.8,2.5,19.6,8
Delhi,Delhi,24-02-2021,278,147.739,37,341.924,37,69.0951,37,21.6487,31,67.3187,31,3.19111,36,46.8556,36,31.8,13.2,0,13.3,255.4,232.8,21.7,31.5,13.2,21.6,13.6,65.3,0,0,0,0,21.6,1011,0.1,2.8,20,8
Delhi,Delhi,25-02-2021,298,138.572,37,310.652,37,59.4589,37,18.4474,31,59.4742,31,2.74686,35,45.2653,36,32.6,15.2,0,16.5,250.5,233.6,22.6,33.4,15.2,22.8,15.4,67.1,0,0,0,0,31.7,1009.9,0.5,2.6,20,8
Delhi,Delhi,26-02-2021,229,106.108,38,259.945,38,49.7503,38,19.1444,32,52.811,31,2.54811,37,43.8132,37,32.6,15,0,16.6,255.2,233.6,23.6,33.9,15,23.7,15.6,64.4,0,0,0,0,36.7,1007.5,2.3,3.4,20.3,8
Delhi,Delhi,27-02-2021,203,70.5471,38,231.924,38,45.2455,38,14.4525,32,49.3312,32,1.89189,37,38.2732,37,31.3,19,0,17.7,235.2,235.5,24.6,31.1,19,24.6,15.7,59.4,0,0,0,0,30.2,1007,12.5,3.4,20.4,8
Delhi,Delhi,28-02-2021,208,76.4579,38,220.916,38,44.77,37,17.9072,32,46.5613,32,1.16081,37,50.0762,37,31.6,17.4,0,14.1,290.1,235.4,23.8,30.6,17.4,23.6,12.8,52.8,0,0,0,0,20.5,1010.3,18.6,3.4,20.4,8
Delhi,Delhi,01-03-2021,177,73.0274,38,200.796,38,43.3613,38,18.1441,32,46.2812,32,1.00838,37,54.2116,37,28,13.4,0,21.6,279.8,247.8,20.9,27.7,13.4,20.8,11.7,58.8,0,0,0,0,37.1,1014.4,0,3.2,21.5,9
Delhi,Delhi,02-03-2021,175,67.745,38,197.134,38,36.3971,38,17.9347,32,44.1328,32,0.983333,36,59.7157,35,28.1,13,0,26.5,263,250.4,20.9,27.8,13,20.9,11.7,57.7,0,0,0,0,44.6,1014.3,0,3.4,21.7,9
Delhi,Delhi,03-03-2021,188,99.7943,37,239.776,37,52.5338,37,24.5981,32,51.3244,32,2.66412,34,56.9294,36,30.8,13,0,15.6,255.9,247.8,21.3,29.9,13,21.2,11.8,57.6,0,0,0,0,33.1,1012.4,0,3.1,21.5,9
Delhi,Delhi,04-03-2021,278,134.894,37,319.815,37,73.8789,36,22.9003,32,58.7642,31,3.33361,36,62.3394,36,33.6,14.2,0,9.7,268.1,246.7,23.1,33.1,14.2,22.9,12.9,57.1,0,0,0,0,14.4,1012,0,3,21.3,8
Delhi,Delhi,05-03-2021,255,106.645,38,243.616,38,46.1837,38,17.4772,32,50.1853,32,1.63806,36,52.6547,36,30.8,14,0,19.3,270.3,252.7,22.6,30.7,14,22.6,14,60.8,0,0,0,0,39.2,1011.6,0,3,21.9,9
Delhi,Delhi,06-03-2021,204,99.9054,37,232.287,37,47.9705,37,19.5129,31,46.4439,31,2.38139,36,56.7847,36,31,16,0,15.8,256.5,253.3,22.9,30.4,16,22.8,14,60.2,0,0,0,0,33.8,1010.8,0,3.1,21.8,9
Delhi,Delhi,07-03-2021,256,116.617,38,279.419,38,50.9384,38,21.4597,32,52.8713,31,2.37457,35,64.1653,36,33.4,16.7,0,13,92.6,248.2,24.5,34.9,16.7,24.8,16,61.5,0,0,0,0,27.7,1009.5,2.6,2.8,21.5,8
Delhi,Delhi,08-03-2021,207,101.335,38,245.392,38,41.4439,38,16.4337,32,51.2537,32,1.57,36,57.4546,37,31.8,20.8,0,16.6,94,243.1,25.2,34.5,20.8,25.8,17.6,63.7,0,0,0,0,39.6,1010.6,32.1,2.4,21.1,8
Delhi,Delhi,09-03-2021,283,121.954,38,290.639,38,42.64,38,16.3947,32,56.9847,32,1.49639,36,49.66,37,33.6,20.7,1,16.6,93.9,234.8,26.1,36.7,20.7,27.1,19,67.5,100,4.17,0,0,40.7,1012.1,50,2.1,20.2,8
Delhi,Delhi,10-03-2021,175,68.8555,38,174.256,38,46.46,38,17.3497,32,50.1834,32,1.68714,35,48.8208,37,32.6,19.4,0,14.8,331.8,220.5,25.1,33.8,19.4,25.5,16.6,60.8,0,0,0,0,25.6,1012,39.2,3.1,19.2,8
Delhi,Delhi,11-03-2021,242,112.468,35,255.455,36,51.1314,36,19.3597,32,59.3878,32,2.17886,35,54.0786,35,34.6,18.2,0,13.8,112.6,255,25.7,35.7,18.2,26.1,17.3,63.5,0,0,0,0,16.9,1012.9,16.4,2.6,22,9
Delhi,Delhi,12-03-2021,218,72.898,35,197.176,36,41.4831,36,13.6225,32,51.3287,32,1.26676,34,37.8283,35,30.6,20.3,2.881,27.7,104.8,184.4,24.6,30.7,20.3,24.7,13.9,52.6,100,8.33,0,0,46.4,1014.9,72.7,2.9,15.9,8
Delhi,Delhi,13-03-2021,209,105.415,36,229.224,36,43.9089,36,20.6147,32,54.7772,32,1.46882,34,50.8697,35,30.8,17,7.656,11.2,300,248,24,30.6,17,23.9,15,59.7,100,4.17,0,0,24.5,1015.8,38.7,2.8,21.5,9
Delhi,Delhi,14-03-2021,209,93.4375,36,199.525,36,39.2147,36,19.3425,32,48.3244,32,1.24706,34,50.6851,35,31,16.6,0,17.7,268.5,264,23.9,30.7,16.6,23.8,15.2,61.8,0,0,0,0,33.1,1013.1,11,2.6,22.6,9
Delhi,Delhi,15-03-2021,206,99.2819,36,246.02,36,40.9417,36,18.6059,32,47.9791,32,1.16114,35,47.1162,34,31.7,17,0,18.4,266.8,251.2,24.3,31.3,17,24.3,15.4,60.5,0,0,0,0,33.1,1011.9,17.6,2.9,21.8,9
Delhi,Delhi,16-03-2021,258,117.135,36,328.959,36,39.8406,36,19.0931,32,44.1797,32,1.29029,35,35.9303,35,31.6,19,0,15.1,265.8,266.4,24.8,31.6,19,24.8,16.2,61.7,0,0,0,0,33.5,1012.1,30,2,23.1,9
Delhi,Delhi,17-03-2021,311,116.431,36,362.381,36,43.0646,35,20.7191,32,45.2344,32,1.50629,35,42.0157,35,33.8,18,0,14.8,270.8,255.7,25.6,33.5,18,25.3,14.5,55.3,0,0,0,0,27.4,1010.6,26.6,2.4,22,9
Delhi,Delhi,18-03-2021,315,126.232,35,365.069,36,49.8611,36,18.8819,32,48.3525,32,1.81057,35,45.5703,35,34,18.9,0,11.2,277.7,244.9,25.9,32.8,18.9,25.5,13.9,52.5,0,0,0,0,16.6,1011,41,2.3,20.9,9
Delhi,Delhi,19-03-2021,279,100.414,36,283.194,36,43.4844,36,18.8403,32,45.2425,32,1.34714,35,53.1114,35,34,20.5,0,14.8,285.1,242.9,26.6,32.6,20.5,26,13.1,48,0,0,0,0,26.6,1010.7,51.9,2.8,21,9
Delhi,Delhi,20-03-2021,234,111.01,36,261.232,36,43.4206,36,21.2894,32,47.4728,32,1.72031,32,57.0185,33,32.9,18,0,18.3,277,269.4,25.2,31.7,18,24.7,12.9,50.7,0,0,0,0,31.7,1009.3,15.6,2.8,23.3,9
Delhi,Delhi,21-03-2021,244,109.628,35,276.062,35,45.2024,34,22.0252,31,42.828,30,1.95387,31,59.7334,32,34.8,18,0,14.8,330.2,261.6,26.3,33.9,18,25.8,13.8,51.7,0,0,0,0,25.9,1008.5,15.3,3.1,22.7,9
Delhi,Delhi,22-03-2021,196,73.4742,36,237.964,36,40.886,35,16.4525,32,38.5619,31,1.60882,34,44.8247,34,31,21.5,0,27.7,52.2,247,26.4,30.7,21.5,26.2,13.6,46.5,0,0,0,0,46.4,1011.8,65.2,2.9,21.2,9
Delhi,Delhi,23-03-2021,244,70.3614,36,269.037,36,41.8711,36,16.2028,32,48.1863,32,1.24657,35,31.7574,35,28.1,21.3,0,24.1,2.2,246.3,24.8,28.3,21.3,24.8,13,48.9,0,0,0,0,55.4,1013.7,65.9,2.8,21.3,9
Delhi,Delhi,24-03-2021,175,70.1034,35,190.311,36,38.8942,36,17.0909,32,44.2669,32,0.866857,35,52.8794,35,32.5,18.2,0,20.5,282.9,268.1,25.4,31.5,18.2,25.1,12.2,45.4,0,0,0,0,38.2,1013.8,22.2,3.5,23.1,9
Delhi,Delhi,25-03-2021,148,54.5439,36,144.393,35,32.3722,36,13.3584,32,41.6562,32,0.949143,35,45.56,35,29.8,16,0,17.8,269,284.9,23.4,28.8,16,23.2,13.3,55.8,0,0,0,0,37.8,1013.4,36.8,3.5,24.4,9
Delhi,Delhi,26-03-2021,150,73.7106,36,165.303,35,39.8731,36,18.8791,32,41.82,32,1.40618,34,58.5614,35,31.8,16,0,18.4,275.9,284.9,24,30.9,16,23.8,13.6,55,0,0,0,0,35.3,1011.5,16.5,3.1,24.4,9
Delhi,Delhi,27-03-2021,199,99.0954,35,229.047,34,52.3397,36,20.5091,32,46.9031,32,1.81429,35,62.2559,34,34.6,18,0,42.3,251.3,281.6,26.1,34.7,18,26.4,16.1,57,0,0,0,0,27,1009.5,1.3,3.3,24.2,9
Delhi,Delhi,28-03-2021,233,106.638,35,238.719,34,52.2289,36,18.1562,32,50.6063,32,1.772,35,67.0618,34,36.8,19.2,0,10,206.8,282.2,27.9,36.4,19.2,27.6,15.1,50.9,0,0,0,0,20.2,1007,0.3,3.3,24.3,9
Delhi,Delhi,29-03-2021,225,79.602,30,207.565,30,43.9652,31,16.4652,27,48.2023,26,1.608,30,62.8211,28,39.8,22.5,0,18.4,153.5,286.8,30.2,38.3,22.5,29.8,14.1,41.5,0,0,0,0,25.6,1004.5,3.5,3.3,24.9,9
Delhi,Delhi,30-03-2021,232,97.7489,35,319.244,34,35.7103,35,13.8087,31,49.319,31,1.74,30,56.2553,34,37.8,21.4,0,31.4,281.4,293.7,29.5,35.6,21.4,28.9,12.6,39.4,0,0,0,0,50.8,1000.8,0,2.3,25.5,10
Delhi,Delhi,31-03-2021,203,55.0837,35,214.839,35,31.4447,36,14.3048,31,38.675,32,0.766857,35,55.9418,34,34.7,21,0,21.3,278.6,301.6,27.9,32.5,21,27.1,8.9,35,0,0,0,0,51.5,1001.9,0,3.4,26,10
Delhi,Delhi,01-04-2021,182,49.4911,36,212.209,35,32.6486,36,18.2503,32,34.6997,32,0.822571,35,53.4718,34,34,19,0,22.8,274.7,305.9,27.1,31.6,19,26.1,3,22.5,0,0,0,0,51.8,1002.8,0,3.1,26.3,10
Delhi,Delhi,02-04-2021,176,65.625,36,182.378,35,45.4625,36,22.5831,32,36.9288,32,1.17886,35,56.7934,35,33.9,16,0,12.4,273.3,303.1,25.8,31.7,16,24.9,4.4,27.5,0,0,0,0,33.5,1006.2,0,3.5,26.2,10
Delhi,Delhi,03-04-2021,159,63.5969,36,171.092,35,52.8733,36,19.3609,32,40.9081,32,1.47529,34,72.3459,34,34.8,14.7,0,16.4,305,303.8,26,32.2,14.7,25.1,1.2,23,0,0,0,0,25.9,1008.8,1.7,3.5,26.2,10
Delhi,Delhi,04-04-2021,171,76.3089,35,196.234,34,53.9883,35,23.1887,31,45.8058,31,1.63912,34,71.5448,33,36.8,16.9,0,18.3,258.9,300,27.1,34.2,16.9,26,4.7,27.9,0,0,0,0,33.5,1009.5,5.1,3.2,25.9,10
Delhi,Delhi,05-04-2021,205,89.3014,36,237.389,35,64.7011,36,24.5269,32,49.5847,32,1.97829,35,70.5156,34,38.8,21,0,13.4,132.2,290.6,29.9,37.1,21,28.9,8,28.7,0,0,0,0,27.4,1007.8,39.6,3.1,25.1,9
Delhi,Delhi,06-04-2021,279,121.101,36,317.081,35,57.158,35,24.7981,32,57.7066,32,1.42857,35,85.7466,35,38,22.6,0,14.8,92.8,280.9,30.4,37.1,22.6,29.5,10.1,30.4,0,0,0,0,33.5,1006.2,34,2.4,24.2,9
Delhi,Delhi,07-04-2021,250,71.9656,36,236.952,35,38.5826,35,15.02,32,47.1003,32,1.03429,35,72.3891,35,36,23.4,0,18.4,325.8,287.8,29.7,34.6,23.4,28.7,9.6,31.6,0,0,0,0,33.5,1009,26.4,2.7,24.9,9
Delhi,Delhi,08-04-2021,153,56.8494,36,166.898,35,42.6406,35,16.5894,32,38.5556,32,1.518,35,66.8517,35,34.9,21,0,15.7,285.1,307.1,27.6,32.6,21,26.7,4.4,26.4,0,0,0,0,32.4,1009.1,0,3.2,26.4,10
Delhi,Delhi,09-04-2021,170,63.7611,36,183.737,35,47.1328,36,17.2413,32,37.5166,32,1.83114,35,71.4826,35,36.2,17.2,0,18.4,320.8,305.5,27.7,33.7,17.2,26.6,3.6,25.5,0,0,0,0,31,1009.8,7.9,3.5,26.3,10
Delhi,Delhi,10-04-2021,181,66.8811,36,192.574,35,53.0828,36,19.0188,32,39.6253,32,1.616,35,65.8391,35,36.9,19.5,0,16.6,282.6,308.8,29,34.7,19.5,27.8,3.8,22.9,0,0,0,0,31.7,1011.2,0,3.4,26.7,10
Delhi,Delhi,11-04-2021,186,77.0503,36,213.694,35,50.1119,36,22.4397,32,40.3481,32,1.694,35,70.544,35,38.5,19.7,0,18.4,288.2,308.1,29.4,36.1,19.7,28.1,4.2,23.8,0,0,0,0,28.4,1011.1,10.8,3.2,26.7,10
Delhi,Delhi,12-04-2021,241,104.805,36,269.859,35,54.4075,36,23.4537,32,43.7594,32,1.68771,35,73.1311,35,38.7,20.9,0,18.4,277.5,295.4,29.8,37,20.9,28.8,7.5,28,0,0,0,0,34.2,1011.6,5.9,2.4,25.5,9
Delhi,Delhi,13-04-2021,231,95.0256,36,261.581,35,46.2717,36,24.4444,32,42.875,32,1.51486,35,66.8243,35,39.4,21,0,18.5,264.1,286.8,30.5,37.6,21,29.3,8.2,28.5,0,0,0,0,36.4,1010,11.4,2.8,24.8,10
Delhi,Delhi,14-04-2021,199,68.6536,36,216.5,35,39.1522,36,19.4694,32,38.4131,32,1.19676,34,65.7223,35,39.6,22.8,0,18.4,272.8,277.4,31.5,38.8,22.8,30.2,7.6,25,0,0,0,0,35.6,1008.7,21.3,3.3,24,10
Delhi,Delhi,15-04-2021,220,82.0931,36,263.939,35,44.4372,36,20.5341,32,37.5138,32,1.37714,35,65.8271,35,40.1,24,0,19.8,271.9,295.4,31.3,38.6,24,29.9,6.6,23.9,0,0,0,0,29.5,1007.5,37.6,2.9,25.7,10
Delhi,Delhi,16-04-2021,238,92.5014,36,288.598,35,40.7797,36,18.9575,32,40.9559,32,1.324,35,67.3783,35,39.6,21,0.894,37.1,228,269.7,28.8,38.6,21,28.1,10.9,39.5,100,4.17,0,0,79.6,1006.8,54.4,2.4,23.3,9
Delhi,Delhi,17-04-2021,128,45.0309,33,109.11,33,27.3279,34,12.369,29,47.551,30,0.909062,32,47.2475,32,33,19.8,0,21.2,267.2,283.1,26.7,33,19.8,26.4,15.2,54,0,0,0,0,37.1,1009.5,37.4,3.1,24.6,10
Delhi,Delhi,18-04-2021,154,68.1317,35,181.69,34,30.8192,36,16.7519,31,44.1094,32,1.14094,32,75.4536,33,35.2,20.3,0,16.6,270.4,301.7,28.3,34.8,20.3,27.7,12.4,40.8,0,0,0,0,34.2,1011.4,5.5,3.3,26,10
Delhi,Delhi,19-04-2021,187,77.72,37,222.786,35,44.6978,37,17.3981,32,41.5744,32,1.57139,36,68.7568,34,37,20.9,0,18.4,276,310.5,30,36.3,20.9,29,10.4,33.8,0,0,0,0,37.1,1007.3,4.3,2.9,26.9,10
Delhi,Delhi,20-04-2021,191,67.7081,37,206.024,35,34.8003,37,21.6019,32,36.9731,32,0.993889,36,71.4136,33,33.8,21.7,0,37.1,3,237.6,28,32.6,21.7,27.3,10,34.7,0,0,0,0,55.4,1006.3,71.8,2.7,20.7,9
Delhi,Delhi,21-04-2021,134,48.6722,37,109.563,35,25.253,37,14.2909,32,39.5806,32,0.828485,33,55.3594,34,32.7,20,0,16.6,259.4,302,26.1,32.4,20,25.9,13.5,47.7,0,0,0,0,36,1008.4,39.7,3.2,26,10
Delhi,Delhi,22-04-2021,140,47.7109,35,134.671,33,27.3256,36,13.3445,31,37.1813,31,0.848286,35,69.8055,33,33,21,0,16.6,87.2,304.7,27.4,33.3,21,27,13.7,45.3,0,0,0,0,31.7,1010.6,24.9,3.6,26.3,10
Delhi,Delhi,23-04-2021,126,42.8618,34,128.87,33,26.4433,36,14.49,31,37.4913,31,0.857714,35,53.0775,32,31.9,22.8,0.51,24.1,68.1,264,26.6,32.4,22.8,26.3,13.1,44.6,100,4.17,0,0,42.5,1008.9,43.6,3,22.9,9
Delhi,Delhi,24-04-2021,125,46.9758,36,115.962,34,32.3108,36,13.9423,31,32.3748,31,0.970882,34,72.0003,33,32.8,18.6,0,22.3,313.2,321,26.8,31.1,18.6,25.9,8.2,33.8,0,0,0,0,35.3,1010.1,7.9,3.4,27.7,10
Delhi,Delhi,25-04-2021,192,90.0442,36,195.668,34,36.7853,36,18.9265,31,34.0481,31,1.50229,35,82.673,33,36.7,20.2,0,22.3,299.9,324,28.2,35.8,20.2,27.4,8.6,32.2,0,0,0,0,35.3,1009.8,0,3,27.8,10
Delhi,Delhi,26-04-2021,256,149.572,37,279.571,35,47.7524,37,27.3919,32,36.6947,32,1.87722,36,91.1311,35,39.7,19.1,0,18.4,272.8,324,30.1,38.7,19.1,28.9,7.6,30.2,0,0,0,0,32,1007.9,0,2.8,27.8,10
Delhi,Delhi,27-04-2021,284,160.511,36,328.256,34,51.5011,37,26.4841,32,41.2394,32,2.26361,36,93.61,35,41.2,22.6,0,20.5,294.5,312.9,32.1,40.4,22.6,30.9,9.7,30.1,0,0,0,0,36.7,1006.8,9.4,2.3,26.9,10
Delhi,Delhi,28-04-2021,312,185.42,36,363.022,34,48.9176,37,30.2078,32,41.5034,32,1.98441,34,89.2283,35,42,23.7,0,22.3,290.3,312.6,33.2,41.3,23.7,32.1,10.3,27.9,0,0,0,0,31.7,1007.6,13.9,2.6,26.9,9
Delhi,Delhi,29-04-2021,296,149.868,36,360.262,34,40.8346,37,23.5862,32,38.0519,32,1.58057,35,89.0746,35,41.9,25.3,0.766,18.4,299.8,307.6,33.5,41.8,25.3,32.3,10.1,26.8,100,4.17,0,0,37.1,1007.4,38.5,2.5,26.5,10
Delhi,Delhi,30-04-2021,287,114.347,35,333.267,34,40.2119,37,21.5044,32,37.305,32,1.38028,36,83.5009,35,39.3,24.7,0,18.4,320.7,300.4,33.3,40.4,24.7,32.4,12,28.9,0,0,0,0,40,1007.4,39.1,2.6,25.8,10
Delhi,Delhi,01-05-2021,238,72.4255,33,234.103,31,32.065,34,14.6137,30,37.1627,30,1.00469,32,89.7767,33,40.6,29.3,0,22.3,100.1,277.1,33.7,41,29,32.8,12.1,28.5,0,0,0,0,23.4,1007.2,72.1,2.4,23.9,9
Delhi,Delhi,02-05-2021,174,68.6509,34,208.381,32,34.036,35,14.1426,31,40.32,31,1.09,33,79.8152,33,38.8,26.7,0,18.4,225.4,241.4,32.2,38.8,27.2,31.3,12.1,30.4,0,0,0,0,41.4,1007.4,63.8,2.8,20.9,9
Delhi,Delhi,03-05-2021,245,88.8229,34,285.152,33,31.6203,35,15.6161,31,36.8697,31,1.32313,32,56.4182,34,38.7,26,0,18.4,263.6,281.5,32.5,38.4,26,31.6,11.8,30.2,0,0,0,0,29.2,1005.8,40.2,2.9,24.3,9
Delhi,Delhi,04-05-2021,173,65.7622,36,184.429,34,35.7386,36,13.8378,32,37.3116,32,1.16875,32,57.7426,35,40.4,26.4,0.03,16.6,242,281.5,33.1,40.4,26.4,32.5,12.7,31.7,100,4.17,0,0,34.6,1004.4,45,3.2,24.3,10
Delhi,Delhi,05-05-2021,175,66.6761,36,186.04,34,28.455,36,14.7334,32,40.9116,32,1.26629,35,72.7754,35,39.4,26.6,0,20.5,100.3,283.7,32.6,40,26.6,32.7,15.5,38,0,0,0,0,32.4,1005.3,50.5,3,24.6,9
Delhi,Delhi,06-05-2021,156,57.1469,36,150.857,34,25.8969,36,11.2628,32,47.8022,32,1.02618,34,69.7097,35,38.9,23.8,0.445,20.5,87.6,285.6,29.5,41.9,23.8,30.2,17.8,51.5,100,4.17,0,0,46.4,1007.3,53.9,3,24.4,9
Delhi,Delhi,07-05-2021,142,58.3718,34,123.309,33,31.9238,34,12.6977,31,47.469,31,1.18424,33,69.0641,34,35.2,23,0.299,11.2,23.9,291.8,28.7,36.1,23,29,17.1,51.8,100,4.17,0,0,34.9,1009.4,43.9,3.2,25.1,9
Delhi,Delhi,08-05-2021,173,70.6873,33,143.758,32,35.9845,33,12.5907,30,49.826,30,1.33364,33,79.2642,33,38.3,24.4,0,13,269.1,288.2,31.8,37.8,24.4,31.5,15.1,40.6,0,0,0,0,20.9,1007.9,33.2,3.6,24.8,9
Delhi,Delhi,09-05-2021,166,55.2047,34,126.534,33,28.9262,34,11.559,31,46.4945,31,0.959091,33,80.6603,34,39,26.2,0.299,18.4,117.4,283.3,31.3,40.6,26.2,31.7,16.5,42.4,100,4.17,0,0,27.4,1005.9,42.4,3.2,24.7,9
Delhi,Delhi,10-05-2021,136,52.2922,36,123.432,34,34.0103,36,10.6303,32,45.0459,32,1.32353,34,65.4163,35,36,26,0.68,20.5,91.8,307.1,30.6,36.2,26,30.7,15.6,41.4,100,8.33,0,0,38.2,1004.6,54.2,3.3,26.6,10
Delhi,Delhi,11-05-2021,151,55.5492,36,130.892,34,27.2778,36,11.2413,32,49.4881,32,1.06758,33,71.6494,34,39,25.7,0.766,22.6,150.5,294,32.1,40.1,25.7,32,15.6,40.4,100,4.17,0,0,40.3,1003.2,57,3.4,25.5,10
Delhi,Delhi,12-05-2021,115,41.3478,36,133.937,34,27.2536,36,10.7803,32,42.3981,32,0.941176,34,58.6454,35,37,24.8,0,27.7,357.6,286,31,36.5,24.8,30.9,15.1,39.8,0,0,0,0,40.7,1001.6,44.3,3.4,24.9,9
Delhi,Delhi,13-05-2021,121,37.4739,36,84.4459,34,25.6986,36,10.015,32,42.6466,32,1.02912,34,50.0732,34,33.9,22,0.554,21.8,86.5,278.3,28,35.5,22,28.4,17.7,54.9,100,8.33,0,0,40.3,1003.6,57.4,3.2,23.9,9
Delhi,Delhi,14-05-2021,132,45.2475,36,104.759,34,26.0422,36,9.94656,32,47.495,32,1.03758,33,67.5147,34,36.5,24.4,0,14.8,101.8,302.5,30.4,38.3,24.4,30.7,17.1,47.2,0,0,0,0,26.3,1003.5,31.4,3.6,26.2,10
Delhi,Delhi,15-05-2021,140,48.2937,35,169.608,33,32.8734,35,11.4139,31,42.2971,31,1.11594,32,64.1106,34,38.5,25.1,0,29.5,7.7,305.2,30.6,37.8,25.1,30.3,14.4,39.8,0,0,0,0,48.2,1004.9,42.4,3.2,26.4,9
Delhi,Delhi,16-05-2021,166,64.2906,35,145.366,33,37.0769,35,16.6958,31,40.8623,31,1.55,30,89.0603,33,40,24,0,11.2,19.7,322.1,32.7,39.2,24,31.9,12.5,32.1,0,0,0,0,25.2,1006.1,19,3.5,27.7,10
Delhi,Delhi,17-05-2021,191,81.4688,34,189.571,32,50.4803,34,14.8784,31,44.5347,30,1.52172,29,67.0612,34,37,26.1,0,14.8,201.7,171.6,32.8,37.5,26.1,32,12.4,31.2,0,0,0,0,28.4,1006.1,73.4,2.5,14.8,5
Delhi,Delhi,18-05-2021,93,24.8976,34,73.0234,32,29.0797,34,8.93452,31,43.0703,30,0.893235,34,28.5326,34,31,24.9,0.175,24.1,169.4,88.6,27.8,31.8,24.9,28.5,19.1,60.6,100,8.33,0,0,32.4,1006.5,91.6,3.1,7.7,5
Delhi,Delhi,19-05-2021,78,34.8409,34,58.3709,32,25.6168,34,8.41,30,47.921,30,0.881212,33,21.2135,34,25,21,62.39,22.3,44.6,41.7,22.4,25,21,22.4,21.5,94.6,100,20.83,0,0,32.4,1004.5,96.7,1.7,3.5,1
Delhi,Delhi,20-05-2021,58,40.5326,34,69.7878,32,25.5735,34,8.49387,31,52.5737,30,1.25063,32,34.4553,34,30.6,20,50.188,22.3,331.1,189.7,25.2,34.2,20,26.4,21.1,79.9,100,4.17,0,0,37.1,1002.3,62.6,2.5,16.3,9
Delhi,Delhi,21-05-2021,85,31.2906,34,60.9959,32,29.3303,34,8.27774,31,47.6013,30,1.20303,33,41.633,33,32.1,21,6.448,22.3,110.6,300.1,26.2,36.4,21,27,21.2,76.9,100,8.33,0,0,40.7,1005.2,39.7,3.1,25.9,9
Delhi,Delhi,22-05-2021,94,33.0068,34,69.1691,32,28.8829,34,8.58774,31,43.2797,29,1.22559,34,59.9326,34,34.5,19.8,16.448,37.1,359.1,283.4,28,39.7,19.8,28.5,17.9,58.5,100,8.33,0,0,55.4,1005.1,49.9,3.6,24.3,10
Delhi,Delhi,23-05-2021,237,148.761,34,367.929,31,28.12,33,8.85968,31,43.2662,29,0.862647,34,50.2756,32,32.9,24.2,0,22.3,279.8,311.1,27.7,34.6,24.2,28,18.1,58,0,0,0,0,33.5,1005.9,46.7,2.3,26.7,10
Delhi,Delhi,24-05-2021,169,57.7294,35,139.973,33,29.1814,36,9.64531,32,38.6916,32,0.874706,34,65.9347,34,36,22,0,27.7,293.4,328.1,29.5,35.6,22,29.2,15.3,45.7,0,0,0,0,45.4,1006,9.1,3.3,28.4,10
Delhi,Delhi,25-05-2021,140,45.1591,34,124.812,32,34.2106,36,9.93031,32,35.1475,32,1.15824,34,78.6074,35,39,25,0,20.5,302.1,333.7,32,37.7,25,31,12,33.1,0,0,0,0,37.8,1002.2,0,3.6,28.9,10
Delhi,Delhi,26-05-2021,149,56.8315,33,138.186,32,42.4331,35,11.9228,32,35.8397,32,1.59486,35,83.4756,34,39.2,24.3,0,20.5,308.8,330.2,32.8,37.6,24.3,31.5,10.1,28.4,0,0,0,0,25.2,1000.1,1.7,3.7,28.6,10
Delhi,Delhi,27-05-2021,150,53.6267,33,145.268,32,41.2951,35,10.4572,32,39.8684,32,1.25441,34,65.2732,34,40.3,24.7,0,18.4,288,329.5,32.8,39.6,24.7,32.4,13.4,35.5,0,0,0,0,20.2,1000.2,7.3,3.5,28.6,10
Delhi,Delhi,28-05-2021,106,31.9626,34,97.2006,32,27.6671,35,8.09094,32,42.9772,32,1.04647,34,47.5521,34,38,26.8,0,18.4,134.9,318.3,32.2,43,28.6,34.9,20.3,50.6,0,0,0,0,33.5,1001.9,14.2,4,27.5,10
Delhi,Delhi,29-05-2021,87,22.7321,34,90.3703,32,24.8657,35,8.23813,32,40.6341,32,0.731471,34,45.6366,35,37,28,0,23.9,136.4,312,32.2,40.8,30.1,34.5,20.1,50.1,0,0,0,0,37.1,1003.4,21.5,4.2,26.9,9
Delhi,Delhi,30-05-2021,101,27.6656,34,113.271,32,26.8009,35,7.96781,32,36.9978,32,0.841429,35,44.4394,35,36.8,27,0.045,28.8,133.6,310.8,30.9,43.2,28.1,32.9,19.3,51.4,100,4.17,0,0,40.7,1003.5,61.1,3.3,26.8,9
Delhi,Delhi,31-05-2021,135,44.6056,34,139.912,32,40.4971,35,9.85969,32,33.9922,32,1.20286,35,51.7251,35,38.6,26.2,0.045,9.9,180.9,307.8,32.8,41.9,26.2,34.1,18.2,43.7,100,4.17,0,0,27,1000.2,50.7,3.9,26.7,9
Delhi,Delhi,01-06-2021,115,37.0741,34,107.007,32,30.3803,35,7.82812,32,32.9372,32,1.14853,34,47.3503,35,32.8,20.8,14.299,27.7,8.3,248.2,26.9,36.1,20.8,28,20.1,68.7,100,8.33,0,0,55.4,1003.9,72.1,2.9,21.3,8
Delhi,Delhi,02-06-2021,143,54.5656,34,123.2,32,34.2566,35,10.2706,32,37.4575,32,1.21676,34,54.8017,35,36,23.7,0,18.4,239.3,283.6,30,37.4,23.7,30.8,19.3,58,0,0,0,0,30.6,1004.6,59.6,3,24.5,8
Delhi,Delhi,03-06-2021,159,74.1897,35,163.779,33,36.6937,35,11.6303,32,38.8044,32,1.31371,35,73.0706,35,38,26,0,13,11.5,285.1,31.8,42.8,26,34.3,20.2,52,0,0,0,0,35.3,1005.3,35.4,3.3,24.8,9
Delhi,Delhi,04-06-2021,196,74.8789,35,166.838,33,33.978,35,10.2884,32,42.4319,32,1.21424,33,67.3623,35,38.6,23,5.39,29.1,80.7,301.9,31,42.2,23,33.8,21.5,60.9,100,8.33,0,0,46.4,1005.3,68.9,3.2,26.3,9
Delhi,Delhi,05-06-2021,124,46.27,34,117.3,33,34.6634,35,9.885,32,43.2103,32,0.955758,33,63.1103,35,37.2,25,0.47,20.4,101.9,285.1,30.1,42.1,25,32,21.2,61.3,100,4.17,0,0,51.8,1003.7,55.1,3.2,24.7,9
Delhi,Delhi,06-06-2021,134,49.2324,34,155.66,33,37.7549,35,8.74,32,42.8203,32,1.27206,34,53.3411,35,37.4,25.6,0,11.2,260,292.1,31.6,41.7,25.6,34.6,21.6,58.3,0,0,0,0,24.8,1003.3,44.4,3.5,25.4,9
Delhi,Delhi,07-06-2021,180,71.0718,34,199.783,33,41.9834,35,11.24,32,42.6622,32,1.51676,34,61.5406,35,39.5,27.8,0,18.4,281.3,281.7,34,43.4,29.2,37.1,20.5,47.4,0,0,0,0,33.5,1001.1,26.1,3.4,24.5,9
Delhi,Delhi,08-06-2021,205,86.5354,35,373.459,34,35.9846,35,10.8694,32,41.4452,31,1.25121,33,31.3657,35,41.1,30,0,25.7,272.6,308.7,35.8,45.1,31.3,39.6,20.8,43.8,0,0,0,0,52.2,998.6,34.9,3.3,26.7,9
Delhi,Delhi,09-06-2021,305,67.6477,35,307.432,33,27.9432,34,9.56531,32,38.6323,31,1.27176,34,33.7962,34,41.5,31,0,18.3,257.5,291.9,36.8,47.3,33,41.3,21.1,40.8,0,0,0,0,34.2,997.2,29.3,3.1,25.4,9
Delhi,Delhi,10-06-2021,221,61.8953,36,202.155,34,24.8794,35,8.81719,32,42.0687,31,1.02514,35,35.2653,34,38.8,27.8,1.149,18.4,114.2,255.8,34.2,48.7,33,42.1,25,60,100,4.17,0,0,37.1,997.6,48,3,22.1,8
Delhi,Delhi,11-06-2021,145,49.0181,36,169.13,36,26.348,35,8.23687,32,43.4626,31,1.07257,35,48.9906,35,38,24,5.955,18.4,103.1,253.3,31.6,49,24,36.8,24,66.5,100,4.17,0,0,36.4,997.4,58,3.2,21.8,8
Delhi,Delhi,12-06-2021,133,36.31,36,101.037,36,25.1326,35,7.90531,32,47.1316,31,1.05,35,35.5517,35,35.3,25,0.639,27.7,110.2,261.4,31.2,43.6,25,37.5,24.4,67.7,100,4.17,0,0,46.4,999.1,52.5,3.4,22.7,8
Delhi,Delhi,13-06-2021,83,38.2889,37,92.867,37,28.3083,36,8.68437,32,42.1677,31,1.21833,36,38.1781,36,34.5,26,0.149,20.5,71.4,235.4,29.4,41.2,26,33.6,23.5,70.8,100,4.17,0,0,33.5,999.9,65.5,3.3,20.4,7
Delhi,Delhi,14-06-2021,124,40.8503,37,104.782,37,26.0911,36,8.79438,32,39.2855,31,1.00917,36,50.305,36,37.7,27.5,0,14.8,218,287.1,32.3,43.5,31.2,37.1,23,61.5,0,0,0,0,24.5,997.6,42.9,3.4,24.9,9
Delhi,Delhi,15-06-2021,113,35.5286,37,118.624,37,22.9708,36,8.89094,32,38.8303,31,0.910556,36,45.6403,36,37.9,28,0,23.3,146.8,270.9,31.9,44.7,31.2,36.6,23,60.5,0,0,0,0,29.2,994.7,62.4,3.3,23.2,9
Delhi,Delhi,16-06-2021,115,39.0765,37,91.4327,37,25.2475,36,8.58906,32,37.4071,31,1.10639,36,46.1758,36,32.7,27,0.015,14.8,67.5,225.3,29.8,39.4,29.2,34.6,23.7,70.1,100,4.17,0,0,32.4,997.8,65.6,3.4,19.5,8
Delhi,Delhi,17-06-2021,108,46.6505,37,102.301,37,26.1633,36,9.06469,32,41.4445,31,1.01056,36,40.2206,36,35.7,28,0,18.4,64,269.4,31.3,40.8,31.8,37.1,24.3,67.8,0,0,0,0,32.8,999.6,52.6,3.4,23.2,8
Delhi,Delhi,18-06-2021,81,29.1219,37,68.1857,37,21.0383,36,8.81594,32,40.8323,31,0.949722,36,35.7889,35,35.8,27,0,20.5,87.7,245.3,30.7,42.5,30.3,36.5,24.6,70.8,0,0,0,0,32,1000.5,49.6,2.9,21.3,8
Delhi,Delhi,19-06-2021,70,27.1169,36,64.3075,36,19.4266,35,9.75645,31,39.1617,30,0.880286,35,31.5529,35,34.5,27.2,0,18.4,43.3,228.6,30.3,42,30.5,35.4,24.1,70.3,0,0,0,0,34.9,1000.3,76.3,3.6,19.9,6
Delhi,Delhi,20-06-2021,62,24.76,36,51.9564,36,17.6429,35,8.21613,31,36.1797,30,0.874706,34,31.8121,33,34,26.8,0.34,15.7,53.2,214.1,29.4,40.7,30,34.7,24.9,77.8,100,4.17,0,0,31,1001,73.2,3.7,18.4,7
Delhi,Delhi,21-06-2021,84,40.4346,37,88.4141,37,24.2064,36,8.83375,32,38.4477,31,1.14639,36,41.96,35,37,27,0,13,47.9,276.3,32.1,43.2,30.9,38.1,24.5,66.8,0,0,0,0,31,1002,56.6,3.5,24,8
Delhi,Delhi,22-06-2021,127,52.31,37,153.113,37,31.4531,36,9.50281,32,41.6716,31,1.24143,35,61.4289,36,40,29.2,0,14.8,292.4,285,34.7,42.9,34.6,39.1,21.6,49.8,0,0,0,0,31,1001.2,48.4,3.3,24.8,9
Delhi,Delhi,23-06-2021,218,81.2467,36,260.385,36,34.5869,36,12.9284,31,47.8313,31,1.32314,35,63.3097,35,40.1,29.7,0,18.4,9.3,297.2,35.1,44.2,31.9,37.8,19.7,42.5,0,0,0,0,19.1,1001.5,43.1,3.5,25.7,9
Delhi,Delhi,24-06-2021,146,52.9836,36,141.664,36,25.0697,36,8.74194,31,46.3823,31,1.06371,35,43.3191,35,38,29.7,0,18.4,101.9,280.4,32.2,47.4,32.5,38.6,24,63.4,0,0,0,0,37.1,1001.5,61.3,2.9,24.5,9
Delhi,Delhi,25-06-2021,163,58.6161,36,182.231,36,27.8175,36,10.449,31,44.1671,31,1.08314,35,53.1706,35,39,27,0.896,27.7,273.8,292.3,32.3,43.4,29.6,35,20.7,53,100,4.17,0,0,55.4,1000.6,49.9,3.3,25.2,9
Delhi,Delhi,26-06-2021,135,45.2811,36,136.495,36,30.4325,36,9.98419,31,43.8787,31,1.71171,35,50.4289,35,38,27,4.253,22.1,279.2,274.7,31.4,42.6,30.1,35.1,22.2,60.3,100,8.33,0,0,27.4,1002.6,76.7,2.8,23.8,9
Delhi,Delhi,27-06-2021,168,74.1433,36,189.791,36,28.3564,36,9.71548,31,48.049,31,1.16543,35,59.6837,35,39,28.4,0,13,54.6,276.5,33.6,46.2,32,38.9,22.9,55.4,0,0,0,0,24.8,1004.8,47.3,3.1,23.9,8
Delhi,Delhi,28-06-2021,161,67.2081,36,165.403,36,30.2558,36,9.23839,31,46.2803,31,1.32088,34,58.8347,34,39.3,29.4,0,13,18.2,296.3,34.5,45.2,35.5,40.4,23.2,54.2,0,0,0,0,23.8,1003.5,35.2,3.3,25.5,9
Delhi,Delhi,29-06-2021,195,75.4911,36,215.903,36,37.1614,36,10.4184,31,46.7093,30,1.36441,34,64.0106,33,42,29.5,0,24.1,290.1,305.4,36.3,44.3,35.8,40.9,21.4,46.7,0,0,0,0,35.3,1000.2,13.2,3.4,26.4,9
Delhi,Delhi,30-06-2021,206,71.8008,36,333.744,36,30.1986,36,10.9155,31,45.7584,31,1.00229,35,35.1637,35,43,30.6,0,27.7,269.2,299.1,37.7,47.5,33.7,40.7,19.5,36.8,0,0,0,0,59.4,997.1,21.9,3.3,25.9,9
Delhi,Delhi,01-07-2021,266,52.8631,36,243.947,36,26.8139,36,9.87161,31,40.65,31,1.28912,34,33.7654,35,42.8,31.8,4.253,23.7,255.7,268.9,37.5,49.4,35.9,41.2,20.4,38.1,100,4.17,0,0,40.7,995.6,19.2,3.8,23,9
Delhi,Delhi,02-07-2021,245,59.1137,35,266.239,35,33.7929,35,10.2952,31,39.569,31,1.09469,32,29.2197,34,41,27,20.046,32.7,261.9,277.7,34,47,30.6,38,21.5,51,100,8.33,0,0,44.3,997.2,46.2,2.8,23.9,9
Delhi,Delhi,03-07-2021,139,39.5644,36,135.383,36,29.2422,36,8.22903,31,36.9981,31,1.10114,35,29.1926,34,38,28,0,22.3,268.6,264.1,31.6,49,30.8,36.5,23.2,61.9,0,0,0,0,37.1,1000.7,88.5,3.1,22.8,9
Delhi,Delhi,04-07-2021,140,57.9749,35,174.405,35,33.2217,35,10.9913,30,41.499,30,1.22912,34,58.3085,33,39,28,0,20.5,283.9,283.2,33,42.9,32.3,37.3,22.2,55.7,0,0,0,0,32.4,1002.2,50.8,3.2,24.5,9
Delhi,Delhi,05-07-2021,149,52.0063,35,167.512,35,29.6569,35,10.263,30,43.767,30,0.975882,34,49.7359,34,40,29,0,14.8,287,279.1,33.8,46.6,31.3,37.9,21.7,50,0,0,0,0,33.5,1002.6,54,3.5,24.1,8
Delhi,Delhi,06-07-2021,144,47.8131,35,176.829,35,29.0874,35,9.897,30,41.2997,30,1.12735,34,47.7915,34,40,30,0,14.8,278.5,249.7,34.8,46.7,33.3,40.2,22.8,51.1,0,0,0,0,29.2,1000.9,41.6,3.5,21.6,9
Delhi,Delhi,07-07-2021,178,52.0991,35,192.963,35,31.4769,35,9.66484,31,43.8343,30,1.09559,34,41.4518,34,42,31.1,0,18.4,270.9,279,36.4,47,36.8,41.8,22.3,46.2,0,0,0,0,38.5,999.4,30.8,3.8,24.2,9
Delhi,Delhi,08-07-2021,164,49.6359,37,216.662,37,25.2689,36,9.75281,32,39.0113,31,1.17333,36,37.2423,35,41,28.2,7.656,22.3,286.6,253,36.1,47,32.2,40.6,21.6,44.4,100,4.17,0,0,40.7,999.3,46.3,3.5,21.8,8
Delhi,Delhi,09-07-2021,144,46.3854,37,116.355,37,25.0242,36,9.65469,32,36.1023,31,1.19278,36,47.4892,36,38,29.2,0,22.3,98.3,262.1,33,48.6,31.9,39.1,23.7,58.7,0,0,0,0,36.4,1000.7,60.1,3.5,22.6,8
Delhi,Delhi,10-07-2021,97,33.6041,37,86.2319,37,22.9222,36,9.08281,32,37.9916,31,1.06417,36,41.2061,36,38.8,30,0,18.4,92.8,255.5,34.5,49.1,37.3,42.6,25,59.2,0,0,0,0,24.5,1000.2,40,3.4,22.1,8
Delhi,Delhi,11-07-2021,94,43.4246,37,102.628,37,17.7222,36,8.52625,32,36.3319,31,0.944722,36,36.5717,35,38.1,30,0,22.3,101.3,231.9,33.7,50.3,37.4,42.9,26,65.4,0,0,0,0,44.6,1001.6,58.3,3.4,20.2,8
Delhi,Delhi,12-07-2021,90,31.8111,37,78.4822,37,19.0894,36,8.86969,32,35.28,31,0.968056,36,29.5317,36,36.7,28.4,0,22.3,104.2,214.4,31.7,45.3,33.9,39.9,26,72.8,0,0,0,0,46.4,1003.6,83.1,2.7,18.6,7
Delhi,Delhi,13-07-2021,80,32.4717,36,68.0531,36,22.4646,35,8.5429,31,33.7773,30,1.05343,35,19.3047,30,31,25.3,49.864,15.5,89.8,146.6,29.2,42.4,25.3,36.9,26.9,87.4,100,12.5,0,0,33.5,1003.1,87.5,2.5,13,7
Delhi,Delhi,14-07-2021,83,35.1078,37,76.4945,38,25.2884,37,9.1775,32,37.2268,31,1.44057,35,23.3026,35,34.8,25.4,22.416,27.7,72.5,154.9,28.1,46,25.4,33,26.5,91.4,100,8.33,0,0,46.4,1002.8,87,3.1,13.4,6
Delhi,Delhi,15-07-2021,83,41.6108,36,84.3141,37,22.0117,36,8.21094,32,38.3435,31,1.11833,36,27.0978,36,35.2,25,0,16.6,59.9,223.5,30.5,48.7,25,37.7,26.1,79.1,0,0,0,0,32.8,1003,50.8,3.2,19.3,7
Delhi,Delhi,16-07-2021,90,43.3314,37,94.6016,37,24.7092,36,8.3175,32,39.8048,31,1.17639,36,34.6789,36,37.1,28.6,0,16.6,87.7,252.5,33.1,49.5,36,44.5,27.5,73.9,0,0,0,0,34.2,1004.1,45.1,3.2,21.8,8
Delhi,Delhi,17-07-2021,117,50.6886,37,109.304,37,24.9933,36,7.91969,32,40.4574,31,1.12722,36,46.1572,36,37.8,29,0,13,124.6,241.4,33.1,49.6,38.1,42.9,26.6,70.8,0,0,0,0,23.4,1002,59.7,3.4,20.9,8
Delhi,Delhi,18-07-2021,94,32.4408,37,78.8138,37,26.7772,36,7.16937,32,38.1674,31,1.01917,36,34.7067,36,36,27.9,7.596,18.4,176.1,154.8,30.6,50.1,33.8,40.3,27.5,84.4,100,12.5,0,0,42.1,999,87.7,3,13.5,6
Delhi,Delhi,19-07-2021,62,17.3436,36,35.8146,37,24.6767,36,6.59344,32,37.9632,31,1.188,35,19.6306,35,28,25,110.111,13,196.6,13.9,26.3,35.6,25,27.7,26.2,99.3,100,20.83,0,0,42.8,999,94.5,2,1.2,0
Delhi,Delhi,20-07-2021,81,34.7292,37,67.9761,36,27.2653,36,6.59438,32,39.6694,31,1.19861,36,31.5286,35,32,24.7,56.863,18.4,98.9,146,27.6,48.5,24.7,32.9,26.7,95.2,100,12.5,0,0,29.5,998.9,92,1.9,12.5,5
Delhi,Delhi,21-07-2021,74,39.0038,37,84.6733,36,29.9814,36,6.80875,32,43.1387,31,1.34114,35,31.2161,36,34,25,0,11.1,54,205.3,29.5,46.5,25,36.6,26.6,85.3,0,0,0,0,24.8,997.6,85.3,3.1,17.9,8
Delhi,Delhi,22-07-2021,83,26.5341,37,60.5975,36,20.0656,36,6.77258,31,46.4335,31,0.935429,35,29.8772,36,33.3,27,0,13,61.4,209.3,29.4,43.8,31.2,36.5,26.2,83.6,0,0,0,0,29.5,996.4,86.7,3.1,18.2,7
Delhi,Delhi,23-07-2021,68,33.5303,37,73.8106,36,23.2336,36,7.275,32,41.2565,31,1.22417,36,30.3733,36,34,27.4,0,14.8,119.8,160.9,30.5,47.3,32.3,39.7,27.1,82.3,0,0,0,0,29.2,997.9,84.2,3.7,13.9,7
Delhi,Delhi,24-07-2021,99,45.5246,37,102.002,37,27.9875,36,7.29063,32,41.211,31,1.28257,35,28.2222,36,35.6,28.3,0.17,13,117.2,240.9,31.5,52,35.1,42.6,27.8,81.7,100,4.17,0,0,30.2,999,77.6,3.1,21,8
Delhi,Delhi,25-07-2021,107,39.3249,37,87.167,37,24.6092,36,6.93406,32,47.4948,31,1.12971,35,29.2074,35,36.7,28,0,14.8,123.4,246.1,32.4,50.2,33.5,43,27.2,75.1,0,0,0,0,25.9,998.4,49.7,3.7,21.3,8
Delhi,Delhi,26-07-2021,86,49.0741,37,93.8989,37,25.6781,36,7.07344,32,47.8239,31,1.11278,36,31.3578,36,32.8,30,0,14.8,104.8,93,30.9,44.3,38.8,41.4,27.6,83,0,0,0,0,20.2,997.4,80.4,3.2,8,3
Delhi,Delhi,27-07-2021,98,37.1003,37,67.5592,37,24.8469,36,6.44594,32,46.4657,30,1.17343,35,16.3791,35,30,27,106.078,16.6,273.2,65,28.5,40.4,31.8,36.3,27.5,94.6,100,20.83,0,0,22.3,995.8,92.5,2.3,5.6,3
Delhi,Delhi,28-07-2021,61,20.6368,37,39.5851,37,22.5603,36,6.25161,31,47.8803,31,1.13,36,16.5506,35,27.8,26,9.136,14.8,255.6,54.3,26.7,34.3,26,29.7,26.2,96.8,100,16.67,0,0,26.3,997.1,97,2.3,4.7,3
Delhi,Delhi,29-07-2021,63,26.0016,37,60.6092,37,23.9169,36,6.83613,31,48.7219,31,1.28528,36,21.7392,36,32.2,26,148.012,16.6,251,89.4,28.3,46.5,26,34.7,26.9,92.5,100,8.33,0,0,17.6,997.8,89.4,3.1,7.6,5
Delhi,Delhi,30-07-2021,76,33.0573,37,59.6051,37,24.9869,36,6.37613,31,40.008,30,1.25306,36,25.2843,35,31.9,26,38.669,27.7,354.6,73.2,27.7,42.8,26,33,26.7,94.8,100,8.33,0,0,46.4,998.8,93.9,2.3,6.2,3
Delhi,Delhi,31-07-2021,57,26.4241,37,60.7319,37,19.9508,36,6.364,30,38.5748,31,1.39472,36,26.3738,34,34.2,26,0,14.8,100.6,175.9,29.8,47.3,26,38,27,85.4,0,0,0,0,34.9,999,88,3.7,15.1,6
Delhi,Delhi,01-08-2021,81,33.8882,38,78.3708,38,24.765,36,6.80258,31,39.249,31,1.49167,36,21.3253,36,31.7,24,39.656,14.8,123.6,209.7,28.5,46.5,24,35.5,27.1,92.5,100,12.5,0,0,23.8,998.5,80.6,3,18.1,7
Delhi,Delhi,02-08-2021,95,43.5005,38,85.1647,38,24.7843,37,7.66688,32,39.3926,31,1.79306,36,34.6583,35,32,27,2.688,18.4,7.6,150.2,28.8,44.2,31.2,36.5,27.2,91.5,100,8.33,0,0,37.1,998.9,81.4,2.4,12.9,7
Delhi,Delhi,03-08-2021,71,29.1768,38,68.9078,37,22.9776,37,7.55,32,39.2542,31,1.02541,37,23.2857,37,33.5,27,0.075,24.1,75.2,228,30,43.8,31.8,37.8,26.7,83.7,100,4.17,0,0,35.6,999.9,65.2,3.2,19.8,8
Delhi,Delhi,04-08-2021,69,26.7618,38,70.4846,37,24.7073,37,7.74844,32,39.6861,31,1.31351,37,27.1053,36,34,27.7,0,18.4,98.1,247.3,30.6,44.1,32.6,38.5,26.3,78.5,0,0,0,0,37.8,1000.7,57.5,3.9,21.4,8
Delhi,Delhi,05-08-2021,99,40.4229,38,95.8657,37,23.7011,37,8.21594,32,39.7648,31,1.14314,35,25.8124,37,34.8,27,0,18.4,72,217.6,30.7,46.5,31.2,39.4,26.8,80.5,0,0,0,0,20.5,1000.5,64.8,3.3,18.7,7
Delhi,Delhi,06-08-2021,104,46.9945,38,108.379,37,25.7257,37,9.03438,32,42.6332,31,1.13243,37,32.3322,37,35.7,28,0,9.4,62.5,245.2,31.2,45.6,33.5,39.9,26.7,78.2,0,0,0,0,22,1000.3,74,3.1,21.3,8
Delhi,Delhi,07-08-2021,101,44.5837,38,98.1987,38,28.363,37,8.87375,32,38.741,31,1.48622,37,23.5962,37,32.2,28,4.343,13,48.8,161.3,29.5,44.1,32.7,37.9,27.1,87.3,100,8.33,0,0,21.2,1002.1,86.6,3.1,13.9,6
Delhi,Delhi,08-08-2021,109,46.1929,38,85.3505,38,27.2157,37,8.54312,32,41.0477,31,1.37243,37,23.2081,36,32.3,26.8,12.208,16.6,261.6,184.9,28.2,44.1,30.8,34.4,26.7,91.8,100,4.17,0,0,33.5,1003.5,88.9,2.7,15.7,8
Delhi,Delhi,09-08-2021,101,50.9563,38,96.5505,37,27.4457,37,8.17031,32,44.9697,31,1.17649,37,31.6189,37,33.3,26,0,13,103.6,206.7,29,46.2,26,36.1,27,89.2,0,0,0,0,28.4,1003.7,83.4,2.5,17.8,6
Delhi,Delhi,10-08-2021,101,40.4376,38,135.839,37,27.5165,37,7.55781,32,43.381,31,1.25333,36,24.0122,36,35.6,26,0,22.3,246,266.5,31,48.7,26,38.6,26.1,76.8,0,0,0,0,34.9,1002,55,3.4,23.1,9
Delhi,Delhi,11-08-2021,122,33.9413,38,128.763,36,24.9581,37,7.715,32,38.2923,31,1.07378,37,21.2951,37,35.5,28,0,25.9,278.2,285.4,31.2,43.5,33.4,38.2,25.3,72.4,0,0,0,0,41.4,1002.2,35.7,4.1,24.7,9
Delhi,Delhi,12-08-2021,114,34.0019,37,131.796,38,25.5065,37,7.33656,32,33.3806,31,1.08111,36,25.9873,37,35.5,28.3,0,20.5,274.6,273.7,32,44.9,32.4,39.3,25.1,67.6,0,0,0,0,32.4,1003.4,38.9,4.1,23.6,9
Delhi,Delhi,13-08-2021,118,34.9613,38,129.238,37,24.1743,37,7.0625,32,30.982,30,1.10081,37,28.7043,37,35.8,28,0,18.4,275.9,260.3,32.1,48.7,32.7,39.7,25.2,67.8,0,0,0,0,37.1,1001.8,46.8,3.9,22.5,8
Delhi,Delhi,14-08-2021,116,32.9368,38,130.977,37,20.8438,37,7.31937,32,31.7897,31,1.00108,37,29.62,37,36.1,28,0,18.7,271.8,255.5,32,44.1,31.9,38.6,24.6,66,0,0,0,0,35.3,999.8,39,4,22.2,8
Delhi,Delhi,15-08-2021,114,33.2222,37,125.158,36,19.5889,36,7.201,30,29.3203,29,1.06771,35,30.0269,36,36.5,29,0,18.4,272.7,264.8,32.1,43.2,33.7,38.1,24.1,63.8,0,0,0,0,33.5,1001.1,37.1,4.1,23,9
Delhi,Delhi,16-08-2021,121,38.7853,38,142.331,38,21.7665,37,7.73781,32,28.5384,31,1.0727,37,31.1141,37,37,29,0,16.7,275.7,263.7,32.8,44.5,34.3,40.4,25.1,65.5,0,0,0,0,30.6,1004.3,28.6,3.9,22.8,9
Delhi,Delhi,17-08-2021,150,52.5832,38,172.021,38,23.8343,37,7.34344,32,32.3581,31,1.07297,37,32.1373,37,37.7,30,0,16.6,276.1,261.8,33.1,47.6,37.4,42.4,26.2,68.2,0,0,0,0,25.9,1004.1,37.3,3.7,22.6,8
Delhi,Delhi,18-08-2021,152,62.6842,38,171.915,37,28.6305,37,7.73094,32,37.7755,31,1.24892,37,44.1949,37,37.6,29,0,14.8,286.6,261.1,33,44.9,36.7,40.9,25.3,65.9,0,0,0,0,33.5,1002.2,44.7,3.6,22.6,8
Delhi,Delhi,19-08-2021,167,77.1147,38,186.452,37,31.2816,37,8.86313,32,38.6094,31,1.27622,37,45.2562,37,36,29.7,0,13,102.1,234.9,32.3,45.3,37.2,41,26.1,70.9,0,0,0,0,26.6,1001.2,60.9,3.2,20.3,8
Delhi,Delhi,20-08-2021,111,38.7368,38,79.3832,37,23.2243,37,7.46406,32,38.8435,31,1.06703,37,24.6038,37,31,26,9.253,18.4,96.1,92.3,27.8,42.4,26,32.6,26.3,91.6,100,8.33,0,0,33.5,1003.7,84.3,2.9,8,4
Delhi,Delhi,21-08-2021,69,25.9608,38,49.7719,37,20.9781,37,7.00438,32,34.0387,31,1.22353,34,25.7071,35,31,25,130.98,18.4,100.7,86.5,27.4,46.5,25,32.3,26.6,95.3,100,20.83,0,0,36.7,1005.3,96.7,2.6,7.4,4
Delhi,Delhi,22-08-2021,59,34.3668,37,63.4231,36,21.1953,36,6.546,30,32.6145,29,1.44,33,27.5503,32,34,26,0,14.8,117.4,156.4,29.4,47.3,26,37.2,27,87.3,0,0,0,0,28.1,1005.2,76.3,3,13.4,6
Delhi,Delhi,23-08-2021,82,37.0461,38,81.6495,38,25.157,37,6.63129,31,32.05,30,1.48343,35,34.8651,35,34.2,28,2.552,11.2,256.9,208.5,30.5,47.3,35.3,40.5,27.7,85.5,100,8.33,0,0,20.9,1002.8,70.1,3.3,18,7
Delhi,Delhi,24-08-2021,100,48.2668,38,109.343,38,25.3559,37,6.22063,32,32.7726,31,1.67649,37,24.8622,36,34,28.9,0,14.8,268.7,122.1,31.3,47.9,36.8,42.4,27.8,82.1,0,0,0,0,25.6,1001.5,72.4,3.3,10.3,6
Delhi,Delhi,25-08-2021,115,36.6226,38,129.422,37,23.0408,37,6.98625,32,39.8297,31,1.28083,36,22.6572,36,36,29,0,28.2,239.2,259.5,32.2,46.3,36.4,40.6,25.9,70.6,0,0,0,0,45,999.6,54,3.5,22.3,9
Delhi,Delhi,26-08-2021,114,35.0545,38,138.25,37,22.6203,37,6.70812,32,31.4784,31,1.32,36,25.1346,37,34.7,28,0,21.5,247.8,246.2,30.9,40.6,31.9,36,23.8,66.5,0,0,0,0,39.2,999,40.8,3.8,21.4,9
Delhi,Delhi,27-08-2021,134,45.7224,38,170.929,37,25.2384,37,6.79906,32,30.421,31,1.28892,37,28.0746,37,35.3,27.5,0,18.4,228.2,225.1,31.2,42,30.7,36.7,24,66.6,0,0,0,0,30.6,1001,42.3,3.9,19.2,8
Delhi,Delhi,28-08-2021,147,49.8426,38,146.33,37,26.2405,37,7.16312,32,31.2971,31,1.99622,37,35.0597,35,35,28,0,14.8,96,195.6,31,42.1,32.7,37.4,24.8,70.8,0,0,0,0,23,1001.8,63.5,3.6,16.9,7
Delhi,Delhi,29-08-2021,119,52.8665,37,125.888,36,21.165,36,6.85903,31,33.6157,30,0.959444,36,35.3763,35,34,27,0,14.8,112.7,194.2,30.1,44.1,31.2,38.1,26.6,82.7,0,0,0,0,22,1002.7,65.4,3.3,16.7,6
Delhi,Delhi,30-08-2021,81,25.6797,37,60.3733,36,16.7844,36,7.09355,31,33.6523,30,0.898333,36,29.9503,36,33,26,0,14.8,112.2,214,29.4,45.7,26,36.3,26.3,83.8,0,0,0,0,25.9,1005.8,62.1,3.5,18.4,8
Delhi,Delhi,31-08-2021,73,22.5555,38,49.0941,37,21.4541,37,7.47375,32,30.4142,31,1.23944,36,16.8078,37,28,24,78.026,14.8,103.3,178.7,26.7,35.6,24,30.2,26,96.1,100,8.33,0,0,36,1007.9,86.9,2.8,15.6,7
Delhi,Delhi,01-09-2021,64,25.1647,38,48.9897,37,20.5735,37,6.97156,32,29.7032,31,1.35919,37,16.7727,37,27,23,104.598,20.5,60.3,87,25.7,31.2,23,26.6,25.4,98.2,100,12.5,0,0,22,1007.4,94.9,2.6,7.4,4
Delhi,Delhi,02-09-2021,64,30.0847,38,59.6351,37,21.8157,37,7.38406,32,28.6635,31,1.70892,37,29.8608,37,32,24,39.76,13,96.8,193.3,27.7,46.2,24,32.9,26.2,92.4,100,4.17,0,0,23.4,1005.1,86.2,2.8,16.7,7
Delhi,Delhi,03-09-2021,70,27.1561,38,57.2192,36,22.5789,37,7.11219,32,28.2539,31,1.22838,37,34.2478,37,34,26,5.231,14.8,144.4,181.8,29.3,43.8,26,34.9,26.1,84.3,100,12.5,0,0,29.2,1003.5,82.9,3.3,15.7,7
Delhi,Delhi,04-09-2021,68,29.5974,38,70.4308,36,27.1565,37,7.62188,32,29.6377,31,1.90114,35,29.9732,37,32,26,0,14.8,156.4,144.2,28.1,44.1,26,32.9,26.2,89.7,0,0,0,0,33.5,1003.4,79.7,3.5,12.4,5
Delhi,Delhi,05-09-2021,88,42.0851,37,94.9063,35,32.067,37,7.24387,31,31.6487,31,1.87333,36,30.4414,35,33.6,26.7,0.448,11.4,185,191.4,30,44.2,30.1,38,26.6,82.8,100,4.17,0,0,18.7,1003.3,68.8,3.5,16.5,8
Delhi,Delhi,06-09-2021,122,53.5147,38,117.03,36,32.7481,37,7.6075,32,34.5013,31,1.75472,36,34.5994,36,35,28,5.104,10.8,103.5,220.1,31.1,50.4,34.4,41.8,27.8,83.2,100,4.17,0,0,18,1004.7,65.1,3.3,18.9,7
Delhi,Delhi,07-09-2021,98,41.9108,38,87.3014,36,24.3997,37,7.91781,32,32.0174,31,1.365,36,30.4078,37,33.2,27,4.403,16.6,95.2,154.3,29.8,44.3,30.6,38.5,27.3,86.8,100,4.17,0,0,30.6,1006,78.4,3.2,13.2,6
Delhi,Delhi,08-09-2021,70,24.283,37,64.8866,35,20.9067,36,8.36875,32,29.8919,31,1.17686,35,27.3783,36,32.4,27,0,18.4,89.9,184.9,29.4,42.3,31.8,36.2,26.3,84.3,0,0,0,0,43.6,1005.1,69.9,3.6,16.1,7
Delhi,Delhi,09-09-2021,75,31.9819,37,77.0257,35,21.5178,36,8.54562,32,29.2645,31,1.29639,36,27.8211,36,33.3,27.9,4.253,17.8,90.2,166.7,29.8,46.2,33.2,37.9,26.7,84.2,100,4.17,0,0,34.9,1003.9,72.9,3.3,14.3,8
Delhi,Delhi,10-09-2021,79,33.5118,38,70.8128,36,20.5462,37,8.19844,32,28.1374,31,1.11111,36,26.3927,37,32.6,25,11.135,20.5,85.6,168.9,28.3,46.2,25,34.4,26.6,91,100,12.5,0,0,40.7,1003.8,88.6,2.9,14.6,6
Delhi,Delhi,11-09-2021,61,20.8858,38,35.9667,36,22.1978,36,7.725,32,27.4363,30,1.20081,37,23.0636,36,26.2,24,127.15,18.4,87.2,75.5,25.1,26.2,24,25.1,24.7,98,100,20.83,0,0,38.2,1003.9,97.1,2.1,6.5,4
Delhi,Delhi,12-09-2021,60,28.8795,38,55.5736,36,20.9572,36,8.77813,32,24.0993,30,1.77833,36,32.5958,36,32.9,24,0.979,18.4,110.2,129.8,26.8,44.1,24,30.5,25.8,94.6,100,4.17,0,0,37.1,1002.3,91.1,2.9,11.1,6
Delhi,Delhi,13-09-2021,89,37.9882,38,78.0947,36,22.9638,37,8.36,32,24.1319,31,1.40028,36,30.0565,37,33,25,1.851,23.6,105,145.6,27.6,44.1,25,32.1,26.4,93.5,100,4.17,0,0,51.8,1002.5,83.7,2.6,12.6,6
Delhi,Delhi,14-09-2021,69,27.0766,38,76.4597,36,20.8524,37,8.86031,32,25.6239,31,1.34973,37,26.9464,36,34.7,24,0.747,20.3,50.2,207.7,28.8,47.9,24,34.6,25.9,85.6,100,8.33,0,0,39.6,1004.7,75.1,3.1,17.8,7
Delhi,Delhi,15-09-2021,70,20.6334,38,67.5453,36,22.12,37,8.02688,32,26.6148,31,1.63417,36,28.3051,37,34.6,25.8,0,18.4,120.1,203,29.7,47.2,25.8,36,25.9,80.6,0,0,0,0,31.7,1005.7,59.8,4.4,17.5,7
Delhi,Delhi,16-09-2021,79,24.5739,38,65.2492,36,24.2478,37,7.48187,32,26.251,31,1.42838,37,17.6519,37,29,24,12.104,11.2,135.1,168.1,26.2,38.2,24,28.3,25.1,93.7,100,8.33,0,0,26.3,1004.7,83.6,3.3,14.5,8
Delhi,Delhi,17-09-2021,62,24.3116,38,62.3503,36,20.9981,37,8.12,32,25.8968,31,1.25892,37,22.9011,37,31.4,24.7,0,16.6,67.2,132,27.7,40.6,24.7,31.4,24.6,83.6,0,0,0,0,44.3,1003.7,83.9,3.7,11.5,5
Delhi,Delhi,18-09-2021,69,31.8792,37,73.9597,36,21.0227,37,8.94937,32,25.0694,31,1.33865,37,27.9827,37,33.5,25,0,14.8,93.8,209.3,28.6,46.2,25,34,25.8,85.1,0,0,0,0,36.7,1005.5,62.7,3.4,18,7
Delhi,Delhi,19-09-2021,82,31.7305,37,78.5236,36,21.307,37,8.32812,32,30.2955,31,1.16162,37,27.5859,37,33.9,26,0,14.8,122.7,195.9,29.9,44.7,26,36.7,26,80.3,0,0,0,0,29.5,1007.2,45,3.8,16.6,7
Delhi,Delhi,20-09-2021,82,31.3081,37,80.5814,36,23.0918,38,8.70125,32,27.3497,32,1.35028,36,30.6816,37,34.7,27,0,14.8,127.3,207.3,30.1,44,31,37.4,26.2,80.9,0,0,0,0,25.6,1006.3,49.8,3.5,18,7
Delhi,Delhi,21-09-2021,83,31.3124,38,76.0128,36,23.1216,38,9.50094,32,27.1125,32,1.21081,37,28.5497,37,35.1,27,3.403,14.8,126.5,195,29.6,45.7,30.6,36.8,26.2,82.8,100,4.17,0,0,29.5,1005.2,60.9,3.8,16.7,7
Delhi,Delhi,22-09-2021,69,28.0521,38,64.5528,36,23.3121,38,7.82516,31,26.9969,32,1.07243,37,26.7576,37,31.2,25,0.119,15.5,106.7,117.2,27.5,37.9,25,31.4,25.6,89.4,100,4.17,0,0,33.5,1005,87.9,3.4,10.2,6
Delhi,Delhi,23-09-2021,68,26.0313,38,63.3146,37,19.7918,38,8.32906,32,26.4675,32,0.964054,37,27.4011,37,32.2,25,0.766,16.6,120,182.2,27.9,44.3,25,32.1,25.4,87,100,4.17,0,0,33.5,1006.5,78.5,3.4,15.7,7
Delhi,Delhi,24-09-2021,64,26.4542,38,62.6114,37,23.7787,38,9.03129,31,26.3044,32,1.33556,36,26.4497,37,34,25,3.403,14.8,81.5,168.3,28.2,43.5,25,32.6,25.4,85.4,100,4.17,0,0,39.2,1007.5,76.4,3.4,14.8,7
Delhi,Delhi,25-09-2021,80,35.3655,38,77.5741,37,21.7429,38,8.92938,32,24.3931,32,1.10833,36,35.1068,37,32.4,25.5,0,9.4,66.6,210.4,28.7,40.8,25.5,33.7,25.8,84.8,0,0,0,0,24.8,1006.3,70.6,3.2,18.2,8
Delhi,Delhi,26-09-2021,75,37.1524,38,77.1151,37,22.8963,38,9.64594,32,24.0856,32,1.2473,37,33.1638,37,32.8,25,0,14.8,73.7,175.7,28.1,42.3,25,32.9,25.9,88.6,0,0,0,0,32.4,1006.1,78.8,2.7,15.4,7
Delhi,Delhi,27-09-2021,108,54.2395,38,116.361,37,24.0966,38,10.16,32,25.2847,32,1.33528,36,48.0886,37,33.6,26,0,9.4,76.3,210.7,29.6,42.1,26,36,26.1,82.3,0,0,0,0,24.5,1006.5,61.1,2.9,18.2,7
Delhi,Delhi,28-09-2021,120,45.7542,38,108.446,37,23.8939,38,8.95375,32,25.73,32,1.30771,35,31.5962,37,34.1,26,0,16.6,88.3,206.8,30.3,44.5,26,37.6,26.2,79.9,0,0,0,0,34.9,1007.1,52.3,3.6,17.9,7
Delhi,Delhi,29-09-2021,81,31.7297,38,84.8532,37,20.9332,38,9.05594,32,26.9391,32,1.31135,37,30.0811,37,34.4,27,0,16.6,86.7,211.5,30.1,43.7,31.2,37.2,26,79.6,0,0,0,0,38.2,1008.5,56.8,3.9,18.2,8
Delhi,Delhi,30-09-2021,84,36.1563,38,88.1781,37,23.0692,38,7.9875,32,27.4688,32,1.38343,35,34.8828,36,34.3,26,0,11.2,119.5,202.9,29.7,43.8,26,36.4,25.9,80.6,0,0,0,0,22,1009.7,55.1,3.4,17.4,7
Delhi,Delhi,01-10-2021,108,50.9861,38,125.804,37,31.8582,38,9.62406,32,30.8745,31,1.86444,36,37.5817,36,33,27,1.701,11.8,223,198.6,29.6,42.3,30.1,36.5,25.9,81.1,100,4.17,0,0,37.1,1009.2,48.7,3,17.2,7
Delhi,Delhi,02-10-2021,125,55.3532,38,127.364,37,24.1329,38,8.17969,32,35.3462,32,1.45444,36,34.2989,37,34.9,27,0,14.8,291,193.6,30.3,43.5,31.5,37.6,26.2,80.5,0,0,0,0,24.8,1007.9,43.7,3.4,16.6,7
Delhi,Delhi,03-10-2021,105,37.5453,38,105.095,37,20.6474,38,8.105,32,31.7409,32,1.23189,37,27.1327,37,35.7,27,0.851,18.3,254.4,199.2,30.2,47.3,31.2,37.4,25.9,79,100,4.17,0,0,33.5,1005.9,52.6,3.7,17,7
Delhi,Delhi,04-10-2021,91,31.8424,38,100.688,37,22.4832,38,8.66906,32,30.4234,32,1.47861,36,28.1568,37,35.9,26.8,0,14.8,245.9,211.5,30.6,42.4,30.1,36,24.6,72.5,0,0,0,0,23.4,1005.7,61.2,3.9,18.2,8
Delhi,Delhi,05-10-2021,115,41.3121,38,117.138,37,28.8182,38,9.01688,32,30.6925,32,1.51667,36,52.3784,37,34.9,27,0.851,16.6,246.9,183.3,29.8,42.9,30.1,34.9,24.5,74.3,100,4.17,0,0,19.4,1008.2,73.1,3.6,15.9,7
Delhi,Delhi,06-10-2021,114,51.8655,38,124.677,37,25.5011,38,8.11469,32,32.7638,32,1.62429,35,36.4658,36,34.6,26,0,14.1,254.4,206.7,29.5,40.5,26,33.3,24.6,76.9,0,0,0,0,22,1008.6,51.5,3.5,17.8,7
Delhi,Delhi,07-10-2021,127,64.5045,38,153.94,37,29.3376,38,8.98469,32,35.23,32,1.38351,37,50.8532,37,33.7,25.3,0,16.6,281.9,222.9,28.8,38.2,25.3,31.9,23.4,74.7,0,0,0,0,24.5,1007.3,27.2,3.1,19.4,8
Delhi,Delhi,08-10-2021,167,71.2471,38,193.957,37,34.9774,38,9.08062,32,33.7203,32,1.66189,37,52.4778,37,34.9,24.6,0,18.4,274.7,224.5,28.9,37,24.6,30,21.2,67,0,0,0,0,23,1006.2,1.3,3.4,19.3,8
Delhi,Delhi,09-10-2021,171,66.9116,38,198.531,37,37.3787,38,9.04625,32,37.4947,32,1.72405,37,48.1241,37,35.6,23.8,0,14.8,266.9,227.7,29.2,36.5,23.8,29.8,19.7,61.2,0,0,0,0,20.2,1006.4,0.3,3.5,19.7,8
Delhi,Delhi,10-10-2021,168,64.1845,38,187.645,37,37.9663,38,9.07219,32,41.3794,32,2.03324,34,47.1154,37,35.7,23.9,0,14.8,266.4,224.9,29.2,37.3,23.9,29.9,19.6,60.4,0,0,0,0,16.9,1007,0.3,3.7,19.4,8
Delhi,Delhi,11-10-2021,166,66.5832,38,184.606,37,37.7242,38,9.15312,32,44.0628,32,1.85054,37,39.7554,37,36.5,23.8,0,11.2,295.2,226.4,29.5,38.4,23.8,30,19,57.8,0,0,0,0,19.1,1006.6,6.8,4.1,19.6,8
Delhi,Delhi,12-10-2021,179,70.1261,38,200.224,37,38.9816,38,8.75375,32,41.8534,32,1.91,36,46.0783,36,35.9,23.8,0,13,298.5,225.7,29,36.5,23.8,29.2,19,60.3,0,0,0,0,19.1,1006.9,0.7,3.5,19.5,8
Delhi,Delhi,13-10-2021,171,77.1995,38,210.493,37,37.0103,38,9.88531,32,34.0406,31,1.28,36,56.7206,36,33.5,22.7,0,18.4,307.4,230.3,28,32.6,22.7,27.8,15.9,51.7,0,0,0,0,29.2,1007.9,0,3.2,19.9,8
Delhi,Delhi,14-10-2021,182,74.8884,38,202.377,37,41.6779,38,10.1681,32,33.5763,32,1.50222,36,64.0746,37,33.5,20,0,20.5,290.1,227.8,26,32,20,25.7,14.6,55,0,0,0,0,37.1,1007.6,0,3.2,19.8,8
Delhi,Delhi,15-10-2021,198,89.9716,38,217.015,37,46.7997,38,10.3831,32,37.1119,32,2.10919,37,74.4524,37,33.8,20,0,10.5,249.2,223.2,26.3,34.5,20,26.4,16.8,59.2,0,0,0,0,20.2,1005.5,0,3.2,19.2,8
Delhi,Delhi,16-10-2021,284,156.378,36,306.551,37,58.7165,37,11.6991,32,46.5952,31,2.30139,36,61.3981,37,33.4,21.3,0,7.6,302.5,216.8,27.3,37.7,21.3,28.1,19.7,66.1,0,0,0,0,17.6,1005.7,9.4,2.3,18.7,8
Delhi,Delhi,17-10-2021,298,116.8,38,196.861,37,38.7297,37,8.09812,32,47.1474,31,1.75703,37,24.5291,35,30,22,44.491,27.7,65.1,149.3,25,36.2,22,25.9,22.6,87.2,100,16.67,0,0,46.4,1007.5,86.9,2.2,13,5
Delhi,Delhi,18-10-2021,46,18.7816,37,38.7481,36,22.5516,37,6.71903,31,34.7139,31,1.23833,36,21.6974,35,23.3,20,41.652,14.8,17.1,34,21.9,23.3,20,21.9,21,94.9,100,16.67,0,0,26.6,1006.6,88,2.9,2.9,2
Delhi,Delhi,19-10-2021,69,53.1454,37,106.259,35,29.3881,37,7.86774,31,33.3758,31,1.56629,35,37.5342,36,30.6,20.9,0,20.5,280.6,201.9,24.7,33,20.9,25.6,21.3,82.4,0,0,0,0,33.5,1007.8,37.4,3.3,17.4,7
Delhi,Delhi,20-10-2021,221,98.0561,38,215.193,37,41.0103,38,9.3075,32,33.9669,32,2.27054,37,53.5876,37,31,21,0,16.6,267.4,215.3,25.2,32.2,21,25.4,19.4,73.2,0,0,0,0,27.7,1010.9,6.9,3,18.5,8
Delhi,Delhi,21-10-2021,199,72.5166,38,231.335,37,43.2545,38,8.81656,32,30.8044,32,1.81811,37,46.687,37,32,17.9,0,18.3,281.2,220.2,24.8,30.7,17.9,24.6,14.2,55.7,0,0,0,0,33.5,1010.6,1.3,3.6,19,8
Delhi,Delhi,22-10-2021,170,56.4611,38,182.69,37,40.7563,38,9.21,32,32.4803,32,2.4475,36,43.1319,37,32,18.9,0,18.4,245.6,215,25.3,33.2,18.9,25.7,16.8,60.6,0,0,0,0,33.1,1010.7,0,3.8,18.5,8
Delhi,Delhi,23-10-2021,173,64.8534,38,173.231,37,43.3418,38,8.67469,32,37.4634,32,1.982,35,43.3368,37,31.7,19.8,0,13,119.8,208.8,25.1,32.7,19.8,25.2,17.7,66.8,0,0,0,0,20.9,1012.4,25,3.5,18.1,8
Delhi,Delhi,24-10-2021,160,66.213,37,142.024,37,33.2039,38,7.63281,32,34.5091,32,1.19333,36,51.2108,37,30.5,19,23.714,18.4,88.2,161.3,23.8,31.8,19,24,18.2,73.5,100,8.33,0,0,28.8,1013.9,77,3.1,13.9,7
Delhi,Delhi,25-10-2021,82,42.4541,37,99.8716,37,33.4537,38,7.74281,32,29.7413,31,1.55771,35,52.53,36,28,17.4,0,18.4,305.5,188.3,22.3,28.6,17.4,22.4,18,78.7,0,0,0,0,22.7,1014.7,24.5,3.2,16.2,7
Delhi,Delhi,26-10-2021,139,69.9115,39,167.417,38,38.5176,38,7.76656,32,29.7913,32,2.02167,36,55.4281,36,27.2,17.6,0,18.4,278,208.5,22.2,27.6,17.6,22.3,16.2,71.7,0,0,0,0,26.6,1014,0,2.8,18.1,8
Delhi,Delhi,27-10-2021,232,106.248,39,248.156,38,50.6542,38,9.34969,32,33.7713,32,1.68649,37,59.7708,36,28,16.3,0,14.8,260.9,207,22,27.8,16.3,22,15.3,68.7,0,0,0,0,26.3,1015.6,0,2.5,18,7
Delhi,Delhi,28-10-2021,268,120.901,39,268.492,38,50.9579,38,8.90938,32,37.1684,32,2.36816,38,63.8716,37,27.9,16.4,0,13,267.6,206.8,21.9,27.5,16.4,21.9,14.6,67.3,0,0,0,0,24.5,1015.7,0,2.9,18,8
Delhi,Delhi,29-10-2021,283,126.139,39,280.447,38,57.6274,38,10.0166,32,39.7225,32,2.385,38,62.0314,37,29,16.5,0,9.4,318.5,206,22.5,29.1,16.5,22.5,15.7,68,0,0,0,0,19.1,1017,0,2.5,18,7
Delhi,Delhi,30-10-2021,268,108.166,39,253.246,37,57.6413,38,9.49437,32,37.8987,32,1.77444,36,57.4149,37,29.3,16.8,0,16.6,287.2,207.1,22.3,28.5,16.8,22.3,14.5,64.3,0,0,0,0,32.8,1016.5,0,2.6,18,8
Delhi,Delhi,31-10-2021,289,128.611,39,300.607,37,55.2637,38,10.6875,32,38.2855,31,2.50432,37,66.0686,36,29,17.7,0,12.7,260,203.8,22.5,28.7,17.7,22.5,15.1,64.8,0,0,0,0,26.6,1014.4,1.3,2.8,17.7,7
Delhi,Delhi,01-11-2021,281,139.232,39,304.628,38,69.0926,38,10.5806,32,44.8287,32,2.55757,37,61.5044,36,30.2,15.6,0,11.2,114.8,201.4,22.1,29.1,15.6,21.9,13.1,60.9,0,0,0,0,19.4,1013.8,0,2.9,17.3,7
Delhi,Delhi,02-11-2021,303,134.678,39,277.601,38,62.5555,38,9.80344,32,41.9144,32,2.13342,38,62.1154,37,29.2,16.2,0,14.8,124.9,195.6,22.5,29,16.2,22.4,14.3,62.8,0,0,0,0,28.8,1015.1,6.3,2.7,16.9,7
Delhi,Delhi,03-11-2021,314,163.233,39,314.531,38,66.3947,38,9.47187,32,44.8631,32,3.07158,38,63.4614,37,30,17.6,0,9.4,110.1,192.5,22.4,30,17.6,22.5,16.2,70.1,0,0,0,0,21.2,1014.9,40.9,2.2,16.7,7
Delhi,Delhi,04-11-2021,382,317.226,39,459.618,38,56.5866,38,10.5281,32,50.7784,32,2.45486,37,55.003,37,27,16.8,0,9.4,274.2,184,21,27.8,16.8,21,17,79.1,0,0,0,0,16.2,1014.2,2.1,1.4,15.9,7
Delhi,Delhi,05-11-2021,462,402.809,39,531.128,38,50.7647,38,13.8622,32,50.9966,32,2.71658,38,39.3147,36,25.8,16.8,0,9.4,263.7,189.2,20.6,25.8,16.8,20.6,16.6,80.3,0,0,0,0,18.4,1014,27.8,0.9,16.4,7
Delhi,Delhi,06-11-2021,437,318.989,39,455.284,38,55.6237,38,10.4653,32,45.1541,32,2.27316,38,53.1808,37,27.4,16.3,0,11.6,280.5,194.7,20.9,27.7,16.3,20.9,15.2,71.7,0,0,0,0,33.1,1012.6,9.3,1.1,17,7
Delhi,Delhi,07-11-2021,428,259.526,39,396.675,38,56.5629,38,10.8378,32,43.4597,32,2.295,38,59.5632,37,28.5,16.2,0,11.2,284.7,194.2,21,27.9,16.2,20.9,14.6,70.4,0,0,0,0,28.4,1012.2,1,1.3,16.8,7
Delhi,Delhi,08-11-2021,390,252.44,39,394.975,38,62.5679,38,11.1197,32,46.8291,32,2.22973,37,60.4454,37,28,15.3,0,12.3,306.3,194.2,21,27.6,15.3,20.9,12.8,62.7,0,0,0,0,27.4,1014.1,2.3,1.5,16.9,7
Delhi,Delhi,09-11-2021,404,264.846,38,423.606,38,63.7729,38,13.2941,32,46.6268,31,2.8325,36,58.4878,36,28,15.4,0,13,305.2,192.3,21.4,27.4,15.4,21.3,12.2,59.1,0,0,0,0,25.6,1014.8,13.1,1.4,16.7,7
Delhi,Delhi,10-11-2021,372,234.408,39,399.125,38,69.6842,38,12.8513,32,47.3394,32,3.18632,38,61.6138,37,29,15.4,0,10.6,278.2,191.9,21.5,29.9,15.4,21.5,13.5,63.3,0,0,0,0,22.7,1014.1,7.9,1.5,16.7,7
Delhi,Delhi,11-11-2021,411,316.133,39,505.111,38,79.8631,36,11.511,31,56.3917,30,3.52472,36,19.5974,35,24.9,14.8,0,9.4,281.8,190.4,19.4,24.9,14.8,19.4,13.6,71.5,0,0,0,0,16.9,1013.9,8.6,1.3,16.2,7
Delhi,Delhi,12-11-2021,471,382.527,38,583.358,37,74.4521,38,11.3313,32,58.2906,32,3.39395,38,40.5997,36,26.5,14.4,0,9.4,289.7,189.3,19.7,26.5,14.4,19.7,14.8,75.3,0,0,0,0,21.2,1014.2,1.3,0.9,16.2,7
Delhi,Delhi,13-11-2021,437,260.422,38,435.722,37,65.8126,38,10.8506,32,48.2191,32,2.83,37,51.6544,36,27,13.4,0,9.4,300.2,188.9,19.7,26.6,13.4,19.6,11.1,63.7,0,0,0,0,23,1014.1,0,1.3,16.2,7
Delhi,Delhi,14-11-2021,330,182.887,38,332.746,37,62.4482,38,12.5181,32,43.6547,32,2.97421,38,55.5528,36,26.8,12.8,0,9.4,281.4,189.1,19.3,26.2,12.8,19.3,9.1,56.6,0,0,0,0,16.6,1013.2,0,1.8,16.1,7
Delhi,Delhi,15-11-2021,353,207.319,39,358.132,38,68.1692,38,11.1259,32,43.6281,32,2.64579,38,48.0759,37,25.8,12.7,0,7.7,276,186.8,18.9,25.8,12.7,18.9,10.2,61,0,0,0,0,21.2,1012.5,0,1.6,16.1,7
Delhi,Delhi,16-11-2021,403,251.313,39,401.117,38,60.4129,38,12.0288,32,41.7884,32,2.83763,38,56.503,37,26.3,11.8,0,11.2,282.6,187.1,18.6,26.3,11.8,18.6,10.4,63.1,0,0,0,0,19.4,1013.4,0,1.5,16.1,7
Delhi,Delhi,17-11-2021,375,212.371,39,357.14,38,62.7605,38,11.0713,32,43.5553,32,3.28553,38,57.7711,37,26.2,11.8,0,9.4,63.7,184.4,18.1,26.2,11.8,18.1,10.2,63.3,0,0,0,0,17.3,1015.6,9.5,1.4,16,7
Delhi,Delhi,18-11-2021,347,214.093,39,359.924,38,73.5871,38,12.5269,32,48.7238,32,3.28053,38,58.4346,37,25.6,12.4,0,7.6,332.9,181.9,19.3,25.6,12.4,19.3,12.3,67.5,0,0,0,0,16.6,1014.2,33.4,1.7,15.6,7
Delhi,Delhi,19-11-2021,380,230.651,39,370.186,38,71.6608,38,15.1053,32,46.4103,32,3.06703,37,60.2636,36,25.2,13,0,11.2,277.3,177.1,19.2,25.2,13,19.2,12.4,68.9,0,0,0,0,16.9,1011.9,42.9,1.6,15.3,7
Delhi,Delhi,20-11-2021,374,222.001,39,360.985,38,69.1068,38,13.8003,32,43.9156,32,3.15541,37,56.4469,35,25.8,15.6,0,9.4,290.9,136.7,19.8,25.8,15.6,19.8,11.4,63.3,0,0,0,0,18,1012.4,44.3,1.7,11.6,6
Delhi,Delhi,21-11-2021,349,186.803,39,303.862,38,57.4405,38,10.6878,32,42.1522,32,2.20556,36,61.0446,37,26.8,13.5,0,14.4,301.9,180.8,19.3,26.5,13.5,19.3,10.8,60.3,0,0,0,0,25.9,1013.8,1.3,1.6,15.6,7
Delhi,Delhi,22-11-2021,311,139.065,39,268.266,38,46.3545,38,11.2294,32,35.7081,32,1.46579,38,59.5243,37,26.9,12.8,0,24.1,283.8,183.7,18.9,26.3,12.8,18.9,11.5,64.9,0,0,0,0,37.4,1013.5,0,1.9,16.1,7
Delhi,Delhi,23-11-2021,290,152.33,39,286.421,38,54.6476,37,12.275,32,36.6219,31,3.23676,37,62.2389,37,25.4,12.7,0,13,281.1,180,18,25.4,12.7,18,8,53.8,0,0,0,0,28.8,1012.4,0,2.4,15.6,7
Delhi,Delhi,24-11-2021,361,231.638,39,398.897,38,84.2189,38,13.3488,32,45.8716,32,3.4573,37,53.1705,37,27.5,11.3,0,9.4,93.4,176.5,18.2,27.2,11.3,18.2,10.8,65.7,0,0,0,0,17.3,1013.7,0,2.2,15.4,7
Delhi,Delhi,25-11-2021,400,258.936,39,425.668,38,71.2403,38,11.8316,32,49.2188,32,3.49079,38,63.1481,37,26.6,12.1,0,7.6,75.6,171.6,18.9,26.6,12.1,18.9,12.2,69.2,0,0,0,0,18.4,1014.9,0,1.8,15,7
Delhi,Delhi,26-11-2021,406,272.015,38,451.405,37,80.4863,38,14.29,32,51.7278,32,3.50694,36,62.3097,37,26.6,12.8,0,7.6,36.4,171,19,26.6,12.8,19,13,71.2,0,0,0,0,18,1015,0.8,1.5,14.8,7
Delhi,Delhi,27-11-2021,402,251.811,37,412.751,37,69.3118,38,11.9588,32,53.8106,32,3.766,35,58.0103,37,26,12.1,0,11.2,96.4,168.1,17.7,26,12.1,17.7,13.3,77.4,0,0,0,0,23.8,1015.7,0.5,1.6,14.5,6
Delhi,Delhi,28-11-2021,405,272.754,37,431.58,36,57.2451,37,12.1516,31,52.3587,31,3.35242,33,58.5329,34,26,12.2,0,9.4,97,164.3,18.6,26,12.2,18.6,15,81.3,0,0,0,0,19.4,1017.5,5.5,1.4,14.2,6
Delhi,Delhi,29-11-2021,389,214.788,37,352.452,36,58.8546,37,11.6006,31,47.3152,31,3.07171,35,44.3425,36,25,12.3,0,13,276.6,171.7,18.2,25,12.3,18.2,12.4,73.8,0,0,0,0,29.2,1018,2.9,1.6,15,7
Delhi,Delhi,30-11-2021,328,174.969,39,312.857,38,53.4611,38,10.5409,32,42.2194,32,2.67784,37,51.0068,37,24.9,11.9,0,11.2,265.1,164.5,17.8,24.9,11.9,17.8,11.7,70.1,0,0,0,0,27.7,1017.1,29.2,1.7,14.2,6
Delhi,Delhi,01-12-2021,370,251.166,39,419.143,38,75.4853,38,10.3063,32,47.6516,32,2.32838,37,22.0089,37,22.3,13.5,0,7.6,265,91,17.7,22.3,13.5,17.7,13,75.6,0,0,0,0,17.6,1017.5,50.6,1.8,7.9,3
Delhi,Delhi,02-12-2021,429,263.131,39,387.677,38,55.0363,38,9.07875,32,51.8219,32,1.83139,36,15.7797,37,19.3,14.2,1,13,244,45,16.6,19.3,14.2,16.6,14.7,89.3,100,4.17,0,0,23.8,1017.5,76.8,1.2,3.8,2
Delhi,Delhi,03-12-2021,346,201.518,39,312.618,38,51.3645,38,9.04774,31,46.0497,32,2.75378,37,28.6462,37,22,14,0,11.2,271.3,94.7,17.2,22,14,17.2,15,87.3,0,0,0,0,18.7,1017.8,66.7,1.3,8.2,4
Delhi,Delhi,04-12-2021,362,170.489,39,290.465,38,50.6053,38,10.3947,32,44.0945,31,2.81757,37,42.1342,36,25.1,12.8,0,11.2,250.5,162,18.5,25.1,12.8,18.5,13.4,75.1,0,0,0,0,21.6,1016.3,10.6,2,13.9,6
Delhi,Delhi,05-12-2021,305,182.301,38,305.473,37,60.4181,37,12.5535,31,46.2784,31,3.06324,37,46.2214,35,24.5,13.7,0.17,9.4,119.6,142.5,18.8,24.5,13.7,18.8,14.4,77.6,100,4.17,0,0,17.6,1016.5,35.7,2.4,12.2,6
Delhi,Delhi,06-12-2021,322,143.015,39,239.442,39,46.8532,38,10.9569,32,45.81,32,1.89342,38,35.2422,37,24.3,15.4,0,14.8,297.9,144.6,19.3,24.3,15.4,19.3,15.5,79.6,0,0,0,0,28.1,1016.7,40.1,2,12.5,6
Delhi,Delhi,07-12-2021,255,109.595,39,197.885,39,43.2808,37,9.855,32,43.1245,31,1.795,38,34.3265,37,24.2,12.8,0,16.6,271.8,166.2,17.5,24.2,12.8,17.5,12.5,76.7,0,0,0,0,28.8,1017.8,0,2.1,14.3,6
Delhi,Delhi,08-12-2021,237,115.659,39,211.043,39,48.1638,37,11.9203,31,41.8023,31,2.39105,38,42.4824,37,23.2,11.8,0,13,271.7,166.4,16.4,23.2,11.8,16.4,10.9,73,0,0,0,0,25.2,1017.7,0.1,2.5,14.3,6
Delhi,Delhi,09-12-2021,289,157.761,39,275.454,39,58.7968,37,10.6434,32,44.2545,31,2.36763,38,38.0327,37,22.9,10.3,0,11.2,273.3,164.5,16.3,22.9,10.3,16.3,11.7,76.5,0,0,0,0,15.5,1020.1,3.8,2.3,14.2,6
Delhi,Delhi,10-12-2021,314,149.355,39,252.788,39,56.0522,37,10.0616,32,44.5819,31,1.83892,37,40.4086,37,22.9,11.4,0,18.4,272.9,164.2,16.3,22.9,11.4,16.3,11,73.7,0,0,0,0,24.8,1020.2,0.1,2.1,14.2,6
Delhi,Delhi,11-12-2021,281,122.142,38,217.077,38,53.7249,35,10.4932,31,39.929,29,2.38135,37,46.1706,36,22.7,10.4,0,13,271.8,166.9,15.5,22.7,10.4,15.5,8.3,66.6,0,0,0,0,25.6,1019.2,3.2,2.5,14.2,6
Delhi,Delhi,12-12-2021,254,143.368,38,246.982,38,63.0822,36,10.4397,32,43.8,30,3.00278,36,42.596,35,22.6,8.6,0,9.4,279.1,161.2,15.3,22.6,8.6,15.2,8.4,67.1,0,0,0,0,13,1019.6,30,2.3,13.9,6
Delhi,Delhi,13-12-2021,331,207.234,39,334.727,39,64.8247,36,11.7744,32,49.3227,30,3.39889,36,39.2038,37,21.5,8.6,0,9.4,140.3,129.8,14.9,21.5,8.6,14.9,9,71.7,0,0,0,0,17.6,1018.3,40.8,2.1,11.2,5
Delhi,Delhi,14-12-2021,367,226.688,39,361.308,39,64.6128,36,11.8941,32,50.633,30,3.08838,37,45.8278,37,21.9,9.7,0,9.4,110,156.5,15.1,21.9,9.7,15.1,10.5,77.4,0,0,0,0,16.9,1017.6,8.2,1.6,13.5,6
Delhi,Delhi,15-12-2021,363,189.841,39,300.234,38,57.9578,36,11.0697,32,48.823,30,2.52361,36,46.1135,37,21.5,10.1,0,16.6,320.7,166,15.2,21.5,10.1,15.2,10.2,75.3,0,0,0,0,25.9,1018.1,3.9,1.5,14.3,6
Delhi,Delhi,16-12-2021,368,217.912,39,339.064,38,63.2028,36,11.4469,32,51.4517,30,1.9375,36,38.4651,37,19.7,10.4,0,13,341.3,118.9,14.6,19.7,10.4,14.6,9,71,0,0,0,0,22.3,1018.9,42.2,1.7,10.3,5
Delhi,Delhi,17-12-2021,329,150.865,39,246.18,38,46.0256,36,12.2097,31,44.529,30,1.32553,38,47.4216,37,19.7,9.9,0,16.6,292.6,169.3,13.7,19.7,8.7,13.5,7.9,70.4,0,0,0,0,36,1020.5,27.3,1.8,14.6,7
Delhi,Delhi,18-12-2021,291,138.922,39,229.376,38,44.0128,36,7.87188,32,43.0817,30,1.25378,37,35.8478,37,17,7,0,27.7,261.4,166.7,11.1,17,4.3,10.1,6.1,75.1,0,0,0,0,46.4,1020.4,0.4,1.5,14.4,6
Delhi,Delhi,19-12-2021,271,144.144,39,239.534,38,50.4056,36,9.17812,32,41.0433,30,1.81622,37,48.7278,36,18.2,5,0,16.6,265.1,168.7,11.1,18.2,3.3,10.4,4.7,67.6,0,0,0,0,32.8,1020,2,1.9,14.5,6
Delhi,Delhi,20-12-2021,332,192.664,39,305.939,38,62.5281,36,11.4894,32,47.6377,30,3.31541,37,47.1995,37,19.7,4.9,0,11.2,265.5,166.5,12,19.7,4.9,11.6,4.5,64.9,0,0,0,0,27,1019,11.2,2.1,14.4,6
Delhi,Delhi,21-12-2021,402,291.475,39,441.81,38,77.3983,36,13.6841,32,56.927,30,3.76324,37,40.7841,37,21.7,6.1,0,9.4,282,163.1,13.3,21.7,6.1,13.2,5.4,65.3,0,0,0,0,18.4,1017.3,4.9,1.8,14.1,6
Delhi,Delhi,22-12-2021,407,304.734,39,462.012,38,79.9253,36,12.9969,32,64.5057,30,3.07711,38,37.6962,37,22.8,7,0,16.6,186.6,161.9,14.2,22.8,7,13.9,6.4,65.4,0,0,0,0,16.9,1015.2,16,1.7,13.8,6
Delhi,Delhi,23-12-2021,423,349.921,39,527.906,38,79.3086,36,13.3572,32,72.4943,30,3.95421,38,41.6984,37,22,8.1,0,13,103.8,148.6,14.6,22,6.8,14.5,8.5,70.3,0,0,0,0,19.8,1014.3,25.9,1.6,12.9,6
Delhi,Delhi,24-12-2021,415,290.584,39,440.914,38,66.1908,36,10.2863,32,70.4163,30,2.91158,38,38.1628,36,22.3,8.8,0,11.2,104.4,156.7,15.2,22.3,8.8,15.2,10.6,76.6,0,0,0,0,20.9,1014,18.2,1.3,13.6,6
Delhi,Delhi,25-12-2021,431,363.561,39,521.224,38,72.1461,36,11.7063,32,79.1597,30,3.39946,37,43.3135,37,23,9,0,7.6,86.4,158.9,15.5,23,9,15.5,11.5,80,0,0,0,0,14.4,1016,15.8,1,13.7,6
Delhi,Delhi,26-12-2021,459,368.13,38,512.157,37,63.6039,36,10.2381,31,80.3666,29,3.62806,36,24.6889,36,20.7,11.5,1.299,11.2,94.7,70.5,15.7,20.7,11.5,15.7,13.7,88,100,8.33,0,0,17.3,1018,74.5,0.9,6.1,3
Delhi,Delhi,27-12-2021,283,118.622,39,189.731,38,46.315,36,9.92219,32,58.6297,30,2.41514,37,34.6495,37,21.7,11.6,0,9.4,46.5,150.6,15.4,21.7,11.6,15.4,11.7,80.5,0,0,0,0,20.2,1019.4,46.1,1.4,13,6
Delhi,Delhi,28-12-2021,305,149.187,39,230.748,39,55.7114,36,9.64406,32,61.2743,30,1.81806,36,12.6678,37,17,10.9,1.85,7.6,164.3,100.9,14.2,17,10.9,14.2,12.3,88.7,100,8.33,0,0,14.4,1018.5,80.5,1.4,8.7,5
Delhi,Delhi,29-12-2021,267,137.863,39,232.532,39,46.9783,36,9.08969,32,57.4467,30,2.1125,36,25.4422,36,20.4,10.2,0,14.8,271.2,152.1,14,20.4,10.2,14,10.6,82.9,0,0,0,0,23,1019.3,34.8,1.2,13.1,6
Delhi,Delhi,30-12-2021,286,164.41,39,287.304,39,50.9678,36,10.7759,32,56.3133,30,2.36054,37,32.6754,37,18.4,6.1,0,9.4,323.7,143.3,11.9,18.4,6.1,11.9,5.4,70,0,0,0,0,19.8,1023.5,34,1.4,12.3,6
Delhi,Delhi,31-12-2021,321,185.333,39,309.744,39,53.2133,36,10.3847,32,57.608,30,2.15914,35,31.2889,36,18,5.6,0,9.4,278.2,167.8,11.2,18,5.6,11,6.6,76.4,0,0,0,0,22.3,1023.2,35.1,1.6,14.4,6
Delhi,Delhi,01-01-2022,362,238.098,39,357.72,39,53.1225,36,10.3756,32,61.923,30,2.83541,37,39.0311,37,19.5,6.3,0,3.4,278.4,165.9,11.9,19.5,6,11.8,8.3,80.7,0,0,0,0,19.8,1022.1,9.7,1.4,14.3,6
Delhi,Delhi,02-01-2022,404,269.442,39,388.124,37,54.7672,36,10.63,32,64.796,30,2.38622,37,39.0149,37,19.7,7.5,0,3.7,282.7,157,12.7,19.7,6.9,12.6,9,80.9,0,0,0,0,18.7,1020.7,15.4,1.3,13.7,6
Delhi,Delhi,03-01-2022,387,244.611,39,371.921,39,57.4875,36,10.3325,32,62.83,30,2.78167,36,42.8138,37,20.6,7.5,0,3.1,266.3,163.7,13.8,20.6,7.5,13.8,9,76.1,0,0,0,0,19.8,1018.6,26.3,1.5,14.3,6
Delhi,Delhi,04-01-2022,378,215.793,39,346.903,39,62.055,36,11.7812,32,64.3731,29,2.80324,37,32.3871,35,22.5,9.8,0,2.3,308.6,152.3,15.8,22.5,9.8,15.8,9.2,71.1,0,0,0,0,20.5,1017.7,73.8,1.6,13,6
Delhi,Delhi,05-01-2022,397,269.057,39,366.628,39,55.5239,36,9.03406,32,71.7233,30,2.78222,36,20.86,36,15,12.2,7.637,6.4,114.9,24.6,13.7,15,12.2,13.7,12.3,91.8,100,16.67,0,0,29.2,1016.6,96.1,1.3,2.1,1
Delhi,Delhi,06-01-2022,258,107.907,39,153.891,39,36.878,35,7.70469,32,50.3677,30,1.46742,31,24.1228,36,20,12,0,8.8,105.3,92.9,15.2,20,12,15.2,13.2,88.8,0,0,0,0,33.1,1016.7,79.6,1.4,8.1,5
Delhi,Delhi,07-01-2022,182,70.4305,38,109.613,38,29.5311,35,8.01581,31,44.7645,29,1.06865,37,20.3586,36,18.9,14,0,13.5,129.8,82.7,16.2,18.9,14,16.2,14.5,90.2,0,0,0,0,32.4,1016.3,85.5,1.7,7.1,4
Delhi,Delhi,08-01-2022,91,61.0087,39,63.5574,38,26.1036,36,7.37156,32,40.4447,30,0.999167,36,21.9353,34,16.5,15,48.838,13.1,87.6,36.7,15.8,16.5,15,15.8,15.3,96.9,100,20.83,0,0,38.9,1015.7,99.7,1.5,3.2,2
Delhi,Delhi,09-01-2022,69,44.9479,38,62.0758,38,23.6133,36,6.85875,32,35.8497,30,0.88973,37,18.0917,35,16,12,7.402,7.8,268.8,72.3,13.8,16,12,13.8,13.3,97.2,100,16.67,0,0,30.2,1015.2,98.5,1.4,6.3,3
Delhi,Delhi,10-01-2022,151,89.5879,38,140.917,38,34.3257,35,9.15935,31,35.2069,29,1.61919,37,31.4983,35,16.9,9.9,0,5.5,276,133.1,12.5,16.9,8.7,12.4,11.2,92.3,0,0,0,0,23.4,1017.9,55.8,1.4,11.3,5
Delhi,Delhi,11-01-2022,224,93.2029,38,146.38,38,33.0776,37,7.36844,32,35.0039,31,1.25649,37,31.9632,37,16.9,8,0,8.5,276.5,143,11.4,16.9,6.8,11.2,9.9,91.5,0,0,0,0,28.4,1018,38.1,1.1,12.4,6
Delhi,Delhi,12-01-2022,191,113.997,38,189.641,38,34.5069,36,8.85258,31,36.824,30,2.1025,36,33.5258,36,17,8,0,5.1,280.4,127,11.5,17,6.8,11.3,9.5,88.6,0,0,0,0,21.2,1017.5,43.3,1.1,10.9,5
Delhi,Delhi,13-01-2022,321,203.189,38,312.74,38,48.0953,36,9.09516,31,43.9603,30,2.35639,36,26.3626,35,16.3,7.4,0,2,303.8,123.2,11.4,16.3,7.4,11.4,9.9,91.2,0,0,0,0,13.3,1017.6,34.4,0.7,10.7,5
Delhi,Delhi,14-01-2022,348,184.528,38,305.661,39,43.1381,37,9.21094,32,45.2797,31,1.98514,37,19.9134,35,14.8,7.2,0,2.3,288.3,108.3,10.5,14.8,7.2,10.5,9.7,94.6,0,0,0,0,16.9,1018.4,43.7,0.6,9.3,4
Delhi,Delhi,15-01-2022,258,118.481,38,190.374,38,29.1849,37,7.02871,31,39.1748,31,1.11771,35,20.4306,36,13.5,8.2,0,5.7,290.3,173.4,10,13.5,7,9.7,9.1,93.9,0,0,0,0,20.2,1020,68.7,1,15,7
Delhi,Delhi,16-01-2022,264,136.313,37,212.283,37,30.1542,36,7.21903,31,46.1823,31,1.65324,34,27.8753,34,15,8,0,4.9,293.3,165.4,10.7,15,6.4,10.3,8.5,87.5,0,0,0,0,23.8,1020.6,57.6,1.4,14.5,7
Delhi,Delhi,17-01-2022,327,174.14,37,288.509,37,41.5939,36,8.07467,30,49.6143,30,1.75529,34,27.956,35,16,9,0,3.2,150.9,134.9,11.2,16,8.5,11.1,9.3,88.5,0,0,0,0,19.8,1021.2,42.1,1.3,11.5,6
Delhi,Delhi,18-01-2022,352,178.074,37,297.266,37,34.2483,36,7.49931,29,49.0737,30,1.44286,35,25.9329,35,14.6,9,0,7.8,265.9,174.1,10.6,14.6,7.2,10.2,9.3,92.2,0,0,0,0,23.4,1019.1,35.4,1.2,15.1,7
Delhi,Delhi,19-01-2022,322,186.561,38,316.402,38,39.4106,36,8.49533,30,55.9541,29,2.174,35,29.5363,35,17,8,0,5.1,323,131.6,11.9,17,6,11.6,10.1,89.4,0,0,0,0,16.6,1016.1,52.8,1.2,11.3,6
Delhi,Delhi,20-01-2022,387,238.118,38,388.565,38,40.7473,37,10.326,30,60.5497,31,2.16216,37,25.9297,36,18.1,10,0,6.2,126.4,136,12.7,18.1,8.7,12.5,11.3,92.4,0,0,0,0,18.4,1011.9,56,0.6,11.6,6
Delhi,Delhi,21-01-2022,365,198.908,39,317.143,39,43.5121,38,9.47516,31,56.1431,32,2.17026,38,33.3227,37,19,9.9,0,3.7,157.6,137.7,13.4,19,9.9,13.4,11.7,90.4,0,0,0,0,20.5,1011.9,35.5,0.8,11.8,6
Delhi,Delhi,22-01-2022,316,131.427,39,181.728,39,31.8616,38,7.83065,31,48.5262,32,1.31895,38,20.4838,34,15,11,23.553,13.5,105.3,60.7,13,15,11,13,12.1,94.3,100,20.83,0,0,44.6,1007.5,97.6,1.1,5.2,3
Delhi,Delhi,23-01-2022,202,109.78,39,154.756,39,25.9647,38,8.21903,31,42.9588,32,2.03324,37,23.095,34,15,10.4,1.195,8.5,136.5,48.4,12.6,15,10.4,12.6,11.7,94.4,100,4.17,0,0,35.3,1010,89.4,1.2,4.2,2
Delhi,Delhi,24-01-2022,241,116.066,39,196.467,39,40.1545,38,8.14188,32,44.86,32,2.13486,37,19.7978,37,15,9,0,2.4,283.5,136,11.7,15,9,11.7,10.6,93.5,0,0,0,0,20.2,1014,74.9,1.3,11.8,5
Delhi,Delhi,25-01-2022,234,123.965,39,220.491,39,34.4979,38,7.80063,32,41.3484,32,2.12947,38,15.5605,37,13.4,8,0,5.6,259.2,139.8,10,13.4,7.2,9.7,9.1,94.5,0,0,0,0,24.8,1015.2,70.5,1,12.1,6
Delhi,Delhi,26-01-2022,260,130.349,39,214.855,39,33.8419,37,8.27094,32,41.5753,30,1.80342,38,27.6862,37,15.8,7.1,0,5.5,290.2,141.5,11.2,15.8,7.1,11.1,9.9,92.5,0,0,0,0,25.9,1015.9,52.7,1.2,12.2,5
Delhi,Delhi,27-01-2022,262,121.931,39,206.092,39,40.7418,38,8.12813,32,41.2697,32,1.58421,38,35.8795,37,18,7.6,0,8.8,291.8,181.4,12.2,18,6.8,12,9.3,83.9,0,0,0,0,38.5,1017,26,1.5,15.7,7
Delhi,Delhi,28-01-2022,215,111.153,39,203.124,39,42.3726,38,8.88344,32,39.9988,32,1.90806,36,44.58,37,19.5,7,0,10.6,270,195.7,12.7,19.5,5.2,12.2,7.6,76,0,0,0,0,40,1016.9,20,2.3,16.9,7
Delhi,Delhi,29-01-2022,251,127.022,39,234.884,39,48.6876,37,9.01313,32,45.4261,31,1.96763,38,45.2586,37,21.3,7.1,0,4.8,269.7,192.8,13.7,21.3,7.1,13.7,8,73.8,0,0,0,0,28.1,1017.1,0.4,2.2,16.6,7
Delhi,Delhi,30-01-2022,278,147.133,39,241.814,39,44.7076,37,9.88452,31,46.5377,31,1.71806,36,48.4242,36,21.2,9,0,10.8,252.9,195.6,14.6,21.2,7.9,14.4,10.2,78.2,0,0,0,0,39.2,1012.5,3.2,2.1,16.8,7
Delhi,Delhi,31-01-2022,338,213.175,39,341.131,38,53.4381,37,9.27906,32,56.0484,31,2.00784,37,34.7638,37,21.3,8.3,0,3.8,70.1,194.4,14.3,21.3,8.3,14.3,10.7,80.5,0,0,0,0,16.6,1011.9,5,1.2,16.7,7
Delhi,Delhi,01-02-2022,346,201.641,39,307.27,38,45.0805,37,8.77625,32,60.8452,31,2.05676,37,31.58,37,19.9,8.6,0,5.7,254.8,178.2,13.4,19.9,8.6,13.4,11.5,89.2,0,0,0,0,32,1011.6,16.9,0.8,15.2,7
Delhi,Delhi,02-02-2022,319,161.822,39,256.127,38,40.9086,37,9.15719,32,49.3887,31,1.44216,37,48.5624,37,21,10,0,9.5,218.2,197.3,14.7,21,8.4,14.7,11.2,83.2,0,0,0,0,25.2,1011.2,30.9,1.1,17,7
Delhi,Delhi,03-02-2022,321,141.617,39,201.177,38,31.7924,37,9.55219,32,44.8123,31,1.38658,38,30.0084,38,14.1,11,0.77,14.8,133,74,13,14.1,11,13,11.4,90.1,100,8.33,0,0,42.5,1007.3,89.7,1.2,6.3,3
Delhi,Delhi,04-02-2022,152,63.7521,39,110.429,39,32.1618,38,8.4175,32,40.6144,32,1.82658,38,28.4655,38,17.6,10,0,9.1,269.1,108.1,13.1,17.6,7.9,13,10.9,87.3,0,0,0,0,34.9,1009.3,82.1,1.6,9.2,5
Delhi,Delhi,05-02-2022,224,129.361,39,217.593,39,47.2705,38,9.86594,32,46.7016,32,2.52132,38,27.3511,38,19.6,8,0,2.7,291.9,177,12.5,19.6,6.8,12.4,9.2,82.4,0,0,0,0,17.3,1013.8,45.5,1.3,15.2,6
Delhi,Delhi,06-02-2022,285,162.217,39,279.471,39,57.9124,38,10.3628,32,53.9184,32,3.31306,36,39.3103,38,22.8,6.4,0,3,141.5,204.7,14.1,22.8,6.4,14.1,7.8,72,0,0,0,0,18.4,1015.9,8.4,1.9,17.7,7
Delhi,Delhi,07-02-2022,250,122.203,39,244.586,39,53.9642,38,9.50938,32,47.8591,32,2.04474,38,43.9932,38,25.6,10.4,0,5.2,140.5,200.9,17.4,25.6,10.4,17.4,11.6,72.1,0,0,0,0,20.2,1014.9,27.3,2.5,17.4,7
Delhi,Delhi,08-02-2022,270,146.351,39,288.524,39,53.6266,38,9.83323,31,57.035,32,2.35974,38,47.1327,37,25.6,12.2,0,2.7,45.7,182.3,18.5,25.6,12.2,18.5,13.9,77.3,0,0,0,0,19.4,1013.2,50.4,2.3,15.7,7
Delhi,Delhi,09-02-2022,227,95.2395,39,174.61,39,38.8295,38,9.0571,31,47.7356,32,1.53737,38,31.8466,38,21.5,13,14.208,7.1,344,144.6,16.5,21.5,13,16.5,13.6,84.6,100,8.33,0,0,37.1,1015.2,72.3,1.9,12.6,7
Delhi,Delhi,10-02-2022,172,80.9867,39,180.278,39,39.9813,38,8.15968,31,41.2175,32,1.35757,37,36.5229,38,22.6,10.4,0,7.8,215.2,190.6,15.7,22.6,10.4,15.7,10.4,74.5,0,0,0,0,34.2,1017.7,37.2,1.7,16.5,8
Delhi,Delhi,11-02-2022,184,89.1836,39,193.426,39,40.8568,38,9.33226,31,38.9268,31,1.45368,38,47.7892,38,21.8,9.2,0,10.4,199.5,216.3,15.5,21.8,8.2,15.4,8.9,69.7,0,0,0,0,40,1016.1,14.4,2.5,18.8,8
Delhi,Delhi,12-02-2022,191,91.7415,39,199.029,39,44.5963,38,9.75656,32,41.6147,30,2.04105,38,50.2714,37,22.8,9.8,0,6.7,292.7,220.4,16,22.8,8.6,16,8.6,66.7,0,0,0,0,33.5,1014.6,0.7,2.5,19,8
Delhi,Delhi,13-02-2022,253,129.787,38,271.087,38,55.0049,37,9.43667,30,54.9953,30,2.48162,37,50.9844,36,27.3,8.5,0,3.5,140.3,216.6,17.4,26.6,8.5,17.4,9.3,65.5,0,0,0,0,15.8,1013.4,0,2.5,18.7,8
Delhi,Delhi,14-02-2022,239,116.983,38,254.237,38,53.6203,37,8.86767,30,50.252,30,2.3,37,48.9349,37,26.6,9.4,0,4.5,150.6,217.1,17.9,26.6,9.4,17.9,9.5,64.6,0,0,0,0,16.6,1013.4,0,2.5,18.8,8
Delhi,Delhi,15-02-2022,221,103.638,39,240.882,39,60.0797,38,9.70935,31,53.4874,31,2.12184,38,49.1919,37,25.8,10.5,0,4.3,182.3,215.8,18.8,25.8,10.5,18.8,9.3,58.3,0,0,0,0,14.8,1013.4,2.3,2.8,18.8,8
Delhi,Delhi,16-02-2022,272,139.082,39,291.104,39,57.5243,37,11.0406,31,57.039,31,2.38243,37,50.8697,38,25.3,10.5,0,3.2,230.6,216.2,18.1,25.3,10.5,18.1,11.2,68.5,0,0,0,0,21.6,1011.3,0.2,2.2,18.7,8
Delhi,Delhi,17-02-2022,241,113.858,39,232.884,39,53.5181,37,10.2831,32,49.2571,31,2.23974,38,47.2592,38,26.6,12.1,0,3.4,186.3,216.9,18.4,26.6,12.1,18.4,10.3,66.4,0,0,0,0,19.1,1011.2,0.2,2.7,18.5,8
Delhi,Delhi,18-02-2022,252,114.867,39,248.32,39,54.2997,37,9.62719,32,53.1087,31,2.31842,38,41.6226,38,27.8,10.5,0,4,297.1,219.3,19.1,26.6,10.5,19,9.5,61.6,0,0,0,0,20.5,1012.4,13.6,2.8,18.9,8
Delhi,Delhi,19-02-2022,180,84.7439,38,189.439,38,46.9194,36,9.63452,31,44.218,30,1.19806,36,46.6422,36,25,12.2,0,6.6,227.4,226.6,18.8,25,12.2,18.8,10.5,64,0,0,0,0,31.3,1013.8,13.6,2.8,19.7,8
Delhi,Delhi,20-02-2022,173,81.1292,39,172.143,39,37.8203,37,9.61094,32,40.7035,31,1.16081,37,53.4732,37,23.8,12,0,11.3,246.6,222.1,17.9,23.8,12,17.9,11.5,69.4,0,0,0,0,40.3,1008.4,0.4,2.6,19.1,8
Delhi,Delhi,21-02-2022,165,80.2372,39,218.736,39,46.6854,37,10.1234,32,39.8503,31,2.27447,38,45.935,38,25.8,10.4,0,7.1,254.2,233.6,18,25.8,10.4,18,7.4,57.4,0,0,0,0,21.2,1008.3,0,3.4,20.1,8
Delhi,Delhi,22-02-2022,252,100.069,39,274.612,39,42.6286,37,11.7835,31,45.8716,31,1.77649,37,56.2658,38,25.9,10.9,0,14.7,118,227,19.1,25.9,10.9,19.1,10.1,58.6,0,0,0,0,49.3,1010.1,28.5,3.2,19.7,8
Delhi,Delhi,23-02-2022,211,112.485,39,209.543,39,35.3565,37,9.88813,32,44.5168,31,1.96243,37,48.8153,36,23.8,15,0,10.5,130.9,216.9,19.2,23.8,15,19.2,15.1,78.2,0,0,0,0,40.7,1013.9,35.5,2.3,18.7,7
Delhi,Delhi,24-02-2022,307,148.968,39,291.963,39,50.0792,37,10.9391,32,49.8163,30,1.90081,37,51.6216,37,25.8,13.5,0,3.9,266.1,196,19.6,25.8,13.5,19.6,13.5,72,0,0,0,0,22.3,1015.6,30.4,2.2,17,8
Delhi,Delhi,25-02-2022,286,126.882,39,255.157,39,46.2581,37,9.60875,32,46.51,31,1.44553,38,52.2953,38,27,13.4,2.149,5.6,147.9,218.7,20.1,27,13.4,20.1,13.9,71.7,100,4.17,0,0,33.5,1016,38.5,2.4,18.8,8
Delhi,Delhi,26-02-2022,102,27.6795,39,72.9379,39,28.5684,37,8.92031,32,35.5265,31,0.989474,38,43.1618,38,23.6,15.1,6.805,15.5,121.2,223,18.4,23.6,15.1,18.4,12.6,70.8,100,4.17,0,0,40.7,1017.2,73,3.1,19.3,8
Delhi,Delhi,27-02-2022,92,43.2933,39,95.6874,39,31.91,37,9.57625,32,36.3897,31,1.00371,35,45.6197,36,24.8,14,0.925,6.6,339.5,233.5,18.7,24.8,14,18.7,12.2,70.2,100,4.17,0,0,25.9,1018.4,43.7,3.2,20.3,8
Delhi,Delhi,28-02-2022,107,46.9438,39,115.433,39,35.2316,37,10.2684,31,34.671,30,1.26351,37,52.9649,37,24.8,12,0,7.9,272.1,245.2,18.1,24.8,12,18.1,9.6,62.7,0,0,0,0,28.8,1016.7,17.3,3.3,21.1,8
Delhi,Delhi,01-03-2022,170,85.0041,39,175.768,39,43.2603,37,10.4531,32,40.0513,31,1.50158,38,58.0637,38,25,11.2,0,4,208,242.8,18.3,25,11.2,18.3,11.6,68.6,0,0,0,0,22.7,1016.9,16.9,3,20.8,8
Delhi,Delhi,02-03-2022,225,103.698,39,220.382,39,48.657,37,11.1778,32,45.8516,31,1.94459,37,53.5292,38,26.8,12.4,0,4.2,184.8,242.6,19.4,26.5,12.4,19.4,12.5,68.7,0,0,0,0,19.4,1016.6,10.3,2.5,20.8,8
Delhi,Delhi,03-03-2022,178,81.3013,38,187.085,39,46.58,36,11.7381,32,41.9027,30,1.40081,37,51.7771,38,28.8,15.6,0,6.2,253.1,221.6,21.8,27.7,15.6,21.7,13.5,63.7,0,0,0,0,25.6,1015.3,51.9,3,19.1,8
Delhi,Delhi,04-03-2022,199,75.6249,39,159.085,39,34.1222,36,10.4181,32,39.9207,30,1.03639,36,40.045,38,25,16,0,9.5,308.5,229.6,20.4,25,16,20.4,15,73.3,0,0,0,0,31.7,1016.2,25.7,2.9,19.8,8
Delhi,Delhi,05-03-2022,115,56.7197,38,122.003,38,34.778,35,10.458,30,34.5766,29,1.08457,35,52.3964,36,25.6,13,0,11.5,288.5,249.7,19.5,25.6,13,19.5,13.5,71.6,0,0,0,0,35.3,1014.9,5.3,3.1,21.6,9
Delhi,Delhi,06-03-2022,162,86.3745,38,182.103,38,48.8668,34,13.7213,30,38.5318,28,1.81314,35,64.0854,35,27.1,14.8,0,5.2,271.5,213.1,20.3,27,14.8,20.3,13.9,70,0,0,0,0,17.3,1013.8,59.4,3,18.4,7
Delhi,Delhi,07-03-2022,237,121.165,39,273.377,39,61.3594,36,14.98,31,47.6348,31,2.34595,37,58.4571,38,29,16,0,4.6,147.4,231.2,22.1,28,16,22,13.8,63.8,0,0,0,0,19.8,1015,64.2,2.9,20.1,8
Delhi,Delhi,08-03-2022,283,119.649,39,253.775,39,53.4778,37,13.3694,31,50.8206,31,2.05973,37,51.6438,37,29.9,17,0,6.4,293.5,253.4,22.5,28.9,17,22.3,13.8,62.9,0,0,0,0,26.6,1014.3,30,2.6,21.9,9
Delhi,Delhi,09-03-2022,162,68.4885,39,174.432,39,41.9986,37,14.4265,31,39.2942,31,1.23447,38,43.1618,38,30.6,16,0,8.2,283,249,23.1,28.8,16,22.7,11.6,56.2,0,0,0,0,28.1,1013.2,40.6,3.1,21.3,9
Delhi,Delhi,10-03-2022,150,64.0321,39,161.746,39,35.9866,38,13.7672,32,36.8159,32,1.22737,38,48.8524,38,29,17,0,9.9,266.5,253.3,22.9,27.9,17,22.7,12.9,57,0,0,0,0,30.2,1013.1,29.1,3.2,21.8,9
Delhi,Delhi,11-03-2022,164,77.419,39,178.193,39,38.6376,38,14.5369,32,37.4466,32,1.17,38,50.4182,38,29,16.7,0,10.7,278.8,259.5,22.7,27.9,16.7,22.6,14.7,65.2,0,0,0,0,33.5,1013.4,0.2,3,22.5,9
Delhi,Delhi,12-03-2022,160,73.0433,39,178.553,39,39.57,38,15.2784,32,36.4259,32,1.59474,38,56.92,38,30.6,16,0,9.2,242.8,263.7,23.1,29.6,16,22.9,13.6,58.9,0,0,0,0,33.5,1011.7,10.1,3.3,22.6,9
Delhi,Delhi,13-03-2022,193,89.5441,39,212.866,39,43.2129,38,16.9337,32,39.3469,32,1.64684,38,59.5008,38,31.6,17.7,0,7.1,259.5,257.1,24.5,30.9,17.7,24.4,15.7,61.9,0,0,0,0,28.8,1011.4,9.2,3.1,22.4,9
Delhi,Delhi,14-03-2022,231,117.847,39,260.265,39,44.3187,38,16.2128,32,46.6306,32,2.00553,38,60.0116,38,32.6,18.5,0,5.1,274.5,259.4,25.6,32.6,18.5,25.7,18.3,68.1,0,0,0,0,23,1010.7,0,2.7,22.4,9
Delhi,Delhi,15-03-2022,253,116.723,39,251.786,39,42.4092,38,15.4572,32,49.6681,32,1.90553,38,56.2703,37,34,20.2,0,6.5,288.9,258.6,26.9,34.1,20.2,27.5,19.8,69.5,0,0,0,0,29.2,1008.1,5.7,2.9,22.4,9
Delhi,Delhi,16-03-2022,218,92.2544,39,223.536,39,33.7737,38,13.2928,32,47.9674,31,1.24919,37,52.6951,37,34.3,21,0,11.7,281.1,263.4,27.6,34.3,21,28.1,19.4,65.1,0,0,0,0,40.7,1005.8,0.5,3,22.6,9
Delhi,Delhi,17-03-2022,218,117.249,39,247.859,39,40.8811,38,17.5856,32,45.7584,31,1.87351,37,68.0422,37,34.5,21.3,0,4.9,248.2,263.1,27.7,36.8,21.3,28.8,20,66.2,0,0,0,0,16.2,1006.5,2.1,2.8,22.7,9
Delhi,Delhi,18-03-2022,293,138.452,38,232.686,39,30.9159,37,12.7134,32,52.44,29,1.83057,35,49.2905,37,34.5,22.9,0,8.5,128.9,261.4,28.2,38.2,22.9,29.8,21.8,70.7,0,0,0,0,34.2,1007.8,0.3,2.4,22.4,9
Delhi,Delhi,19-03-2022,231,107.133,39,209.347,39,42.4389,38,12.6744,32,47.3947,32,1.76921,38,56.6884,38,36.2,21,0,5.9,146.4,265.8,28.5,39,21,29.5,19.9,64.3,0,0,0,0,22,1005.6,0.1,3,23.1,9
Delhi,Delhi,20-03-2022,242,104.531,39,235.207,39,43.6095,38,14.8006,32,46.3447,32,1.95579,38,57.1671,38,37.1,23.5,0,7.1,188.7,265.4,29.6,35.2,23.5,28.9,15.2,49.7,0,0,0,0,22,1004.2,24.1,3.4,23.1,9
Delhi,Delhi,21-03-2022,271,130.101,39,282.286,39,46.2132,38,15.8031,32,50.5684,32,2,37,57.1521,38,36.1,22.1,0,8,311.2,268.6,28.8,36.5,22.1,29.2,17.4,54,0,0,0,0,28.1,1006.4,17.7,2.7,23.3,9
Delhi,Delhi,22-03-2022,180,80.0954,39,198.019,39,31.7358,38,14.7709,32,39.8077,31,1.18568,37,54.4241,37,34.2,22,0,12.8,295.5,281.5,28.3,32.6,22,28,15.8,51.2,0,0,0,0,37.1,1007.5,0,3.2,24.2,9
Delhi,Delhi,23-03-2022,206,100.969,39,255.105,39,46.2516,38,17.0559,32,38.929,31,2.18081,37,64.2032,37,35,20.3,0,5.6,285.4,275.4,27.8,33.4,20.3,27.5,15,50.1,0,0,0,0,24.8,1007.2,18.8,3,23.9,9
Delhi,Delhi,24-03-2022,280,114.042,39,313.729,39,53.5024,38,16.1129,31,47.5237,32,2.43816,38,43.7087,38,34.8,21,0,6.6,296.4,281.4,28,33,21,27.2,12.2,42,0,0,0,0,29.2,1005.7,6.9,3.6,24.3,9
Delhi,Delhi,25-03-2022,211,89.2274,39,228.731,39,38.7408,38,15.3866,32,39.5531,32,1.29026,38,50.6592,38,34.5,20.6,0,9.4,284.7,284,27.6,33,20.6,27,14.7,51.5,0,0,0,0,34.9,1007.2,0,3.1,24.3,9
Delhi,Delhi,26-03-2022,207,84.5461,38,239.706,38,36.2797,37,18.7955,31,33.5635,31,1.18472,36,59.4535,37,34,20,0,13.2,289.8,288,27,32.5,20,26.3,12.4,45.2,0,0,0,0,51.5,1009,0,3.1,24.9,9
Delhi,Delhi,27-03-2022,195,89.6057,37,245.418,38,43.6083,36,18.0039,31,34.9253,30,2.09639,36,62.6242,36,36.1,21.2,0,9.7,298.9,289.8,28,34.1,21.2,27.3,11.8,41.5,0,0,0,0,35.6,1008.5,0,3.6,25.3,9
Delhi,Delhi,28-03-2022,251,103.508,39,289.525,39,60.4416,37,17.4478,32,47.0687,31,2.42861,36,60.6992,38,38.2,21,0,6,265.1,289.7,29.6,35.9,21,28.5,9.5,34.8,0,0,0,0,24.8,1007.6,0,3.6,25.3,9
Delhi,Delhi,29-03-2022,274,119.617,38,314.31,38,63.1958,38,21.7032,31,44.8771,31,2.31243,37,59.1539,36,40,20.3,0,5.9,293.7,291.3,30.3,36.8,20.3,29.1,9.2,31.9,0,0,0,0,29.9,1005.8,0,3.2,25.3,10
Delhi,Delhi,30-03-2022,276,127.101,39,330.004,39,68.8128,39,24.7403,32,49.7325,32,2.45667,36,74.1124,38,39,21.2,0,3.7,319.1,289.6,30.5,37.3,21.2,29.4,10.5,34.4,0,0,0,0,17.6,1006,0,3.6,25.3,9
Delhi,Delhi,31-03-2022,298,139.098,39,338.996,39,71.7626,39,22.8453,32,57.7341,32,2.65943,35,82.4563,38,38.6,21.7,0,6.8,90.5,287.5,30.7,39.3,21.7,29.9,11.8,34.4,0,0,0,0,24.1,1006.5,0,2.8,24.8,9
Delhi,Delhi,01-04-2022,218,74.9277,39,212.783,39,51.3308,38,17.6072,32,41.3284,32,1.76351,37,72.5847,38,36,23.9,0,8.2,295.4,300.9,29.9,33.4,23.9,28.6,6.9,29,0,0,0,0,33.5,1007.1,0,3.7,26,10
Delhi,Delhi,02-04-2022,226,107.961,39,273.046,39,62.4031,39,20.7613,32,40.2825,32,1.94526,38,83.8092,38,39,19.7,0,3.9,251.7,298.2,29.9,36.6,19.7,28.7,7.1,28.1,0,0,0,0,18.7,1008.3,0,3.5,25.7,10
Delhi,Delhi,03-04-2022,245,105.02,39,268.572,39,51.8111,38,18.6469,32,41.7966,32,2.12351,37,86.1668,38,39,21.4,0,6.7,327,303.1,30.3,36.1,21.4,28.9,5.2,26.1,0,0,0,0,21.2,1007.5,0,3.9,26.1,10
Delhi,Delhi,04-04-2022,262,107.864,39,291.277,39,51.551,39,21.7356,32,41.7334,32,1.64351,37,72.8334,38,38,21.4,0,7.9,283.7,301.3,30.2,35.5,21.4,28.9,5.8,24.6,0,0,0,0,33.5,1007.4,0,3.6,26,10
Delhi,Delhi,05-04-2022,233,103.028,39,260.866,39,53.5972,39,21.0219,32,39.2716,32,1.88632,38,72.0268,38,38.4,20.8,0,6.1,288.4,303.3,30.2,35.6,20.8,28.8,5.9,26.7,0,0,0,0,29.9,1010.5,17.4,3.9,26.2,10
Delhi,Delhi,06-04-2022,248,120.403,39,295.135,39,53.6033,39,23.9788,32,42.7647,32,2.02105,38,71.9129,38,40,21.1,0,5.8,285.2,302.5,30.7,36.4,21.1,29.3,5.2,23.9,0,0,0,0,32,1010.5,26.8,3.5,26.1,10
Delhi,Delhi,07-04-2022,264,124.839,39,302.899,39,57.8089,38,25.5434,32,44.2858,31,1.96842,38,74.1282,38,40,21.3,0,5.1,282.7,301,31.4,37.4,21.3,30,7.4,25.2,0,0,0,0,33.5,1009.6,0,3.8,25.9,10
Delhi,Delhi,08-04-2022,242,112.185,39,284.286,39,57.22,39,24.7269,32,42.4225,32,2.075,38,76.62,38,42,21.8,0,4.7,290,303.3,32.1,38.5,21.8,30.5,5.3,23.1,0,0,0,0,24.5,1006.9,0,3.3,26.1,10
Delhi,Delhi,09-04-2022,261,111.188,39,299.451,39,55.0036,39,23.4734,32,47.0622,32,2.12811,37,76.0761,38,41.6,22.2,0,4.7,288.9,291.9,33,38.7,22.2,31.3,6,23.5,0,0,0,0,31,1005,0.3,3.5,25.2,10
Delhi,Delhi,10-04-2022,244,107.563,39,294.398,39,47.9831,39,24.2594,32,41.6397,32,1.65838,37,75.6111,37,42,25.9,0,6.6,280.5,304.9,33.4,39.5,25.9,31.5,5.6,20.9,0,0,0,0,37.1,1004.4,0,3.4,26.2,10
Delhi,Delhi,11-04-2022,258,112.923,39,294.165,39,54.0705,39,25.2259,32,43.7466,32,1.93895,38,77.2251,37,42,24.6,0,6,268.1,301.3,33.7,39.7,24.6,31.9,7.1,22.8,0,0,0,0,28.8,1003.8,14,3.3,25.9,10
Delhi,Delhi,12-04-2022,229,92.6615,39,271.094,39,51.9282,39,19.0006,31,40.8738,32,2.29026,38,52.7289,38,39,24.9,0,7.2,254,267.5,32.7,36.6,24.9,31,6.9,22.3,0,0,0,0,22.3,1004,44.7,3.7,23,9
Delhi,Delhi,13-04-2022,286,112.534,39,342.583,39,52.0005,39,15.8916,32,48.9891,32,2.23342,38,55.5692,38,39.9,23.5,0,6.2,243.5,305,32.8,37.6,23.5,31.2,8.3,26,0,0,0,0,21.2,1003.3,22.3,3.6,26.4,10
Delhi,Delhi,14-04-2022,280,77.18,39,330.303,39,31.2723,39,14.9812,32,36.4631,32,1.0725,36,72.8421,38,38.6,27,0.149,11.4,270.3,294.6,32.3,36.7,26.4,30.7,7.5,23.1,100,4.17,0,0,46.4,1003,35.4,3.4,25.4,10
Delhi,Delhi,15-04-2022,201,71.4374,38,229.692,37,39.8082,39,16.28,32,36.9288,32,1.54351,37,84.9597,37,40,25.5,0,8.2,28.1,302.8,32.4,37.1,25.5,31.1,9.5,27.1,0,0,0,0,31.7,1002.9,21.8,3.6,26.1,10
Delhi,Delhi,16-04-2022,253,102.012,39,294.944,39,48.2482,39,19.6981,32,43.055,32,1.92447,38,85.9587,38,40,23.7,0,6.5,35.5,306.8,32.1,37.6,23.7,30.8,9.7,30,0,0,0,0,20.9,1002.5,18.3,3.5,26.6,10
Delhi,Delhi,17-04-2022,251,109.83,39,283.119,38,53.1246,39,18.7784,31,46.1262,32,1.88162,37,89.9375,36,39.9,24.2,0,4.1,86.2,311.3,32.6,38.4,24.2,31.3,9.6,28.2,0,0,0,0,21.2,1003.4,14.2,3.5,27,10
Delhi,Delhi,18-04-2022,257,111.027,38,303.619,39,60.791,39,18.7784,31,53.2594,32,2.63711,38,86.1713,38,42,24.4,0,2.9,324.4,303.9,33.4,40.3,24.4,32.1,10,27,0,0,0,0,23.8,1005.2,14.1,3.4,26.2,10
Delhi,Delhi,19-04-2022,317,133.423,39,375.257,39,50.8631,39,21.5713,31,49.6816,32,2.48865,37,66.8771,38,43,25.3,0,8.2,281.5,295.2,34.3,40,25.3,32.8,9.7,25.8,0,0,0,0,37.1,1006.9,12.5,3.2,25.5,10
Delhi,Delhi,20-04-2022,277,96.8595,39,297.733,39,44.7467,39,19.9997,32,37.9141,32,1.56026,38,64.4095,38,41,27,0,9.9,283.6,311,33.8,38.8,26.4,32.2,7.8,22.6,0,0,0,0,38.9,1005.5,40.2,2.8,27,10
Delhi,Delhi,21-04-2022,296,104.136,39,362.965,39,42.3369,39,17.1032,31,36.8691,32,1.70114,35,33.4222,37,36,25.8,0,8.6,308.2,209.7,31.4,33.8,25.8,30.1,10.3,28.7,0,0,0,0,40.7,1006.8,67,2.7,18,8
Delhi,Delhi,22-04-2022,204,65.5551,39,225.527,39,41.94,39,15.1953,32,36.5072,32,1.66,38,82.7932,38,38,24.6,0.285,8.1,287,297.4,31.5,36.9,24.6,30.3,10,29.3,100,4.17,0,0,46.4,1007.9,54.4,3.5,25.6,9
Delhi,Delhi,23-04-2022,245,110.185,39,284.41,39,50.4638,39,17.8744,32,40.2897,32,1.84632,38,84.0103,38,40,22.8,0,6,286.8,316.4,31.7,36.6,22.8,30.2,7.1,25.8,0,0,0,0,33.5,1007.9,4.1,2.8,27.4,10
Delhi,Delhi,24-04-2022,261,120.727,39,308.194,39,43.6982,39,20.6134,32,37.7391,32,1.49842,38,89.5563,38,39,23.9,0,10.3,276.8,317.4,32.4,36.4,23.9,30.8,7.5,23.6,0,0,0,0,46.4,1006,12.5,2.9,27.5,10
Delhi,Delhi,25-04-2022,244,100.396,39,291.302,39,35.0859,39,17.9809,32,33.7647,32,1.235,38,89.0803,38,40.1,24.7,0,13.1,284.2,298.9,33.7,38.6,24.7,32.1,9,23.5,0,0,0,0,64.8,1004.8,23.8,2.9,25.8,10
Delhi,Delhi,26-04-2022,209,83.1669,39,234.973,39,45.9249,39,15.5259,32,33.5631,32,2.06237,38,82.2576,38,39.8,27.4,0,6.3,293.8,313.5,33.5,38.1,26.9,31.8,8,22.6,0,0,0,0,33.1,1005.2,38.4,2.8,27,10
Delhi,Delhi,27-04-2022,287,152.542,39,324.558,39,59.6797,39,22.7456,32,42.3687,32,2.31108,37,90.4535,37,42,24.2,0,6.4,275.1,322.8,33.9,38.5,24.2,32.1,7.3,23.7,0,0,0,0,33.5,1004.8,0,2.9,27.6,10
Delhi,Delhi,28-04-2022,295,163.09,39,354.262,39,61.8018,39,22.1425,32,43.9234,32,2.60763,38,84.4892,37,43,23.7,0,5.5,268.8,316.6,34.6,41,23.7,32.9,8.2,23.3,0,0,0,0,29.2,1004.6,0.9,2.9,27.4,10
Delhi,Delhi,29-04-2022,299,149.439,39,349.767,39,49.8482,39,21.8994,32,40.4569,32,2.06316,38,68.6803,38,43.3,27.6,0,7.9,270.1,315.6,35.8,40.4,27.7,33.7,7.1,20.2,0,0,0,0,37.1,1003.9,3.8,3.6,27.2,10
Delhi,Delhi,30-04-2022,270,123.173,39,290.035,39,49.4438,39,22.2269,32,36.7581,32,2.42639,36,76.5757,37,43.2,27.5,0,5.4,228,312.7,35.6,40.7,27,33.4,5.5,17.8,0,0,0,0,29.2,1001.2,2.9,3.7,27.1,10
Delhi,Delhi,01-05-2022,256,90.4653,38,304.845,38,32.5119,36,13.4103,31,53.8162,29,1.92694,36,60.5381,36,40,28.2,0,12.7,98.1,297.9,33.9,42.3,28.3,34,14.4,32.4,0,0,0,0,43.9,1000.3,43.3,3.2,25.6,9
Delhi,Delhi,02-05-2022,218,73.7318,38,254.814,38,26.3558,36,12.161,30,56.7169,29,1.45286,35,64.8481,37,40,28.4,0,12.3,99.9,311.2,34.1,42,30.3,35.5,18,41.7,0,0,0,0,46.4,1000.4,32.8,3.1,26.9,10
Delhi,Delhi,03-05-2022,227,98.9492,37,324.341,37,28.8589,36,13.5467,30,56.189,29,1.45914,35,61.975,36,37.7,29,0,9.7,93,296.8,33.2,42.1,31.3,36.2,20.7,49.2,0,0,0,0,32,1003.2,33.9,2.8,25.5,10
Delhi,Delhi,04-05-2022,269,72.7026,38,216.926,38,29.91,38,12.1735,31,51.8313,31,1.4,35,60.6942,36,37.2,24,0.97,12.1,86,285.7,31,43.1,24,33.5,20.5,55.8,100,4.17,0,0,46.4,1005.6,61.4,2.4,24.7,9
Delhi,Delhi,05-05-2022,146,71.6308,39,180.776,39,45.2585,39,13.6155,31,48.6732,31,1.98611,36,69.5116,37,37,23.5,0,5.9,37.8,305.3,30,37.6,23.5,30.5,18.1,53.2,0,0,0,0,25.9,1006.2,22.7,3.1,26.3,9
Delhi,Delhi,06-05-2022,273,115.241,39,287.678,39,44.6882,39,14.3642,31,55.5935,31,1.784,35,72.9241,37,38,25.7,0,6.4,124.1,301.9,32.3,40.8,25.7,33.2,17.7,44.5,0,0,0,0,33.5,1005.5,39.3,2.5,26,9
Delhi,Delhi,07-05-2022,206,86.8544,39,238.184,39,45.129,39,14.85,32,53.595,32,2.22378,37,79.2842,38,39.3,27.3,0,4.8,60.2,302.1,33.4,39.8,28.3,33.4,15.1,36.2,0,0,0,0,22.7,1005,20.1,3.1,26.1,9
Delhi,Delhi,08-05-2022,205,82.5053,38,208.093,38,30.0705,38,12.7481,31,50.901,30,1.45917,36,80.0795,37,40,27.5,0,10,101.8,314.5,33.3,42.4,28.6,34.4,17.4,41.4,0,0,0,0,25.9,1003.3,13.2,3.1,27.2,10
Delhi,Delhi,09-05-2022,171,67.2328,39,166.473,39,23.9603,39,11.1484,32,51.4316,32,1.30714,35,77.24,37,39.3,28.5,0,13.2,100.9,304.5,33.8,43,30.8,36.1,19.6,45.3,0,0,0,0,38.9,1003,0.5,3.5,26.2,10
Delhi,Delhi,10-05-2022,160,65.1254,39,161.828,39,23.7833,39,11.5103,32,50.1674,31,1.27143,35,68.723,37,38.9,29.8,0,12,108.8,296.9,33.8,44.8,31.3,36.5,20.1,45.9,0,0,0,0,38.5,1003.4,9.7,3.4,25.5,9
Delhi,Delhi,11-05-2022,156,62.4331,39,162.826,39,25.8136,39,11.785,32,44.9032,31,1.31514,37,75.1508,37,40.4,29,0,10.3,104.7,300.1,34.6,47.8,30.3,37.8,20.2,44.4,0,0,0,0,28.4,1001.4,2.3,3.4,26,9
Delhi,Delhi,12-05-2022,164,67.3667,39,176.44,39,29.4287,39,11.1241,32,46.8761,31,1.48111,36,80.3365,37,43,30,0,9.9,114.5,307.4,35.9,45.4,33.3,38.8,19.7,41.8,0,0,0,0,31,999.7,8.3,3.4,26.7,9
Delhi,Delhi,13-05-2022,176,76.28,39,211.069,39,32.3608,39,12.6231,32,46.0348,31,2.25054,37,83.0522,36,44,28.8,0,9.7,76.5,315.4,35,46.1,31.9,38,20,45.9,0,0,0,0,33.5,997.4,9.5,3.7,27.3,10
Delhi,Delhi,14-05-2022,270,108.064,38,284.12,38,50.9616,38,15.7109,32,45.7281,32,2.26917,36,78.1297,37,44,29,0,7.4,275,328.7,37.2,44,32.4,37,12.6,28.4,0,0,0,0,29.9,997.6,0,3.3,28.5,10
Delhi,Delhi,15-05-2022,242,98.9316,38,291.93,38,52.1782,38,16.7813,31,41.7409,32,2.56086,35,64.4969,35,45.3,27.6,0,7,268.9,321.4,37,45.3,27.8,36.1,9.3,21.3,0,0,0,0,33.5,998.7,17.8,3.7,27.7,10
Delhi,Delhi,16-05-2022,297,95.389,39,397.931,39,31.0433,39,11.8835,31,34.6916,32,1.35583,36,48.9142,38,41.6,31.3,0,12.5,247.4,302.4,37.4,39.6,31.5,35.5,7.7,18.1,0,0,0,0,40.7,998.9,59,2.9,26.1,9
Delhi,Delhi,17-05-2022,239,70.0346,39,244.422,39,30.6762,39,14.5519,31,36.7225,32,1.54868,38,78.6668,38,42,28.4,0,9.7,103.9,289.1,34.6,41.5,28.4,34.5,14,31.2,0,0,0,0,34.2,1000.1,23.7,3.1,24.9,10
Delhi,Delhi,18-05-2022,251,76.3662,39,250.589,39,34.5933,39,14.7652,31,39.8394,32,1.34757,37,78.3332,38,41,31.6,0,11.2,100.9,291.6,35.8,41.3,32.1,36.1,15.4,31,0,0,0,0,46.4,1001.9,52.5,3.3,25.2,9
Delhi,Delhi,19-05-2022,202,88.3677,39,262.375,39,39.981,39,16.6535,31,42.1684,32,1.63,38,82.0811,38,43,28.8,0,6.7,109.7,318.3,36.2,44,30.4,36.7,15.3,32.6,0,0,0,0,33.5,1001.2,2.5,3.4,27.3,10
Delhi,Delhi,20-05-2022,266,94.6049,39,322.381,39,38.8805,39,15.1181,31,43.0819,32,1.45297,37,69.9365,37,44.1,29.6,0.525,10.2,277.6,313.6,37,44.1,32.5,37.3,14.5,30.6,100,8.33,0,0,46.4,998.2,38.2,3.1,26.9,10
Delhi,Delhi,21-05-2022,285,76.709,39,328.259,39,27.3838,39,10.1837,32,37.9066,32,1.05432,37,55.2924,38,42.2,26.7,0.979,12.6,167.7,286.2,34.8,42,27.7,34.2,13.4,30.8,100,4.17,0,0,46.4,996.1,77,2.4,24.7,10
Delhi,Delhi,22-05-2022,203,65.4038,39,195.567,39,30.4649,39,12.9509,32,41.3758,31,1.18541,37,74.5117,36,39.2,24.6,0,8.4,109.8,311.3,32.2,40.4,24.6,32.8,17.4,44.9,0,0,0,0,33.5,995.3,35.4,3.3,26.9,10
Delhi,Delhi,23-05-2022,136,31.4521,38,101.931,38,21.2321,39,9.92906,32,46.2552,31,1.17028,36,49.8564,36,31,18,18.988,19.1,104.3,283.5,25.7,32.6,18,26.6,19.7,71.2,100,12.5,0,0,59.4,998.7,80.9,3.1,24.5,9
Delhi,Delhi,24-05-2022,89,36.4118,39,83.9582,38,27.3354,39,9.28968,31,47.2284,31,1.49306,36,54.8823,35,32,20,17.357,12.1,67.8,180.9,26.3,35.6,20,27.7,21,75.1,100,8.33,0,0,42.5,1004.5,52.8,3.5,15.6,6
Delhi,Delhi,25-05-2022,166,92.3458,38,174.612,38,33.2079,39,10.0032,31,54.3465,31,1.64417,36,68.8127,37,33.8,24.6,0,5.5,212.1,277.2,29.1,37,24.6,31.2,21.8,66.6,0,0,0,0,25.2,1005.2,41.2,2.9,24.1,8
Delhi,Delhi,26-05-2022,199,96.3442,38,211.471,38,40.7536,39,12.1029,31,54.2313,32,1.80667,36,87.2695,38,36,25,0,4.3,40.2,316.6,30.6,37.8,25,32.2,20.7,59.1,0,0,0,0,20.2,1003,9.5,3.2,27.4,10
Delhi,Delhi,27-05-2022,206,83.3213,38,223.751,39,37.7162,39,11.6255,31,55.9428,32,1.41053,38,60.2016,38,38.8,27,0,9.7,135.5,300.4,32.2,42.8,29.6,34.5,20.1,50.5,0,0,0,0,37.1,999.8,31.8,3.1,25.8,9
Delhi,Delhi,28-05-2022,210,75.7413,38,333.367,39,31.1297,39,10.7565,31,53.8588,32,1.42973,37,39.9951,37,40,28.2,0,8.3,144.9,301.4,34.4,46.5,29.6,38.3,21,46.6,0,0,0,0,24.1,998,51.2,3.2,26.2,9
Delhi,Delhi,29-05-2022,273,72.8161,38,272.938,38,27.0892,39,11.446,30,56.0039,31,1.15222,36,53.8624,37,41,29,0,9.8,154.3,302.1,34,47,31.4,38.2,21.7,50.4,0,0,0,0,35.3,998.2,44,3.1,26.1,10
Delhi,Delhi,30-05-2022,201,65.3284,38,205.667,39,31.0385,39,10.5329,31,51.3039,31,1.58333,36,64.0722,37,39.8,25.1,15.371,8.8,110.5,298.3,31.4,47.3,25.1,34.7,21.9,59.4,100,4.17,0,0,28.1,999.6,54.9,3.2,26,10
Delhi,Delhi,31-05-2022,215,99.3382,38,329.927,39,42.6826,39,11.9263,30,54.9171,31,2.2727,37,67.5514,37,39.2,24.5,0,4,204.9,302.5,32.9,43.2,24.5,35.2,19.9,49.2,0,0,0,0,25.6,999.8,31.4,2.9,26.1,9
Delhi,Delhi,01-06-2022,322,97.5887,39,309.978,39,43.4026,39,11.2527,30,56.3569,32,2.18946,37,68.8726,38,41.8,26.8,0,5.4,296.2,306.1,35,42.1,29.1,36,16.9,38.7,0,0,0,0,26.3,1000.2,47.5,2.9,26.6,9
Delhi,Delhi,02-06-2022,202,77.4564,39,256.744,39,41.7015,39,12.9423,31,47.3837,32,1.92865,37,64.1332,38,41.5,28.7,0,4.9,184.1,299,35.4,43.8,29.7,35.8,15.8,32.8,0,0,0,0,22.3,999.8,43.8,3.1,26,9
Delhi,Delhi,03-06-2022,240,90.4121,39,280.696,39,45.0626,39,14.3426,31,44.8181,31,2.16389,36,81.5267,36,43.2,27.2,0,5.8,245.7,325.1,35.6,40.4,28.1,34.8,12.6,28.5,0,0,0,0,33.5,998.9,30.6,3.5,28.1,10
Delhi,Delhi,04-06-2022,227,82.9876,38,267.13,38,50.4479,38,13.4287,31,41.9023,30,2.05389,36,81.1864,36,45,29.3,0,4.9,276.4,316.4,36.5,45,30,35.8,12.2,27,0,0,0,0,22.3,999.3,26.6,3.5,27.2,10
Delhi,Delhi,05-06-2022,215,58.8766,35,257.428,35,37.14,37,10.379,30,44.271,30,1.56343,35,57.9543,35,44,30.5,0,9.4,259.8,304.9,37.3,44,29.2,36,10.1,20.8,0,0,0,0,32.8,999.5,29.1,3.5,26.3,10
Delhi,Delhi,06-06-2022,195,54.9667,39,222.566,39,43.2285,39,10.6019,32,56.1523,31,1.79914,35,77.1486,36,44,29,0,7.5,156.4,323.9,36.8,44,29.5,35.8,11.2,23.8,0,0,0,0,28.4,998.7,17.4,3.4,27.9,10
Delhi,Delhi,07-06-2022,280,87.71,38,389.051,37,35.8897,38,10.7071,31,37.5217,30,1.2675,36,56.5581,36,43.2,30.8,0,12.4,204.2,294.4,37.3,42,30.6,36,11.1,22.2,0,0,0,0,40.7,998.3,17.6,2.9,25.7,10
Delhi,Delhi,08-06-2022,346,79.2756,39,370.411,38,31.0036,39,10.36,32,33.3635,31,1.45714,35,45.3292,36,44,31.9,0,12.2,210.2,314.1,37.3,44,31,36,10.5,21.5,0,0,0,0,44.6,998.1,16.2,2.5,27.1,10
Delhi,Delhi,09-06-2022,223,63.2418,39,281.822,39,34.9962,39,9.82812,32,39.3306,31,1.49889,36,57.5108,36,44,30.2,0,9.6,195.8,278.4,37.3,44,30.1,37,13.6,25.5,0,0,0,0,38.2,997.1,16.5,3.3,24,9
Delhi,Delhi,10-06-2022,303,75.0885,39,348.559,39,32.063,37,9.85781,32,37.7217,29,1.34257,35,37.4281,36,43.2,32,0,13.4,196.1,306.7,37.8,44.4,32,37.9,14.4,26.1,0,0,0,0,45,997.8,15.9,2.8,26.4,9
Delhi,Delhi,11-06-2022,256,70.3671,38,302.244,38,28.0253,36,10.8641,32,34.5438,29,1.1275,36,45.1494,36,44,32.1,0,13.7,191.1,312.3,37.7,44.1,30.6,37,11.9,22.1,0,0,0,0,46.4,998,8.3,3.2,26.8,10
Delhi,Delhi,12-06-2022,249,74.1641,37,288.473,37,33.2929,35,10.8887,32,37.4283,30,1.36028,36,54.0929,35,43,32,0,10.3,247,303.8,37.7,43.2,30.6,37.4,13.7,24.7,0,0,0,0,38.5,999.3,12.3,3.2,26.2,10
Delhi,Delhi,13-06-2022,200,53.1345,38,231.281,38,28.5775,36,8.58906,32,38.257,30,1.19278,36,46.5503,37,43,33.2,0,12.7,194.9,276.3,37.6,45.3,33.6,38.4,16.2,29.2,0,0,0,0,42.1,1001.2,58,3.4,23.8,9
Delhi,Delhi,14-06-2022,222,56.5003,38,248.119,38,22.4231,36,8.7825,32,38.7517,29,1.04194,36,43.7442,36,39.2,32,0,14.8,252.9,226.4,35.3,43.7,32,37.3,18.7,38,0,0,0,0,45.4,1000.8,67.4,3.1,19.5,8
Delhi,Delhi,15-06-2022,153,36.1503,38,137.12,38,19.5162,37,7.08125,32,39.8367,30,0.995429,35,45.2497,36,42,30,0,15.5,248.3,288.4,36.1,46.4,31.3,38.8,19.5,39.3,0,0,0,0,44.6,999,25,3.9,25.2,9
Delhi,Delhi,16-06-2022,132,36.5887,38,130.45,38,22.8767,36,7.88344,32,39.2087,30,1.09714,35,60.998,35,39.6,28.2,0.74,11.7,152.4,295.1,34.1,44.9,30.8,37.1,20.5,46.1,100,4.17,0,0,46.4,999.8,42.9,3.5,25.5,9
Delhi,Delhi,17-06-2022,88,28.5818,38,81.7695,38,28.8786,37,6.59687,32,44.2542,31,1.30568,37,36.7042,36,36,25,17.506,11.9,73.8,209.8,29.2,41.3,25,32.3,22.9,70.8,100,12.5,0,0,55.4,1001.1,76.8,3,18.1,7
Delhi,Delhi,18-06-2022,79,34.6763,38,75.1411,38,24.187,37,7.58656,32,46.4565,31,1.14371,35,35.4311,37,32,26.1,0.618,9.1,51.8,167.1,28.9,37.7,26.1,32.6,23.7,74.1,100,8.33,0,0,39.2,1002,87.9,2.4,14.4,6
Delhi,Delhi,19-06-2022,99,42.7081,37,108.104,37,23.87,36,7.95806,31,43.5323,30,0.986765,34,29.5161,36,31,25.2,0.06,7.6,268.9,163.6,28.1,36.5,25.2,31.1,23.3,75.8,100,4.17,0,0,31,1001.4,87.6,2.8,14.1,7
Delhi,Delhi,20-06-2022,124,54.7455,38,136.962,38,35.0016,37,9.34156,32,47.8567,30,1.28889,36,48.1036,36,32.3,25,0,6,174.5,279,29,38.1,25,31.3,21.6,65.6,0,0,0,0,20.9,999.7,79.9,2.8,24.1,8
Delhi,Delhi,21-06-2022,128,44.2295,38,123.211,38,34.9886,37,9.40406,32,43.1787,30,1.35057,35,39.8678,36,34,26.3,0.51,8,136.1,264.1,30.2,38.4,26.3,33,21.6,61.2,100,4.17,0,0,37.1,999,68.4,3.1,22.9,8
Delhi,Delhi,22-06-2022,139,51.5868,37,152.025,37,25.4194,36,9.80375,32,46.916,30,1.14743,35,54.8726,35,38,25,0,10.1,264.7,273,31,44.8,25,34.4,21.8,59.3,0,0,0,0,37.1,1003.5,56.1,3.2,23.5,9
Delhi,Delhi,23-06-2022,140,55.5395,38,179.399,38,27.5259,37,9.81344,32,44.9907,30,1.14771,35,55.6929,35,38,27.2,0,10.9,307,311.6,33.1,43,29.9,35.6,20.1,48.1,0,0,0,0,35.6,1004.4,24.5,3.6,26.7,9
Delhi,Delhi,24-06-2022,197,71.5018,38,222.948,38,35.0639,38,12.47,32,38.5268,31,1.32868,38,70.1753,38,40,27,0,8.2,275.6,322.7,33.3,41.4,27.9,33.7,15.6,38.6,0,0,0,0,33.5,1001.9,0,3.1,27.8,10
Delhi,Delhi,25-06-2022,230,80.1095,38,252.063,38,43.1924,38,14.5959,32,42.3729,31,1.68211,38,84.5192,38,40,26.8,0,5.9,91.8,319.5,34.3,43.5,28.2,34.6,15.4,34.8,0,0,0,0,18.4,999.2,3.8,3.6,27.5,10
Delhi,Delhi,26-06-2022,169,65.1984,38,168.108,38,33.4111,38,10.6581,31,51.1239,31,1.21632,38,47.2358,38,39.9,29.9,0,12.8,103,252.8,35,49.8,31.6,40.1,21.9,48,0,0,0,0,35.3,1000.1,27.7,3.4,21.8,9
Delhi,Delhi,27-06-2022,127,55.5732,38,133.953,38,25.0773,37,9.70323,31,53.4037,30,1.23811,37,47.4386,37,39.9,31.2,0,12.4,108.9,275.8,35.7,52.7,36.8,42.6,23.7,51.1,0,0,0,0,33.5,1001.1,27,3.3,24,9
Delhi,Delhi,28-06-2022,137,74.8892,38,169.904,38,28.9424,38,9.2875,32,49.862,30,1.31243,37,52.5389,37,41,31.5,0,9.8,107.8,260.9,35.9,51.3,37.9,43.8,24.4,53.1,0,0,0,0,35.3,998.3,54.3,3,22.8,8
Delhi,Delhi,29-06-2022,163,61.0292,38,179.761,38,26.4311,38,9.33781,32,47.9487,31,1.16889,36,54.2676,37,40,30.3,0,11.3,121.1,257.9,34.9,50.4,35.5,41.5,23.7,53.8,0,0,0,0,36,995.9,77.9,3.1,22.2,8
Delhi,Delhi,30-06-2022,116,38.1271,38,80.1261,38,22.8123,39,8.97469,32,45.441,31,1.36657,35,21.5742,36,32,24.9,104.603,8.5,123.7,38.8,27.7,40.2,24.9,31.3,25.3,88.2,100,16.67,0,0,42.5,999.3,89.9,2.3,3.3,2
Delhi,Delhi,01-07-2022,76,36.4934,38,70.8626,38,23.1162,39,8.23406,32,45.8848,31,1.42676,37,29.3667,36,31,25.6,1.701,7,75,154.2,28.2,40.9,25.6,33.5,26,88.6,100,4.17,0,0,24.5,999.6,92.5,2.5,13.4,6
Delhi,Delhi,02-07-2022,95,42.8803,38,95.2976,38,23.9669,39,9.61656,32,47.74,31,1.26371,35,32.8381,37,34,27,0.6,6.9,125.6,217.8,30.4,44.1,31.1,38,26.2,79,100,8.33,0,0,24.5,997.6,81.9,2.7,18.7,8
Delhi,Delhi,03-07-2022,76,30.8347,38,65.9563,38,27.4946,39,9.11531,32,50.8442,31,1.82306,36,34.8968,37,35.1,26.8,0.085,9,116.8,202.5,30.6,46.9,30.5,39,26.6,80.2,100,4.17,0,0,30.2,998.5,81.2,2.9,17.5,8
Delhi,Delhi,04-07-2022,113,62.8868,37,132.494,38,30.2995,39,8.88719,32,46.6787,31,1.69216,37,46.7173,37,36,27.9,0.51,6.7,113.1,207.1,32.7,48,33.8,42,26.5,71.6,100,4.17,0,0,28.1,998.6,80.3,3.2,17.9,8
Delhi,Delhi,05-07-2022,161,64.1222,37,132.259,38,24.6474,39,7.59406,32,50.1571,31,1.37486,37,38.5214,37,37.2,30.4,0.1,8,102.2,216.8,33.8,48.7,40.6,43.6,26.3,66.1,100,4.17,0,0,28.1,998.6,69.5,3.5,18.6,7
Delhi,Delhi,06-07-2022,104,51.4495,38,111.463,38,22.5154,39,9.05719,32,59.69,31,1.23568,37,36.37,37,37.8,30.4,0,12,90,249.2,34.2,49.4,39.6,44.3,26.3,64.6,0,0,0,0,34.9,1001,65.3,2.9,21.6,8
Delhi,Delhi,07-07-2022,100,39.7434,38,97.6316,38,20.4359,39,10.6544,32,53.6139,31,1.13351,37,36.3392,36,38,31.4,0,12,88.5,248.8,34.6,48,40.6,43.3,25.3,59.3,0,0,0,0,31,1002.8,64.5,3.7,21.4,9
Delhi,Delhi,08-07-2022,94,37.3668,38,97.1195,38,23.3074,39,10.5853,32,45.9661,31,1.2927,37,43.52,37,38.2,31,0,10.1,108.8,272.2,34.9,47.6,38.5,42,24.1,54.8,0,0,0,0,27,1000.4,49.4,3.6,23.4,8
Delhi,Delhi,09-07-2022,110,41.1674,38,105.695,38,21.5649,39,10.4022,32,42.3916,31,1.08189,37,31.4954,37,35,28.7,0,12.2,102.3,177.8,32,46.7,33.6,39.2,24.9,66.5,0,0,0,0,38.9,998.8,60.9,3.2,15.3,7
Delhi,Delhi,10-07-2022,71,32.9195,38,76.9595,38,19.3905,38,10.3778,32,39.0847,30,1.0473,37,33.6889,37,34,28.3,0,9.2,74.5,178.6,31,43.9,33.9,38.2,25.6,73.6,0,0,0,0,33.5,1000.4,64,3.7,15.3,7
Delhi,Delhi,11-07-2022,95,45.4247,38,98.7221,38,26.5474,39,9.88094,32,37.2945,31,1.79243,37,52.3751,37,36,28.7,0.851,4.3,193.3,272,31.8,44.7,32.7,38.6,24.9,67.9,100,4.17,0,0,33.5,1000.9,56.6,3.3,23.4,9
Delhi,Delhi,12-07-2022,87,42.1289,37,90.5524,38,27.4292,39,9.10531,32,40.1274,31,1.44838,37,32.6297,36,33,28,2.149,5.9,75.5,228.2,30.3,42.4,34.3,38,26.2,80.1,100,4.17,0,0,33.5,1000.5,66.2,2.9,19.8,8
Delhi,Delhi,13-07-2022,89,35.1695,37,91.6513,38,22.1797,38,9.46406,32,40.8987,31,1.25757,37,35.7853,36,36,28,0,6.7,92.5,242.5,31.5,45.6,31.9,39.2,25.8,73.3,0,0,0,0,28.1,998.5,66.7,3.4,20.9,9
Delhi,Delhi,14-07-2022,87,30.8279,38,91.825,38,21.9472,39,9.30969,32,37.3658,31,1.12324,37,35.8076,37,36,29.4,0.03,10.2,62.3,261.1,32.1,49.4,35.5,40.1,25.5,69,100,4.17,0,0,37.1,998,62.4,3.9,22.6,8
Delhi,Delhi,15-07-2022,79,26.6808,37,82.6081,37,18.2705,38,8.90677,31,39.2768,31,1.13162,37,38.4365,37,37,28.6,0,12.8,93.4,272.5,32.9,46,34.1,39.8,24.7,63.7,0,0,0,0,47.9,999.6,71.4,4,23.6,9
Delhi,Delhi,16-07-2022,81,25.5418,38,60.5189,38,22.4587,39,10.1263,32,37.4861,31,1.38216,37,32.6167,36,35.4,25.8,18.058,10.5,96.2,216.6,29.4,45.9,25.8,34.5,25.4,80.4,100,8.33,0,0,42.5,1000.9,71.9,3.1,18.6,8
Delhi,Delhi,17-07-2022,61,28.9368,38,60.4165,37,18.5021,39,8.33719,32,36.6252,31,1.09757,37,38.7592,36,34.1,25.9,10.552,8.1,62.9,215.5,29.9,46.7,25.9,36.6,26.2,81.9,100,8.33,0,0,33.8,1002.8,78.3,3.2,18.6,8
Delhi,Delhi,18-07-2022,92,43.2421,38,105.111,38,22.1405,39,9.00875,32,37.38,31,1.25056,36,41.7492,37,37.1,28.9,0,6.3,65,252.3,33.2,54.5,35.6,42.9,26.3,68.8,0,0,0,0,27.7,1001.3,61,3.5,21.8,8
Delhi,Delhi,19-07-2022,105,42.9468,38,109.422,38,28.0818,38,8.85656,32,44.0547,30,1.52389,36,40.6138,37,37,29,10,7.8,114.2,211.5,32.4,45.8,36.8,42.2,26.7,73.5,100,12.5,0,0,40.7,999.9,66,3.4,18.1,8
Delhi,Delhi,20-07-2022,98,34.323,37,79.383,37,23.9292,36,8.7275,32,46.5755,29,1.39361,36,25.43,36,34,25.3,60.975,7.9,252.7,123.7,29.3,47.9,25.3,36.6,26.8,87.1,100,12.5,0,0,40.7,1000,90.5,3.1,10.5,4
Delhi,Delhi,21-07-2022,70,44.5876,38,91.9668,38,27.1562,37,8.64156,32,43.9928,29,1.54486,37,39.7984,37,32.4,25.9,2.2,4,343.6,116.7,29,41.1,25.9,34.3,25.8,84,100,16.67,0,0,19.1,1002.5,92.1,3.3,9.9,4
Delhi,Delhi,22-07-2022,140,55.1842,38,103.537,38,26.3019,37,9.75687,32,42.0917,29,1.59459,37,31.4422,37,32.8,27.8,7.09,5.4,59,203.6,29.4,43.5,34.2,37.5,26.9,86.7,100,12.5,0,0,23.4,1003.7,92,2.2,17.6,8
Delhi,Delhi,23-07-2022,72,29.6968,38,61.3353,38,21.6754,37,9.01781,32,42.6548,29,1.18886,35,29.5489,37,33.1,26.9,0.568,11.7,93.8,135.9,29.7,43.7,31.3,37.4,26.8,85.6,100,4.17,0,0,43.2,1002.1,87.1,2.8,11.6,6
Delhi,Delhi,24-07-2022,72,24.8211,38,56.6208,38,17.4362,37,8.52094,32,39.8607,29,1.28829,35,34.1835,34,34.4,27,3.285,12.4,97.1,209.1,30,44.4,31.2,37.7,26.5,82.5,100,12.5,0,0,50.4,1001.9,74,3,18.2,8
Delhi,Delhi,25-07-2022,67,24.8395,38,56.7461,38,17.6597,37,8.92156,32,40.4431,29,1.11694,36,32.9981,37,34,27,2.197,13.6,96.9,216.6,30,43.4,31.2,36.9,26,80.3,100,4.17,0,0,39.6,1004.1,73.9,3.3,18.8,7
Delhi,Delhi,26-07-2022,69,28.3046,37,60.1757,37,17.6936,36,10.211,31,38.6157,28,1.14371,35,29.865,36,32.8,27,0,11.2,107.9,187.4,29.4,42.1,31.2,35.8,25.7,81,0,0,0,0,39.2,1005.3,68.8,3,16.2,7
Delhi,Delhi,27-07-2022,74,30.9876,38,67.5129,38,18.5014,37,8.99781,32,36.3648,29,1.09568,37,29.4949,37,33.6,27,0,9.1,111,207.6,30,43.2,30.6,37.4,26.1,80,0,0,0,0,32.8,1004.7,80.5,3.3,18.1,7
Delhi,Delhi,28-07-2022,68,22.4384,38,55.1208,38,20.5738,37,8.15094,32,34.3976,29,1.06694,36,27.5705,37,32,26.9,17.162,6.8,164.1,146.8,28.6,42.3,30.5,34.6,26,86.3,100,8.33,0,0,22.3,1006,86.7,3.2,12.8,7
Delhi,Delhi,29-07-2022,71,19.8355,38,54.5813,38,19.0565,37,7.88281,32,33.0755,29,1.26541,37,22.9975,36,32,26,2.448,6.9,203.6,109.9,28,42.3,26,32.5,26,89.2,100,4.17,0,0,29.5,1005.5,95,3,9.4,5
Delhi,Delhi,30-07-2022,58,22.7624,38,59.3558,38,20.7622,37,7.91219,32,32.0631,29,1.42108,37,21.5232,37,31.6,26.4,15.76,5.9,251.7,90.8,28.4,40.6,26.4,34,26,86.9,100,8.33,0,0,23.4,1003.7,92.1,3,7.7,4
Delhi,Delhi,31-07-2022,71,24.4819,37,61.2074,38,24.0208,37,7.355,32,35.5928,29,1.25811,37,26.8135,37,32,26,11.422,4.2,262.3,181.9,28.7,40.3,26,33.6,25.6,84.3,100,8.33,0,0,27.7,1001.2,87.7,3.3,15.6,6
Delhi,Delhi,01-08-2022,71,26.6647,38,73.2087,38,21.1376,38,7.91312,32,34.4197,30,1.26054,37,26.7635,37,34,27.3,0,8.1,245.4,185.9,29.7,42,31.9,36.1,25.6,79.6,0,0,0,0,27.7,1001.4,84.1,3.9,16,7
Delhi,Delhi,02-08-2022,84,32.4524,38,98.0039,38,25.1697,38,8.32594,32,38.091,30,1.6175,36,34.1636,36,35,27,0,7.9,251.8,225,31,44.9,31.2,38.2,25.9,75.9,0,0,0,0,24.8,1000.8,50.7,3.6,19.5,7
Delhi,Delhi,03-08-2022,122,48.665,36,129.314,36,29.78,36,7.90033,30,42.5262,29,1.43139,36,37.3,36,34,28,5.955,5.5,106.9,183.4,30.8,43.3,33.5,38.5,26,76.1,100,4.17,0,0,24.8,1002.1,68,3.1,15.8,6
Delhi,Delhi,04-08-2022,112,46.8736,36,97.7297,36,24.2653,36,8.874,30,48.3221,29,1.21833,36,33.1189,36,32.7,27,4.928,7.1,113.4,124.6,29.4,42.9,31.2,36.6,26.4,84.6,100,8.33,0,0,24.8,1002.8,86.2,2.7,10.7,6
Delhi,Delhi,05-08-2022,72,38.6514,36,71.0683,36,22.5961,36,8.90467,30,45.9383,29,1.66833,36,22.1089,35,30,26.9,10.577,5.4,113.7,108.7,27.9,39.9,30.6,33.8,26.5,92.1,100,16.67,0,0,27,1001.6,85.6,2.4,9.5,4
Delhi,Delhi,06-08-2022,98,52.0667,36,103.546,36,25.8797,36,8.62533,30,45.0538,29,1.5225,36,35.7943,35,33,27,0,5,100,220.2,30.2,44.1,31.8,39.1,27.2,84.5,0,0,0,0,18,999.7,74.7,2.9,18.9,7
Delhi,Delhi,07-08-2022,118,46.6489,36,92.7339,36,24.1786,36,7.41241,29,44.0659,29,1.3725,36,26.2956,36,30,26,6.63,7,104.3,80.8,27.6,40.4,26,32.4,26.4,93.3,100,4.17,0,0,55.4,999.8,89.8,2.6,7,3
Delhi,Delhi,08-08-2022,84,44.9831,36,99.3986,36,27.4667,36,9.15367,30,42.3179,29,1.64611,36,45.995,36,34.3,26,0,4.9,86.5,237.7,30.1,43.4,26,36.1,25.9,79.9,0,0,0,0,24.8,999.5,74.6,3,20.6,8
Delhi,Delhi,09-08-2022,112,41.7936,36,104.183,36,23.8136,36,9.715,30,40.421,29,1.32444,36,35.7094,36,35.6,28,0.134,6.8,101.6,249.3,32,46.6,34.5,41.6,26.8,75.3,100,4.17,0,0,33.8,999.1,58.1,3.5,21.6,8
Delhi,Delhi,10-08-2022,102,27.0931,36,83.3372,36,22.7227,37,10.334,30,41.774,30,1.08361,36,36.7581,36,35.7,29,0,9.6,97.3,262.4,32.5,45.3,36.4,40.6,25.6,68.9,0,0,0,0,30.2,997.9,52.4,4.5,22.6,9
Delhi,Delhi,11-08-2022,75,17.93,36,66.9762,37,19.613,37,10.0357,30,40.195,30,1.1025,36,25.4597,36,32,27,0.03,12.4,88.6,105.8,29.6,40.5,29.6,35.1,24.5,73.9,100,4.17,0,0,64.4,999.8,69.9,4.1,9.1,5
Delhi,Delhi,12-08-2022,88,19.7806,36,70.8249,37,19.7151,37,9.48067,30,37.964,30,1.03857,35,32.246,35,36,27.3,0,12.8,87.9,252.2,31.2,43.8,31.3,37.6,25,71.1,0,0,0,0,50,999.8,50.5,4.2,21.8,9
Delhi,Delhi,13-08-2022,80,27.6167,36,68.3984,37,19.9811,37,9.44167,30,36.763,30,1.29861,36,36.3975,36,34.1,28,0,10.6,117.4,228.2,30.9,43.9,32.7,37.9,25.4,73.4,0,0,0,0,48.2,999.5,65.9,3.7,19.9,7
Delhi,Delhi,14-08-2022,84,26.4328,36,67.5132,37,20.7959,37,9.045,30,34.9703,30,1.174,35,36.3089,35,32.5,27,5.747,7.6,157.4,178.9,28.9,41.9,31.2,35.6,26.4,86.6,100,8.33,0,0,31.7,1002.1,72.1,3.6,15.3,6
Delhi,Delhi,15-08-2022,62,19.2171,35,48.0964,36,15.5128,36,9.28621,29,38.3679,29,1.13588,34,29.2276,33,34,27,0,9.1,61.7,102.1,29.3,44.2,31.1,35.1,25.5,81.3,0,0,0,0,37.1,1003.4,87.9,4.2,8.8,4
Delhi,Delhi,16-08-2022,63,16.1623,35,53.3776,37,17.1159,37,9.5669,29,36.5097,30,0.975833,36,29.1914,36,32.4,27.7,2.448,18.6,93,64.9,29.1,39.2,31.9,34.4,24.8,78.7,100,8.33,0,0,55.4,1001.6,87.7,3.1,5.8,2
Delhi,Delhi,17-08-2022,60,15.3034,35,41.4808,37,19.0192,37,9.37067,30,34.2653,30,1.075,36,31.4178,36,33.3,26,0,13.9,122.7,210,29.2,40.9,26,33.8,24.5,76.8,0,0,0,0,40.7,1002.9,76.8,3.8,18.1,7
Delhi,Delhi,18-08-2022,72,20.3925,36,65.7165,37,21.0657,37,9.574,30,33.494,30,1.17167,36,38.0953,36,34.5,26.9,0,7.8,190.1,221.3,30.3,47.2,30.6,36.6,25.3,76.1,0,0,0,0,25.9,1002.1,52.6,4.2,19.1,7
Delhi,Delhi,19-08-2022,71,18.4211,36,63.3711,37,17.1686,37,9.899,30,32.9343,30,0.984444,36,33.5322,36,34.7,28,0,11.9,264.8,227.7,31.1,44.6,33.5,37.7,25.1,71.6,0,0,0,0,35.6,1002,52,4.8,19.5,7
Delhi,Delhi,20-08-2022,80,32.0624,37,90.3903,37,23.1924,37,9.91267,30,32.2853,30,1.38972,36,29.1819,36,32,27,6.851,4.3,231.6,166.1,29.6,39.1,31.2,36.5,25.9,80.8,100,4.17,0,0,21.6,1003.5,81.9,3.5,14.4,6
Delhi,Delhi,21-08-2022,114,46.9447,36,118.688,37,22.9989,37,9.55931,29,33.984,30,1.15694,36,34.5414,36,35,27.9,1.344,6.6,296.8,206.6,30.9,44.1,33.8,38.5,26,76.7,100,4.17,0,0,19.8,1001.5,77.3,3.2,17.8,8
Delhi,Delhi,22-08-2022,104,35.9917,36,97.0673,37,18.7311,37,9.759,30,38.3093,30,1.00056,36,33.9369,36,35.2,28.9,0,10.5,90.9,184.4,31.5,45.1,36.5,39.9,26,74.3,0,0,0,0,31.7,999.7,74.9,3.5,15.9,7
Delhi,Delhi,23-08-2022,83,25.3514,36,69.8708,37,17.2814,37,9.48733,30,36.184,30,0.880882,34,33.3264,36,33.6,28,0,16.6,109.3,219.9,30.7,40.8,32.7,36.8,24.7,71.4,0,0,0,0,55.4,1001,70.5,4,18.9,7
Delhi,Delhi,24-08-2022,63,22.7456,36,58.9814,37,23.0303,37,8.51133,30,34.482,30,1.18722,36,29.4453,36,33,27,5.104,11.6,117.9,188.1,29.1,39.2,30.6,34.7,25.3,80.9,100,4.17,0,0,34.6,1005.2,71.3,3.6,16.3,7
Delhi,Delhi,25-08-2022,96,36.1325,36,102.501,37,24.58,37,7.62867,30,33.8013,30,1.274,35,50.3517,35,34,26,0,4.7,197.7,208.7,30.1,39.9,26,34.9,24.3,72.3,0,0,0,0,19.8,1004.7,58.6,3.6,17.9,7
Delhi,Delhi,26-08-2022,113,35.9833,36,107.45,37,19.6181,37,7.616,30,33.5857,30,1.05429,35,35.6744,36,35,27,0,9.9,267.6,209,30.7,41.9,30.6,36.7,24.9,73,0,0,0,0,29.5,1004,50.1,3.9,18.1,7
Delhi,Delhi,27-08-2022,105,31.9257,35,108.08,36,17.5846,37,7.246,30,33.9843,30,1.05806,36,37.028,35,35,27,0.17,11.7,247.9,253.3,30.7,42,30.6,36.1,24.3,70.2,100,4.17,0,0,35.3,1003.1,47.4,3.8,21.8,9
Delhi,Delhi,28-08-2022,119,36.9664,36,141.529,37,18.5738,37,7.044,30,32.954,30,1.22944,36,37.2197,35,34.2,27,0,10.8,247.6,226.2,30.6,39.7,29.6,34.7,23.1,65.9,0,0,0,0,35.3,1003.7,57,3.9,19.3,8
Delhi,Delhi,29-08-2022,144,40.1422,37,141.903,37,20.843,37,7.577,30,31.8207,30,1.05657,35,46.2564,36,34.8,26,0.851,8.3,187.8,237.3,30.3,41.3,26,34.2,23.1,66.9,100,4.17,0,0,25.9,1007.5,67.2,3.5,20.4,8
Delhi,Delhi,30-08-2022,116,48.5886,37,131.353,37,29.577,37,7.685,30,33.069,30,1.35543,35,44.5261,36,35,26.7,1.514,3.3,176.1,240.6,30.2,44.9,30.3,36.8,25.5,77.4,100,8.33,0,0,19.4,1007.9,76,3.3,20.7,8
Delhi,Delhi,31-08-2022,124,44.0514,37,127.498,37,22.9173,37,7.16467,30,34.6673,30,1.31889,36,44.4772,36,37,27,0,6.1,251.8,238,31.5,43.8,30.6,37,24.1,66.9,0,0,0,0,26.6,1005.3,46.5,4.3,20.6,8
Delhi,Delhi,01-09-2022,121,45.2449,37,126.721,37,25.35,36,6.296,30,35.3421,29,1.25222,36,51.5528,36,36.5,28,0,5.9,266,229.1,32,45.5,33.5,38.8,24.9,67.9,0,0,0,0,25.6,1005.1,58.7,3.6,19.9,8
Delhi,Delhi,02-09-2022,110,45.6165,37,124.332,37,32.2128,36,7.525,30,34.1579,29,1.59371,35,38.6783,36,35,28,7.656,5.9,256.3,232.4,31.6,43.3,32.7,38,24.6,67.5,100,4.17,0,0,20.2,1006.4,70.5,3.6,20.1,8
Delhi,Delhi,03-09-2022,119,33.3046,37,114.869,37,24.0597,36,7.50133,30,34.6307,29,1.20857,35,32.9606,36,36,28,0,10.2,253.7,237,32.2,41.7,30.2,36.6,22.6,59,0,0,0,0,33.8,1004,52.9,4.3,20.5,8
Delhi,Delhi,04-09-2022,115,26.5903,37,94.2505,37,22.6567,36,6.69433,30,32.0117,29,1.17912,34,38.6597,36,37,28,0,10.2,234.8,259.9,32.3,42.1,30.6,36.4,22.2,56.6,0,0,0,0,36.4,1002.7,30.8,4.9,22.4,8
Delhi,Delhi,05-09-2022,102,27.1119,37,98.363,37,25.8736,36,6.33367,30,30.0379,29,1.19118,34,43.2389,36,37,27,0,8,269.1,247.8,31.9,40.9,29.6,35.9,22.3,58.7,0,0,0,0,28.8,1004.6,44.3,4.7,21.5,8
Delhi,Delhi,06-09-2022,119,40.4978,37,127.823,37,27.8881,36,6.81167,30,32.4328,29,1.20029,34,42.2919,36,36,28,0,7.3,292.1,244.3,31.7,40.6,30.6,35.7,22.4,59.4,0,0,0,0,20.5,1005.9,39.1,3.8,21,8
Delhi,Delhi,07-09-2022,133,46.4535,37,131.826,37,29.3125,36,9.12,30,33.0438,29,1.16818,33,54.5117,36,36.5,27.6,0,4.4,311.8,235.3,32.1,41.5,31.7,36.4,22.6,59.3,0,0,0,0,22.3,1007.4,39.1,3.6,20.2,8
Delhi,Delhi,08-09-2022,136,64.0478,37,153.521,37,27.3947,36,8.97267,30,31.6603,29,1.20714,35,64.0792,36,36.2,28.3,0,5.7,50.7,226.7,32.2,42.7,32.5,37.5,23.6,61.8,0,0,0,0,17.3,1008.3,38.1,3.2,19.6,7
Delhi,Delhi,09-09-2022,141,59.7554,37,125.858,37,23.4286,36,6.98333,30,32.4797,29,1.15765,34,53.8217,36,37,27.9,0,6.5,97.9,219.7,32.2,43.6,32.4,38.3,24.2,64.8,0,0,0,0,25.6,1007.5,50.2,3.4,19,7
Delhi,Delhi,10-09-2022,110,49.5911,37,101.079,37,22.0522,36,6.77933,30,32.5038,29,1.12971,34,42.2472,36,35.3,29,0,9.4,106.1,200.8,31.6,45.1,34.5,39.3,25.7,71.9,0,0,0,0,24.8,1006.6,54.7,3,17.3,7
Delhi,Delhi,11-09-2022,85,32.4981,37,81.6678,37,21.0311,36,7.56367,30,32.4545,29,1.15,34,42.7164,36,36,27.9,0,9.4,105.8,221.4,31.8,42.8,32.7,37.9,24.4,66.6,0,0,0,0,31,1004.4,39.6,3.9,19,8
Delhi,Delhi,12-09-2022,84,27.4731,36,78.7578,36,20.3471,35,8.57733,30,31.5324,29,1.17212,33,39.012,35,36.5,28,0,10.9,96.7,206.9,31.8,43.5,31.9,36.9,23.5,62.8,0,0,0,0,33.5,1003.1,44.4,3.8,17.8,8
Delhi,Delhi,13-09-2022,72,20.3544,36,64.3231,36,20.452,35,7.748,30,30.9238,29,1.01061,33,31.8049,35,34,25,8.552,10,90.7,182.1,30,40.6,25,33.8,23.6,70.4,100,4.17,0,0,37.1,1003.7,69.9,4.2,15.6,6
Delhi,Delhi,14-09-2022,71,18.0383,36,57.9936,36,18.524,35,7.63467,30,29.6431,29,0.98625,32,29.8212,33,32,26,9.403,13.2,77.3,109.3,28.5,38.3,26,32.6,24.3,78.6,100,8.33,0,0,49.7,1004.3,76.8,3.3,9.2,5
Delhi,Delhi,15-09-2022,57,16.3541,34,38.6751,35,16.6579,33,7.35828,29,31.2007,27,0.869375,32,26.8488,34,30,24,5.253,10.8,61.2,67.4,26.4,37.8,24,28,25.1,92.7,100,16.67,0,0,37.1,1002.4,92.2,2.9,5.6,5
Delhi,Delhi,16-09-2022,47,16.45,34,29.9863,35,19.0815,34,6.85069,29,28.6739,28,1.27625,32,22.7355,33,26,24,8.253,6.9,354.1,51.7,24.8,26,24,24.8,24.2,96.6,100,12.5,0,0,24.5,1000.4,97.1,2.4,4.4,3
Delhi,Delhi,17-09-2022,70,33.1624,34,93.9771,34,22.2291,33,7.39241,29,29.1786,28,0.981935,31,34.185,34,33.2,24,0,6.1,277.8,197.6,28.5,42.1,24,32.3,24.8,82.2,0,0,0,0,24.5,1002.5,63.7,3.1,17,7
Delhi,Delhi,18-09-2022,119,46.7963,32,134.294,32,27.3448,31,8.0631,29,30.8039,28,1.33533,30,50.9642,31,35,25.3,0,3.2,318.4,224.5,29.5,40,25.3,32.9,23.9,73.6,0,0,0,0,31,1005.6,38.4,3.1,19.3,8
Delhi,Delhi,19-09-2022,182,68.9706,36,177.378,36,32.9889,35,7.86267,30,33.9976,29,1.45594,32,38.5539,31,33,26.5,5.104,5.5,335.8,161.9,29.3,41.4,26.5,34.1,24.6,77.3,100,4.17,0,0,23.8,1005.9,63.4,2.9,14,6
Delhi,Delhi,20-09-2022,130,49.3966,35,117.378,35,28.3951,35,8.76172,29,34.5969,29,1.46097,31,38.3726,34,33.5,26.1,0.17,4.8,45.8,174.3,28.8,40.4,26.1,33.1,24.2,77.1,100,4.17,0,0,19.4,1005.8,71.7,3,15.3,7
Delhi,Delhi,21-09-2022,109,42.5034,35,98.1591,34,30.5665,34,7.69724,29,36.5589,28,1.18793,29,28.5,34,32.3,25.3,3.448,5.4,65.8,114.5,27.1,40.6,25.3,29.2,24.7,87.1,100,4.17,0,0,27.4,1005.7,87.9,2.9,10,6
Delhi,Delhi,22-09-2022,66,25.9194,35,49.6511,35,21.0712,34,7.78483,29,35.0386,28,0.97871,31,18.7594,34,27.7,24.6,49.664,7.9,23,101.2,25.4,32.4,24.6,25.9,24.7,95.9,100,16.67,0,0,35.3,1005.2,96.3,2.4,8.8,5
Delhi,Delhi,23-09-2022,57,26.914,35,39.5974,34,23.275,34,6.18448,29,33.7704,28,1.02133,30,21.4855,33,27,24,47.403,7.6,57.1,68.9,25,31.8,24,25.5,24.7,98.2,100,20.83,0,0,42.5,1003.8,100,2.2,5.9,3
Delhi,Delhi,24-09-2022,54,23.5726,35,36.3591,35,20.4018,34,6.7231,29,30.9907,28,0.944375,32,19.8621,34,27,24.4,19.896,12.4,93,39,25.3,31.8,24.4,25.5,24.8,97.2,100,20.83,0,0,35.3,1002.1,99.7,2,3.4,2
Delhi,Delhi,25-09-2022,52,21.8809,35,52.2185,34,24.278,35,5.96862,29,28.8403,29,1.48788,33,25.1449,35,30,24.7,0,6.4,233,188.8,27,35.2,24.7,29.3,24.1,84.8,0,0,0,0,31,1005.1,78.9,3.5,16.4,6
Delhi,Delhi,26-09-2022,100,47.7706,36,112.655,36,28.8443,35,7.15655,29,27.3683,29,1.54333,33,34.0638,34,32.3,24.7,0,4.2,307.1,210.5,28.1,38.8,24.7,31.3,24.6,82.4,0,0,0,0,29.9,1008.7,44.2,2.7,18.3,7
Delhi,Delhi,27-09-2022,108,40.0908,36,117.435,36,29.0354,35,6.8869,29,29.161,29,1.44061,33,36.5169,35,33,24.4,0,5,282.8,227.9,28.6,37.7,24.4,31.2,23.6,76.5,0,0,0,0,29.5,1007.7,37.4,3.1,19.5,8
Delhi,Delhi,28-09-2022,140,54.8633,36,158.466,36,33.5583,35,7.15833,30,31.7517,29,1.46212,33,40.3057,35,34,25,0,4.3,288.3,220.9,29.2,38,25,32,22.9,71.1,0,0,0,0,25.2,1006.5,20,3,19.2,8
Delhi,Delhi,29-09-2022,151,65.5978,36,162.36,36,29.4683,35,7.12759,29,33.9696,28,1.43586,29,44.0273,33,33.3,25,0,5.6,301.8,221.6,28.8,37.2,25,31.6,22.9,71.6,0,0,0,0,28.4,1006.3,16.4,2.8,19,8
Delhi,Delhi,30-09-2022,173,79.7139,36,183.059,36,34.014,35,7.76633,30,34.2639,28,1.54879,33,46.4883,35,33.6,25,0,5.1,291.1,228.7,28.9,39.3,25,31.9,23.3,73.5,0,0,0,0,31.3,1006.7,28.3,2.6,19.9,8
Delhi,Delhi,01-10-2022,186,81.4683,36,196.643,36,35.7486,35,8.26241,29,38.019,29,1.72235,34,49.6971,35,33.2,25,0,5.6,302.1,224.4,29.1,37,25,31.5,22.8,72,0,0,0,0,32.4,1005.8,12.1,2.6,19.3,8
Delhi,Delhi,02-10-2022,181,69.1722,36,178.3,35,32.8389,35,8.13483,29,36.1859,29,1.73382,34,49.6323,35,34.8,24.8,0,6.5,284.6,227.6,29.4,37.2,24.8,31.4,21.6,65.1,0,0,0,0,33.8,1006.1,6.4,2.6,19.7,8
Delhi,Delhi,03-10-2022,128,42.6997,36,138.57,36,32.9614,35,7.325,30,33.8293,29,1.15971,34,48.5532,34,34.1,24,0,9.1,283.7,234.1,29,35.8,24,30.2,19.8,59.4,0,0,0,0,35.6,1007.1,9.4,3.3,20.2,8
Delhi,Delhi,04-10-2022,150,62.9114,36,165.086,36,35.7391,35,9.085,30,34.4152,29,1.63353,34,59.1853,34,33.8,24,0,5.3,289.3,208.7,29,38.2,24,31.4,21.4,64.7,0,0,0,0,18.7,1008.7,23.4,2.8,17.8,7
Delhi,Delhi,05-10-2022,211,89.3392,36,186.475,36,34.7886,35,9.15933,30,37.1166,29,1.35647,34,57,35,33.5,25.6,0,5.1,69.6,191.9,28.7,39.1,25.6,31.5,22.5,69.7,0,0,0,0,21.6,1007.9,50.4,2.2,16.7,6
Delhi,Delhi,06-10-2022,79,17.3953,36,52.1967,36,19.132,35,8.676,30,36.9903,29,0.916471,34,24.9206,35,29.9,24,0,10.9,104.6,183.6,26,33.8,24,26.9,21.8,78.3,0,0,0,0,27.7,1009.2,61.5,3,16,7
Delhi,Delhi,07-10-2022,55,16.3271,35,42.7883,35,19.3353,34,7.25862,29,37.5961,28,1.00156,32,22.5124,33,26.2,23,0.3,10.9,83.6,57.4,24.4,26.2,23,24.4,22.4,88.9,100,8.33,0,0,30.2,1009.8,94.8,2.5,4.9,3
Delhi,Delhi,08-10-2022,56,14.6876,34,27.4206,34,20.0161,33,7.06286,28,36.1989,27,0.813636,33,20.9976,33,24.1,21,73.499,13.2,77.6,19.2,22.6,24.1,21,22.6,22.3,98.3,100,25,0,0,29.5,1010.6,99.5,1.8,1.7,1
Delhi,Delhi,09-10-2022,48,9.61,35,17.2635,34,17.5121,34,6.41586,29,34.3768,28,0.7025,32,21.74,34,24,21,29.609,11,56.8,27.5,22,24,21,22,21.8,99,100,25,0,0,28.1,1010.1,100,1.6,2.2,2
Delhi,Delhi,10-10-2022,44,15.1429,35,31.2266,35,20.075,34,6.76793,29,32.5418,28,0.82303,33,20.8106,34,24,20.4,9.603,9.5,70.6,105,22,24,20.4,22,21.6,97.2,100,20.83,0,0,23,1011.7,100,2.2,9.1,4
Delhi,Delhi,11-10-2022,66,36.1736,36,83.6261,36,33.6511,35,7.23767,30,34.399,29,1.7903,33,36.6446,35,29,21.5,6.124,3.5,147.3,121.2,24.8,33.6,21.5,25.7,22.4,87.1,100,8.33,0,0,22,1009.9,82.5,2.6,10.5,5
Delhi,Delhi,12-10-2022,143,62.5472,36,146.594,36,36.0197,36,6.37633,30,34.3183,30,1.19206,34,47.5843,35,30,21,0,5.2,280.7,182.6,25.3,31.9,21,26,21.7,81.7,0,0,0,0,22,1011.2,49.9,2,15.8,7
Delhi,Delhi,13-10-2022,130,53.6211,36,142.276,36,34.5831,36,7.481,30,35.379,30,1.21394,33,49.4949,35,30.6,20.4,0,5.4,281.7,217.8,25.3,32.8,20.4,25.7,19.7,73.6,0,0,0,0,26.6,1012.3,8.1,2.7,18.6,8
Delhi,Delhi,14-10-2022,154,72.8927,37,178.692,37,39.0069,36,8.51633,30,37.9579,29,1.29343,35,58.2697,35,30.8,21,0,5.7,285.8,223.5,25.5,32,21,25.8,19.4,71.6,0,0,0,0,25.9,1012.1,0.4,2.8,19.2,8
Delhi,Delhi,15-10-2022,186,90.0095,37,215.692,37,42.4667,36,8.955,30,43.0847,30,1.96212,33,65.0057,35,32,21,0,3.5,292.6,222.9,25.8,32,21,26.1,19.2,69.8,0,0,0,0,24.8,1011.4,3.3,2.3,19.2,8
Delhi,Delhi,16-10-2022,232,105.618,36,245.375,36,46.8528,36,10.3,30,48.1103,29,1.89029,34,70.7076,34,32,19.6,0,3.3,282,220.4,25.3,32.4,19.6,25.6,18.7,70.1,0,0,0,0,14.4,1013.5,0.1,2.2,19.1,8
Delhi,Delhi,17-10-2022,237,108.9,36,261.404,36,54.5803,36,9.90933,30,50.8773,30,1.73229,35,65.4989,35,31.6,19.4,0,3.9,263.9,218.7,25.4,31.9,19.4,25.5,17.6,66.2,0,0,0,0,19.8,1013.6,0,2.4,19,8
Delhi,Delhi,18-10-2022,241,109.665,36,267.423,37,54.2569,35,11.082,30,48.871,30,2.44514,35,62.99,34,33,19.6,0,3.2,252.5,219.9,25.7,31.7,19.6,25.5,15.6,57.8,0,0,0,0,17.6,1012.1,0,2.6,19.1,8
Delhi,Delhi,19-10-2022,228,101.487,36,267.814,37,54.4911,35,8.826,30,46.0777,30,2.62853,34,59.8506,35,33,19.7,0,3.2,202.4,215.1,26.5,32.5,19.7,26.3,14.6,50.8,0,0,0,0,13.3,1011.7,0.2,3.1,18.6,8
Delhi,Delhi,20-10-2022,232,111.163,36,272.467,36,59.2414,35,9.17,30,49.835,30,2.25194,36,60.7117,35,33.3,19.4,0,2.7,118.4,211.2,26.2,33.4,19.4,26,15.1,54.1,0,0,0,0,14.4,1013.4,15.2,3.1,18,8
Delhi,Delhi,21-10-2022,262,117.309,36,285.823,37,54.7044,36,9.08967,30,47.4347,30,2.49722,36,60.698,35,32.4,20,0,2.9,273,213.8,26.2,31.4,20,25.9,15.4,55.3,0,0,0,0,18,1015.7,23.3,2.7,18.4,8
Delhi,Delhi,22-10-2022,265,122.726,36,268.61,37,45.7053,36,8.68367,30,45.5677,30,1.594,35,59.4906,35,31,20,0,5.2,279.2,212.3,25.2,30.7,20,25,15.2,56.8,0,0,0,0,20.2,1016.9,2.5,2.7,18.2,8
Delhi,Delhi,23-10-2022,259,129.749,37,258.908,37,49.4133,36,11.4317,30,41.6447,30,1.91571,35,68.2579,34,31,17.4,0,2.4,276,214.7,23.9,30,17.4,23.7,13.3,55,0,0,0,0,18.7,1015.8,0,2.5,18.3,8
Delhi,Delhi,24-10-2022,312,175.65,37,279.755,37,42.7272,36,15.5587,30,43.4797,30,1.21917,36,69.8191,35,31,17.8,0,4,278.9,213.7,23.6,29.8,17.8,23.4,14.6,60.1,0,0,0,0,24.1,1011.1,0,2.2,18.3,8
Delhi,Delhi,25-10-2022,302,163.569,37,271.779,37,40.9583,36,15.431,30,40.766,30,1.46278,36,64.9329,35,30,17.3,0,6.5,274.4,215.2,23.8,28.9,17.3,23.6,13.1,53.7,0,0,0,0,31,1009.4,0,2.6,18.5,8
Delhi,Delhi,26-10-2022,271,142.439,37,269.201,37,50.5836,36,10.5586,29,43.118,30,2.37629,35,65.4826,35,31.2,17.5,0,2.4,277.3,208.7,24.1,30.6,17.5,23.9,15.2,60.9,0,0,0,0,15.1,1013.1,0,2.3,18,8
Delhi,Delhi,27-10-2022,354,193.069,37,346.687,37,56.5561,36,10.3248,29,50.2293,30,2.46167,36,59.9653,36,31,17.8,0,2.6,284.6,205.8,24.3,30.2,17.8,24.1,14.9,59.7,0,0,0,0,15.8,1013.2,3.4,2.3,17.9,7
Delhi,Delhi,28-10-2022,357,222.61,37,395.959,37,66.375,36,12.0452,29,56.04,30,2.84667,36,62.5908,36,30,17.7,0,1.1,18.6,202.4,24,30.4,17.7,24,16.2,64.5,0,0,0,0,14.8,1013.3,0,1.8,17.3,7
Delhi,Delhi,29-10-2022,397,231.035,37,404.635,37,56.3839,36,10.6866,29,56.2387,30,2.99917,36,54.4256,36,30.5,18.3,0,1.7,278.1,204.3,23.8,30,18.3,23.8,16.7,68.2,0,0,0,0,17.6,1014.4,5.2,1.8,17.7,7
Delhi,Delhi,30-10-2022,352,211.305,37,381.875,37,53.4608,36,10.4024,29,55.5847,30,2.71417,36,54.3133,36,30,17.8,0,2.6,265.5,202.2,23.3,30,17.8,23.3,15,62,0,0,0,0,22.7,1014.6,1.7,2,17.3,7
Delhi,Delhi,31-10-2022,392,263.47,37,455.534,37,63.5089,36,11.8252,29,57.1463,30,3.56,35,50.1964,36,30,17.7,0,1.2,250.7,198.8,23.4,30,17.7,23.4,15.9,66,0,0,0,0,15.8,1014.3,0.8,1.8,17.2,7
Delhi,Delhi,01-11-2022,424,249.035,37,436.596,37,68.6447,36,10.701,29,60.8907,29,3.29971,34,61.9061,36,32,18.1,0,2.8,143,195.5,24.6,31.7,18.1,24.5,15.9,62.6,0,0,0,0,18.4,1014.3,3,1.7,16.9,7
Delhi,Delhi,02-11-2022,376,242.113,37,422.704,37,52.3572,36,9.4569,29,56.0138,29,2.21278,36,53.2797,36,30.1,18.5,0,4.9,280.9,197.7,24,30.4,18.5,24,16.3,64.6,0,0,0,0,24.1,1012.6,0,1.7,17.1,7
Delhi,Delhi,03-11-2022,450,405.242,37,590.349,37,56.5847,36,10.7359,29,57.999,29,2.86472,36,61.7256,36,31,17.8,0,2.7,268.2,194.3,23.9,30.7,17.8,24,16.3,65.1,0,0,0,0,24.8,1012.2,0.7,1.4,16.9,7
Delhi,Delhi,04-11-2022,447,323.789,37,517.134,37,66.3086,36,11.2997,29,58.279,29,3.00971,35,63.3556,36,31,19.1,0,2.3,95.2,191.1,24.4,31.5,19.1,24.6,17.3,66.9,0,0,0,0,13.7,1013.4,1.7,1.2,16.5,7
Delhi,Delhi,05-11-2022,381,192.457,37,319.437,37,43.6414,36,8.38483,29,56.4597,29,1.74361,36,47.0157,35,29.7,19,0,7,92.4,187.2,24,32,19,24.5,19.7,78.3,0,0,0,0,27.7,1015.4,2.4,1.2,16,7
Delhi,Delhi,06-11-2022,339,172.954,36,291.474,37,45.3058,36,9.58379,29,53.9659,29,2.38028,36,57.4631,36,30.8,19.8,0,6.1,118.4,169.8,24.8,32.6,19.8,25.2,19,72.3,0,0,0,0,27,1015.7,18.1,1.6,14.7,6
Delhi,Delhi,07-11-2022,354,193.551,36,333.742,37,51.0378,36,11.0738,29,54.701,29,2.56333,36,56.4817,36,32,19.8,0,3.3,66.4,184.5,25,31.6,19.8,24.9,16.7,64.1,0,0,0,0,18,1014.6,16.8,1.8,16.1,7
Delhi,Delhi,08-11-2022,372,240.254,36,367.093,37,45.0508,36,9.776,30,58.2414,29,2.25457,35,35.2828,36,28,19.5,0,5.4,300.2,169.9,23.7,28.3,19.5,23.8,17.4,69.5,0,0,0,0,29.5,1015.7,42.1,1.5,14.7,7
Delhi,Delhi,09-11-2022,260,105.721,36,217.099,37,53.5269,36,11.9307,30,42.5338,29,2.80971,35,55.9928,36,29.3,19,0,2.7,113.3,163.1,23.4,29.2,19,23.3,14.8,60.6,0,0,0,0,19.8,1015.8,26.6,2.4,14.1,6
Delhi,Delhi,10-11-2022,295,161.179,37,282.107,37,55.0233,36,11.2503,30,46.337,30,2.12657,35,49.0586,36,28.6,18.8,0,3.8,291.9,172.4,23.5,29,18.8,23.5,16,64.6,0,0,0,0,22.3,1016.8,30.1,2.1,15,6
Delhi,Delhi,11-11-2022,346,209.515,37,329.881,37,47.2342,36,10.0097,30,42.0663,30,1.45829,35,46.7217,36,27.7,17,0,6.8,274.5,188.4,21.8,27.2,17,21.8,13.4,61.9,0,0,0,0,31.3,1017.2,0,1.8,16.1,7
Delhi,Delhi,12-11-2022,303,187.242,37,292.1,37,44.5094,36,11.2623,30,36.9447,30,1.48444,36,57.3989,36,27.2,15.7,0,7.2,270.9,189.3,21,26.8,15.7,20.9,10.3,53.4,0,0,0,0,32,1016.6,0,2.1,16.1,7
Delhi,Delhi,13-11-2022,303,160.545,37,272.318,37,45.4429,35,12.277,30,37.5403,29,2.27457,35,58.8583,36,27.1,14.7,0,4.9,274.4,186.1,20.5,26.7,14.7,20.5,10.9,56.7,0,0,0,0,31,1015.2,8.6,2.2,16.1,7
Delhi,Delhi,14-11-2022,294,140.696,37,260.625,37,50.8183,36,11.4693,30,42.136,30,2.40636,33,52.9678,36,29.7,15.9,0,3.6,86.5,180.9,22.6,28.7,15.9,22.4,12.2,55.4,0,0,0,0,25.9,1015.8,31.1,2.4,15.6,7
Delhi,Delhi,15-11-2022,227,101.823,37,215.235,37,50.7608,36,12.8927,30,41.0047,30,2.25444,36,49.1522,36,28.5,17.9,0,2.1,258.2,170.4,22,27.9,17.9,22,12.4,56.5,0,0,0,0,22.7,1015.6,37.4,2.4,14.7,6
Delhi,Delhi,16-11-2022,264,118.698,37,211.775,37,40.5794,36,10.5887,30,38.1052,29,1.28889,36,46.8017,36,26.5,15.7,0,7.5,281.2,180.9,20.6,26.5,15.7,20.6,9.4,52.9,0,0,0,0,29.9,1014.8,7.4,2.5,15.5,7
Delhi,Delhi,17-11-2022,260,140.242,37,238.829,37,40.0117,36,8.99483,29,35.2687,30,1.57765,34,50.4058,36,24.8,14,0,7.4,268.9,183.2,18.7,24.8,14,18.7,9.6,57.4,0,0,0,0,35.3,1014.7,1.5,2.4,15.9,7
Delhi,Delhi,18-11-2022,289,157.147,37,270.634,37,47.0028,36,10.161,30,36.9887,30,2.08056,36,55.3458,36,25.2,12.4,0,4.5,285.3,184.9,18.6,25.2,12.4,18.6,8.4,54.3,0,0,0,0,24.5,1016,2.5,2.4,16.1,7
Delhi,Delhi,19-11-2022,280,143.817,36,283.241,36,58.9177,35,10.7293,30,38.49,30,2.338,35,52.0703,35,25.8,12.5,0,2.1,286,179.6,18.7,25.8,12.5,18.7,8.4,54.7,0,0,0,0,20.2,1016.6,24.8,2.7,15.6,7
Delhi,Delhi,20-11-2022,314,173.053,36,291.323,36,55.1626,35,9.75733,30,41.5987,30,1.83794,34,53.5506,35,25.8,12.4,0,3.7,276.1,179.3,18.7,25.8,12.4,18.7,9.1,55.7,0,0,0,0,24.8,1015.1,13.9,2.3,15.5,7
Delhi,Delhi,21-11-2022,310,143.685,37,266.21,37,49.6797,36,10.581,30,38.774,30,1.84639,36,52.5981,36,26,12.3,0,5.3,266.4,179.8,18.6,26,12.3,18.6,9.5,58.5,0,0,0,0,30.2,1014.1,2.9,2.7,15.4,7
Delhi,Delhi,22-11-2022,255,113.541,37,227.356,37,46.815,36,10.4973,30,37.4237,30,1.69143,35,50.0278,36,25.7,13,0,6,258,179.3,18.6,25.7,13,18.6,8.5,54.4,0,0,0,0,27,1014.1,1.1,2.5,15.4,7
Delhi,Delhi,23-11-2022,237,103.556,36,224.762,36,47.3974,35,10.0663,30,36.171,30,1.56143,35,48.7174,35,26.1,11.7,0,6,264.3,181.7,18.5,26.1,11.7,18.5,6.7,49.6,0,0,0,0,29.9,1014.4,0,2.7,15.6,7
Delhi,Delhi,24-11-2022,213,107.983,37,238.146,37,49.5008,36,10.6637,30,37.96,30,2.27057,35,52,36,26.3,11,0,4.2,274.6,180,18.3,26.3,11,18.3,7.5,51.3,0,0,0,0,28.1,1014.3,0,2.6,15.6,7
Delhi,Delhi,25-11-2022,294,158.809,37,318.751,37,66.7331,36,11.9272,29,45.343,30,2.35286,35,48.1006,36,26.5,10.9,0,2.4,286.7,176.7,18.3,26.5,10.9,18.3,7.7,54.6,0,0,0,0,19.1,1016.6,5.1,2.5,15.4,7
Delhi,Delhi,26-11-2022,336,183.594,36,340.578,37,60.3367,36,10.8252,29,47.157,30,2.28939,33,60.2243,35,25.6,10.5,0,5.1,269.1,176,17.7,25.6,10.5,17.7,9.5,60.5,0,0,0,0,29.9,1013.6,8.2,2,15.4,7
Delhi,Delhi,27-11-2022,328,174.466,35,309.469,36,60.5367,36,10.8097,29,46.7977,30,2.65121,33,53.4366,35,26.4,11.1,0,2,273.3,175.4,17.6,26.4,11.1,17.6,9.1,61.6,0,0,0,0,20.9,1011.7,10.1,1.9,15.4,7
Delhi,Delhi,28-11-2022,333,198.681,36,349.289,37,70.9575,36,11.231,29,49.7233,30,3.12824,34,49.5397,36,25.5,10.7,0,1.4,266.1,173.8,17.8,25.5,10.7,17.8,9.3,61.5,0,0,0,0,15.8,1013.1,0.8,1.7,15.1,7
Delhi,Delhi,29-11-2022,369,231.39,37,398.07,37,76.3581,36,10.8973,30,57.582,30,3.13818,33,48.6058,36,25,10.2,0,0.7,306.6,172.2,17.5,25,10.2,17.5,10.1,65.3,0,0,0,0,17.3,1015.3,4.7,1.5,15.1,7
Delhi,Delhi,30-11-2022,365,206.998,37,353.132,37,64.525,36,8.914,30,53.4443,30,2.68083,36,44.4864,36,25.2,11.6,0,3.8,266.8,168.7,17.5,25.2,11.6,17.5,10.4,65.9,0,0,0,0,19.8,1016.5,6.6,1.7,14.5,6
Delhi,Delhi,01-12-2022,368,213.543,37,358.018,37,61.9925,36,11.474,30,51.2547,30,2.56743,35,50.4447,36,24.7,10.9,0,3.1,254.1,171.1,17.4,24.7,10.9,17.4,11.1,69,0,0,0,0,24.5,1015.4,3,1.5,14.8,7
Delhi,Delhi,02-12-2022,252,200.228,37,347.849,37,66.2389,36,9.78133,30,50.6447,30,2.84083,36,48.2569,36,25.8,10.9,0,2,237.9,167.9,17.8,25.8,10.9,17.8,10.4,65.4,0,0,0,0,14,1014.3,18,1.6,14.3,6
Delhi,Delhi,03-12-2022,370,243.874,37,393.325,37,70.0881,36,9.932,30,54.2057,30,3.08889,36,50.6011,35,25.1,11.1,0,0.7,330,166,17.7,25.1,11.1,17.7,11.7,70,0,0,0,0,12.6,1015.1,3.3,1.6,14.2,6
Delhi,Delhi,04-12-2022,407,247.992,37,382.597,37,58.9778,36,7.894,30,53.5747,30,2.75886,35,48.498,35,24.4,11.9,14.935,2.7,261.8,167.2,17.5,24.4,11.9,17.5,12.4,74.1,100,4.17,0,0,22.7,1015.7,1.7,1.5,14.5,6
Delhi,Delhi,05-12-2022,347,189.675,37,316.812,37,56.0025,36,9.613,30,49.1787,30,2.52028,36,43.2769,35,24.4,10.8,0,1.7,289.1,168.3,16.7,24.4,10.8,16.7,10.3,69.3,0,0,0,0,19.4,1017.3,0,1.6,14.6,6
Delhi,Delhi,06-12-2022,353,183.761,37,298.495,37,48.6769,36,8.156,30,51.066,30,1.49343,35,47.4328,36,23,10.5,0,7.3,255.6,168.6,16,23,10.5,16,10.2,70.7,0,0,0,0,32.4,1016.2,0,1.8,14.6,6
Delhi,Delhi,07-12-2022,304,133.375,37,231.628,37,45.7067,36,8.012,30,46.9807,30,1.40514,35,43.6306,36,23.7,10.9,0,9.2,267.2,168.6,16.2,23.7,10.9,16.2,9.4,67.3,0,0,0,0,37.4,1015.3,0,2,14.6,6
Delhi,Delhi,08-12-2022,281,143.458,37,259.229,37,49.3939,36,9.236,30,46.28,30,2.26833,36,45.1529,35,24,10.9,0,6.1,292.2,165.2,17.1,24,10.9,17.1,9.3,62.6,0,0,0,0,30.2,1016,0,2.3,14.3,6
Delhi,Delhi,09-12-2022,314,170.394,37,306.514,37,55.8319,36,9.743,30,49.747,30,2.95111,36,47.9792,36,25.6,10.8,0,3.3,308.1,163.6,17.4,25.6,10.8,17.4,9.6,64.7,0,0,0,0,24.1,1014.9,0,2.1,14.2,6
Delhi,Delhi,10-12-2022,360,211.549,37,372.034,37,62.9377,35,10.6233,30,59.1717,30,2.79914,35,39.2472,36,26.1,10.9,0,2.5,287.7,163.6,17.6,26.1,10.9,17.6,11.1,69.3,0,0,0,0,21.2,1015.2,0.4,2.1,14.2,6
Delhi,Delhi,11-12-2022,306,133.845,37,238.343,36,47.8835,34,8.22333,30,56.313,30,1.66588,34,34.2869,36,26.5,11.2,0,4.8,263.6,165.4,18,26.5,11.2,18,10.9,67,0,0,0,0,23,1015.6,0,2.2,14.2,6
Delhi,Delhi,12-12-2022,218,95.7305,37,203.669,36,43.3792,36,8.21033,30,50.36,30,1.73417,36,33.435,36,25.7,10.8,0,6.3,267,167.3,17.6,25.7,10.8,17.6,9,61,0,0,0,0,28.4,1014.8,0,2.6,14.4,6
Delhi,Delhi,13-12-2022,177,70.6343,37,170.766,36,38.0225,36,6.88167,30,49.4323,30,1.10943,35,36.7481,36,25.5,10.5,0,8.6,271.8,167.3,17.7,25.5,10.5,17.7,7.4,55.3,0,0,0,0,36.4,1016.1,0,2.6,14.4,6
Delhi,Delhi,14-12-2022,163,85.3689,37,179.407,36,37.6664,36,7.338,30,47.6407,30,1.60029,34,37.3967,36,23.5,11,0,9.4,267.8,168.8,16.6,23.5,11,16.6,7,57.3,0,0,0,0,34.2,1016,0,2.9,14.8,6
Delhi,Delhi,15-12-2022,189,89.5862,37,191.587,36,46.0817,36,8.77,30,46.5007,30,1.52229,35,42.3297,36,22.6,8.9,0,6.9,263.6,167.2,15,22.6,8.7,15,5.6,56.4,0,0,0,0,31,1014.9,0,3.2,14.5,6
Delhi,Delhi,16-12-2022,223,124.079,37,236.641,36,51.4256,36,9.411,30,49.826,30,2.63257,35,43.3158,36,22.6,9.7,0,4.2,259.7,166.5,14.9,22.6,8.4,14.8,6.9,61,0,0,0,0,24.5,1014,0,2.7,14.4,6
Delhi,Delhi,17-12-2022,304,171.163,37,297.668,36,52.4433,36,8.604,30,56.0557,30,2.772,35,42.7117,35,23,8.9,0,3.6,278.7,165.4,15.2,23,8.9,15.2,7,61.7,0,0,0,0,23.8,1015.7,0,2.4,14.1,6
Delhi,Delhi,18-12-2022,353,254.258,36,399.294,36,53.3703,36,8.83667,30,68.313,30,2.41111,36,40.0074,35,23,8.9,0,2.8,265.6,163.6,15.1,23,8.9,15.1,9.6,71.7,0,0,0,0,18,1016,0.2,1.8,14.1,6
Delhi,Delhi,19-12-2022,410,256.773,38,382.426,37,55.6495,37,8.63129,31,69.061,31,2.55216,37,38.1919,37,21.9,8.9,0,4,278.8,164.4,14.4,21.9,8.5,14.4,10,77.5,0,0,0,0,20.2,1014.7,15.8,1.1,14.1,6
Delhi,Delhi,20-12-2022,366,199.54,39,314.088,38,49.3987,38,8.46094,32,61.6068,31,2.36528,36,34.3908,37,22.1,8,0,4.4,273.3,160.5,13.7,22.1,6.8,13.6,9.4,79,0,0,0,0,23.4,1014,53,0.9,13.7,6
Delhi,Delhi,21-12-2022,328,186.244,39,322.387,38,42.8676,37,7.19437,32,64.8013,31,1.98784,37,25.2875,36,19.7,9,0,3.3,308.8,160.9,13.6,19.7,9,13.6,10,81.3,0,0,0,0,20.9,1015.3,19,1,14,6
Delhi,Delhi,22-12-2022,342,202.67,38,338.921,37,43.6897,36,7.60903,31,67.7287,30,2.2727,37,24.4706,36,19.1,8,0,4.5,295.4,165.1,12.4,19.1,6.8,12.2,9.4,84.2,0,0,0,0,24.8,1015.2,27.4,1,14.3,6
Delhi,Delhi,23-12-2022,359,204.376,39,328.048,38,48.7632,37,8.16,32,64.4939,31,1.93838,37,30.0441,37,19.1,8,0,3.3,352.9,153.9,12.6,19.1,7.4,12.5,8.7,80.5,0,0,0,0,17.6,1014.3,38.8,1.1,13.2,6
Delhi,Delhi,24-12-2022,349,163.833,39,266.452,38,40.5703,37,8.00563,32,62.4045,31,1.48378,37,25.7857,37,18.6,7,0,6.7,269.4,159.7,11.8,18.6,5.6,11.5,8.1,80.9,0,0,0,0,28.8,1015.9,16.4,1.4,13.9,6
Delhi,Delhi,25-12-2022,308,173.474,39,282.167,38,32.8819,37,7.78875,32,63.3093,30,1.58222,36,24.1819,36,15.1,6,94.507,8.8,271.2,164.5,10,15.1,3.6,9.1,8.3,90.1,100,4.17,0,0,25.9,1016.7,13.3,1.2,14.3,6
Delhi,Delhi,26-12-2022,331,195.803,39,300.326,38,36.5795,38,7.77594,32,63.6181,31,2.21081,37,15.0253,36,13,7,0,6.1,277.8,157.6,9,13,5.2,8.4,8.3,95.6,0,0,0,0,20.2,1018.6,28.3,0.5,13.8,6
Delhi,Delhi,27-12-2022,339,166.623,39,247.147,38,38.2366,38,7.24875,32,66.9477,31,1.71784,37,25.2073,37,16.3,7,0,9.1,260.3,164.8,10.3,16.3,4.8,9.7,8.4,88.7,0,0,0,0,30.2,1018.2,50.2,0.8,14.3,6
Delhi,Delhi,28-12-2022,321,150.854,39,252.29,38,39.6705,38,8.79312,32,57.91,31,1.85588,34,37.8332,37,21.4,7,0,8.8,255.8,166.4,13.2,21.4,5.6,12.8,7.7,74.1,0,0,0,0,38.5,1017.5,3.3,1.9,14.5,6
Delhi,Delhi,29-12-2022,306,195.791,39,326.688,38,51.0374,38,9.49469,32,63.5955,31,2.23583,36,41.9103,37,22.9,9.7,0,3.9,46.9,122.8,14.9,22.9,9.7,14.9,8.1,68.8,0,0,0,0,19.8,1018.3,43.4,1.8,10.7,5
Delhi,Delhi,30-12-2022,399,255.985,39,391.771,38,43.6139,38,8.95719,32,69.6961,31,2.55917,36,36.7568,37,21.9,12,0,7,110.9,124.3,15.6,21.9,12,15.6,10.7,75.2,0,0,0,0,24.5,1018.7,44.5,1,10.9,5
Delhi,Delhi,31-12-2022,349,155.608,39,240.424,38,31.2313,38,7.52187,32,64.1374,31,1.32417,36,26.4043,37,18.5,9.8,0,10.6,274,164.3,13.9,18.5,9.8,13.9,11.2,84.9,0,0,0,0,32.8,1019.7,8.9,1.2,14.2,6
Delhi,Delhi,01-01-2023,259,140.133,38,218.827,37,35.8701,38,8.05314,32,53.6359,31,2.17556,36,37.3219,37,20.2,7.9,0,9.4,265.5,161.6,13.4,20.1,7.9,13.3,9.6,79.8,0,0,0,0,15.8,1020.6,25.9,1.7,14,6
Delhi,Delhi,02-01-2023,357,233.166,38,340.391,37,36.5191,37,7.08218,31,59.4969,31,1.42811,37,27.2816,37,17,9,0,9.4,170.5,150.6,12.4,17,8.5,12.4,10.3,87.9,0,0,0,0,15.5,1021.4,25.3,0.8,13.2,6
Delhi,Delhi,03-01-2023,385,239.667,38,371.149,38,33.9036,37,11.2936,31,51.435,31,1.35811,37,26.8169,36,15.3,7.9,0,9.4,287.1,154.5,11.2,15.3,7.9,11,8.7,85.6,0,0,0,0,16.2,1022.2,28.4,0.8,13.5,6
Delhi,Delhi,04-01-2023,343,179.329,38,283.964,38,33.0837,37,9.34423,31,51.1745,31,1.68162,37,25.9332,37,15,6.8,0,11.2,290.3,169,9.6,15,4.8,9,7.9,90.1,0,0,0,0,20.9,1022.2,13,1,14.7,6
Delhi,Delhi,05-01-2023,340,208.857,38,324.532,38,40.2427,37,10.5368,31,62.1999,31,2.05189,37,16.8319,37,14.6,5.7,0,8.8,274,129.6,8.9,14.5,4,8.5,7.4,91,0,0,0,0,19.8,1023.8,36.7,3.6,11.2,6
Delhi,Delhi,06-01-2023,400,257.764,38,437.84,38,46.9962,37,9.85644,31,55.6498,31,1.63459,37,23.5284,37,14.7,6.1,0,11.2,263,122.5,9.1,14.7,6.1,8.9,6.9,87.7,0,0,0,0,19.4,1024.2,27.8,0.7,10.7,5
Delhi,Delhi,07-01-2023,377,238.255,39,398.911,39,40.5199,38,13.1923,32,54.4596,31,2.06806,36,23.7856,36,14.3,5,0,11.2,262.9,145.1,8.3,14.2,2.4,7.8,6.4,89.2,0,0,0,0,22,1022.1,39.2,0.8,12.5,7
Delhi,Delhi,08-01-2023,375,257.406,37,381.268,36,37.7417,36,8.63462,31,61.9507,31,2.55111,36,22.5414,35,16.9,4,0,9.4,262,167.7,9.2,16.8,2.8,8.4,7.5,90.7,0,0,0,0,24.8,1019.6,40,2.7,14.6,6
Delhi,Delhi,09-01-2023,434,376.516,39,530.018,39,49.6397,38,8.50487,32,70.2331,31,2.77943,35,22.4827,37,17.7,6.4,0,7.6,302.4,140.2,11,17.7,6.5,11,9.6,91.8,0,0,0,0,18.7,1020.2,59.5,0.5,12.2,6
Delhi,Delhi,10-01-2023,407,234.272,39,338.349,39,36.7868,38,8.06085,32,65.3004,31,1.90892,37,20.5433,36,17,7,0,11.9,271.1,167.3,11.1,17,5.6,10.7,9,88.6,0,0,0,0,24.8,1019.3,48.6,0.6,14.4,7
Delhi,Delhi,11-01-2023,308,174.055,38,278.742,38,38.2541,37,7.55465,31,65.5824,31,1.42892,37,24.5416,37,19,6.6,0,18.4,85.5,125.4,11.9,19,6.4,11.6,9.6,87.6,0,0,0,0,17.6,1014.8,60.8,0.5,10.9,6
Delhi,Delhi,12-01-2023,371,203.32,37,315.367,37,36.1021,36,11.4241,31,67.5102,30,1.79806,36,31.1546,37,20.7,10,85.391,14.8,96.6,122.7,14.4,20.7,9.1,14.3,12,87,100,4.17,0,0,28.8,1012.2,47.4,1,10.6,6
Delhi,Delhi,13-01-2023,378,215.699,37,319.006,37,36.2853,36,8.04626,30,74.2911,29,1.61861,36,32.7228,36,21,12,0,13,102.8,117.3,15.1,21,12,15.1,13.4,90.5,0,0,0,0,26.3,1013.3,51.2,0.8,10.1,5
Delhi,Delhi,14-01-2023,353,153.658,37,243.762,37,29.61,36,6.82302,30,59.7773,29,1.08611,36,31.9178,36,17.7,10,0,18.4,273.9,165.9,13,17.7,8.7,12.9,9.6,82,0,0,0,0,32,1016.5,30.7,1.3,14.3,6
Delhi,Delhi,15-01-2023,213,98.617,37,196.493,36,38.3962,36,7.54543,30,45.0492,28,1.37147,34,41.3026,34,16.4,5,0,21.2,267.8,178.5,10.5,16.4,3.3,10,1.6,59.6,0,0,0,0,32.4,1015.5,4,2.4,15.5,7
Delhi,Delhi,16-01-2023,270,142.376,38,263.492,38,48.6238,37,7.91363,31,51.3133,30,1.65306,36,41.7011,36,17.6,4.8,0,13,291.6,183.5,10.6,17.6,3.3,10.4,2.6,61.2,0,0,0,0,24.1,1016.8,0,1.6,15.8,7
Delhi,Delhi,17-01-2023,288,151.154,38,272.165,38,49.5253,37,8.09431,31,51.2267,30,1.96222,36,39.2475,36,18.8,4.8,0,14.8,287.8,185.1,11,18.7,2.8,10.5,1.8,59.5,0,0,0,0,27,1017.4,0,4.7,16,7
Delhi,Delhi,18-01-2023,306,191.867,37,346.79,37,56.5815,37,10.2921,31,56.7687,30,2.24114,35,41.8133,36,18.4,5.6,0,11.2,283.6,183.6,11,18.4,5.6,11,2.4,60.1,0,0,0,0,23,1019.3,5.7,1.9,15.8,7
Delhi,Delhi,19-01-2023,338,198.535,36,347.141,36,63.108,35,11.527,29,65.3301,29,1.738,35,42.3143,35,21.2,7.1,0,7.6,271.7,159.1,14.3,21.1,7.1,14.3,4.2,54.4,0,0,0,0,22.3,1019,50.1,1.5,13.6,6
Delhi,Delhi,20-01-2023,226,91.8614,37,166.398,37,36.8803,37,8.43729,29,58.0724,30,1.115,36,37.0874,34,22.6,11,0,13,354.9,162.6,16.2,22.6,11,16.2,8.3,62.1,0,0,0,0,25.9,1017.3,52.8,2.3,13.9,6
Delhi,Delhi,21-01-2023,294,213.044,38,336.104,38,50.9878,37,9.82495,30,66.1413,30,2.19139,36,40.9586,36,22.4,9.3,0,7.6,268.2,181.3,15.1,22.4,9.3,15.1,11.3,80,0,0,0,0,17.3,1016.8,6.2,1.5,15.6,7
Delhi,Delhi,22-01-2023,407,249.087,38,385.124,38,51.4167,37,9.06195,30,73.5483,30,1.84389,36,39.5256,36,23,10,0,9.4,67.1,158.1,15.6,23,10,15.6,9.7,72.4,0,0,0,0,18.4,1016,18.1,1.2,13.5,6
Delhi,Delhi,23-01-2023,335,167.951,39,312.474,39,48.7079,38,10.0344,32,64.753,31,2.46892,37,38.5172,36,24.8,10,0,11.2,65.2,177.7,16.6,24.8,10,16.6,9,68.2,0,0,0,0,15.5,1015.3,20.8,1.5,15.1,7
Delhi,Delhi,24-01-2023,237,86.873,39,169.62,39,37.5687,38,7.38717,32,68.958,31,1.43162,37,21.8105,37,20.6,13.8,0,16.6,107.2,103.7,17.1,20.6,13.8,17.1,13.8,81.5,0,0,0,0,34.9,1014.1,70.3,1.6,8.8,4
Delhi,Delhi,25-01-2023,160,104.436,39,174.505,39,37.2694,38,7.41689,32,64.7485,31,1.27081,37,15.8684,37,18.6,12.4,0,11.2,259.8,126.5,15.5,18.6,12.4,15.5,14.2,91.8,0,0,0,0,23,1015.9,61.5,1.2,10.9,5
Delhi,Delhi,26-01-2023,298,138.935,38,204.938,38,27.9413,37,7.21968,31,61.4105,31,1.06622,37,19.8468,37,16.2,12,0,14.8,271.2,164,14.2,16.2,12,14.2,13.2,94.1,0,0,0,0,28.4,1018.5,55.3,1,14.3,6
Delhi,Delhi,27-01-2023,229,91.0469,38,168.276,38,36.598,37,9.22765,31,49.1277,31,1.05361,36,43.6114,35,19.9,7,0,16.6,267.9,194.2,12.9,19.8,5.6,12.7,6,65.8,0,0,0,0,33.8,1018.3,8.3,1.5,16.8,7
Delhi,Delhi,28-01-2023,236,119.492,39,224.202,39,45.5492,38,12.5547,32,51.1328,31,1.84865,37,52.6167,36,22.6,5,0,13,266.6,197,13.5,22.6,2.1,12.9,6.9,68.6,0,0,0,0,25.6,1015.2,0.2,1.7,16.9,7
Delhi,Delhi,29-01-2023,331,185.1,38,286.789,38,53.8667,37,10.8091,31,68.4387,31,2.32028,36,16.1383,35,17,9.3,6.55,14.8,108.6,77.1,13,17,9.4,13,11.6,91.8,100,8.33,0,0,32.8,1014.9,73.5,1.3,6.5,3
Delhi,Delhi,30-01-2023,207,81.3471,38,122.59,38,36.9484,37,10.7411,32,58.7167,31,1.91194,36,24.1283,35,18.6,12,14.275,27.7,84.7,99.4,14.5,18.6,12,14.5,13.4,93.5,100,12.5,0,0,46.4,1018.2,73.6,1.8,8.6,4
Delhi,Delhi,31-01-2023,192,84.9141,39,133.716,38,29.547,38,8.38408,32,57.8436,31,1.47943,35,21.5303,36,19.4,12,0,19.9,276.2,192.4,14.7,19.4,12,14.7,13.6,92.9,0,0,0,0,37.1,1018.9,59.6,1,16.6,7
Delhi,Delhi,01-02-2023,164,84.2812,39,148.128,39,30.1651,38,8.17584,32,50.5194,31,1.31541,37,34.0989,37,20,10,0,18.4,269.1,199.3,14.2,20,7.9,14,10.8,82,0,0,0,0,34.2,1017.8,39,1.5,17,7
Delhi,Delhi,02-02-2023,194,87.2846,39,174.406,39,35.6281,38,7.58792,32,49.7381,31,1.18514,37,40.1338,37,23.6,9,0,18.4,265.8,201.8,15.8,23.6,7.9,15.7,9,68,0,0,0,0,32.8,1016.5,0,2.3,17.4,7
Delhi,Delhi,03-02-2023,199,103.675,38,217.034,38,41.5519,38,8.89888,32,55.3737,31,2.04135,37,45.0258,36,23.3,9,0,14.8,269.9,200.8,16.2,23.3,8.5,16.2,9.6,68.8,0,0,0,0,28.1,1016.4,2.3,2.5,17.3,7
Delhi,Delhi,04-02-2023,242,117.468,38,234.017,38,46.445,38,10.2139,32,61.3825,31,1.35222,36,43.2784,37,24.7,11.4,0,18.4,264.7,200.8,17.2,24.7,11.5,17.2,9.9,65.8,0,0,0,0,36,1014,0,2.3,17.1,7
Delhi,Delhi,05-02-2023,244,103.941,38,211.715,38,43.0252,38,9.20522,32,58.4519,31,2.02541,37,43.3617,36,25,12,0,14.8,262.9,205.3,17.5,25,12,17.5,10.2,67.1,0,0,0,0,28.4,1012.7,0,2.4,17.8,7
Delhi,Delhi,06-02-2023,265,142.066,38,296.425,38,54.3061,38,9.55246,32,74.2485,31,2.93135,37,42.3643,37,27.8,11.3,0,9.6,137.4,195.2,19.7,27.4,11.3,19.6,12,65.2,0,0,0,0,20.5,1011.8,14.5,2.8,16.9,7
Delhi,Delhi,07-02-2023,285,114.244,39,234.981,39,40.6452,38,7.31361,32,76.0177,31,1.98139,36,28.8565,37,24.8,13,0,17.3,274.9,202.7,18.4,24.8,13,18.4,11.8,70,0,0,0,0,33.5,1011.7,1.5,2.3,17.7,7
Delhi,Delhi,08-02-2023,144,73.6997,39,174.579,39,39.8459,38,9.08344,32,46.4067,31,1.51081,37,43.087,37,24,11,0,17.3,271,208.2,16.9,24,11,16.9,8.3,60.1,0,0,0,0,31.3,1014.1,11.2,2.8,17.9,8
Delhi,Delhi,09-02-2023,212,90.8236,38,208.574,38,46.9247,36,9.70024,31,47.7377,30,1.29081,37,41.4186,37,28.2,11,0,11.2,185.6,206.2,19.3,27.2,11,19.2,10,60.8,0,0,0,0,25.2,1012.6,4.9,2.6,17.8,7
Delhi,Delhi,10-02-2023,187,94.0374,38,211.804,38,43.7838,36,9.27669,31,52.0707,29,1.74667,36,40.8547,36,28.9,14,0,9.5,120.7,204.6,21.2,28.2,14,21,12.2,61,0,0,0,0,27.7,1011.3,5.8,3,17.7,7
Delhi,Delhi,11-02-2023,275,137.714,38,266.591,38,40.3287,36,8.57241,31,59.1173,29,1.60571,35,40.6508,36,26.8,15.6,0,17.3,271.3,206.5,20.1,26.9,15.6,20.1,15,74.9,0,0,0,0,31.7,1013.6,2.3,2,17.8,8
Delhi,Delhi,12-02-2023,175,55.1733,37,146.683,37,28.206,35,8.18733,30,36.7431,29,0.733611,36,45.6206,34,23,12,0,23.9,276.9,218.2,17.3,23,12,17.3,5.4,49.7,0,0,0,0,40.7,1017.9,0,2.6,18.8,8
Delhi,Delhi,13-02-2023,135,48.7061,38,154.165,37,27.7508,36,8.30054,31,29.1911,29,0.723889,36,46.7772,36,22.1,9,0,29.6,270.3,220.9,15.5,22.1,6.5,15.1,1.5,41.8,0,0,0,0,48.6,1016.1,0,3.3,19,8
Delhi,Delhi,14-02-2023,132,63.223,39,157.315,39,40.2535,37,9.6423,32,40.7566,30,1.13946,37,48.4459,37,25.2,10.5,0,18.4,267.2,215.7,17.2,25.2,10.5,17.2,3.3,43.2,0,0,0,0,33.5,1015.9,5.8,3.4,18.7,8
Delhi,Delhi,15-02-2023,190,91.4797,39,203.888,39,44.6164,37,10.8607,32,43.5325,30,1.39324,37,48.4257,37,27,11,0,16.6,262.7,217.4,18.6,26.4,11,18.5,7.8,52.7,0,0,0,0,39.6,1013.4,0,2.9,18.9,8
Delhi,Delhi,16-02-2023,270,166.349,39,320.705,39,51.9353,36,11.4738,32,52.6821,29,2.52054,37,50.117,37,27.5,12.8,0,7.6,277.2,216.7,19.8,27.5,12.8,19.8,13.2,67.8,0,0,0,0,16.2,1014.9,10.5,2,18.8,8
Delhi,Delhi,17-02-2023,367,221.894,39,387.499,39,56.0699,37,9.59101,32,67.4342,29,2.76667,36,53.813,37,28.3,15.3,0,10.2,139.1,218.1,21.1,28.2,15.3,21.1,15.2,72.5,0,0,0,0,18.7,1016,45.7,1.5,18.9,8
Delhi,Delhi,18-02-2023,371,203.604,39,351.575,39,51.0715,37,9.91526,32,66.2661,29,2.3275,36,53.8989,36,28.8,14.3,0,11.2,275.2,220.3,21,28.5,14.3,20.9,14.5,70.9,0,0,0,0,19.8,1015.4,25.1,1.6,18.8,8
Delhi,Delhi,19-02-2023,331,180.535,37,324.236,37,49.5011,36,9.32845,30,60.597,29,2.20771,35,55.7683,35,29.9,14.3,0,9.1,192.2,217.4,21.7,29.5,14.4,21.6,14.8,69.3,0,0,0,0,15.5,1014.3,28.1,2,18.7,8
Delhi,Delhi,20-02-2023,324,145.928,39,288.874,39,46.9059,37,9.72195,32,61.3382,29,1.97171,35,48.4427,37,32,15.7,0,13,119.7,218.3,23.3,31.2,15.7,23.1,14.1,63.3,0,0,0,0,20.9,1011.3,33.9,2.5,19,8
Delhi,Delhi,21-02-2023,245,125.901,39,249.579,39,40.6017,38,9.09582,32,60.6948,29,1.62838,37,46.1862,37,30.6,17,0,13,242.1,226.8,22.8,30.4,17,22.8,15.8,67.4,0,0,0,0,22.3,1010.7,10.2,2.6,19.7,8
Delhi,Delhi,22-02-2023,302,135.873,39,250.748,39,39.1532,38,8.89831,32,60.2949,30,1.65969,32,34.1847,36,27.2,16,0,10.2,276.1,215.1,21.1,27.9,16,21.1,16.4,77.3,0,0,0,0,25.9,1012.8,35,3.2,18.7,7
Delhi,Delhi,23-02-2023,227,82.8408,38,186.008,39,37.1694,39,8.04823,32,46.9501,31,1.12,36,39.2278,37,28.5,15,0,16.6,266.6,235.6,21,27.2,15,20.8,11.6,60.9,0,0,0,0,35.3,1013,4.1,2.6,20.5,8
Delhi,Delhi,24-02-2023,171,80.7335,39,196.8,39,42.4527,39,9.12496,32,43.5755,31,1.50973,37,48.283,37,29.3,13.3,0,13.8,265.8,226,20.7,27.8,13.3,20.5,10.8,58.3,0,0,0,0,28.1,1014.8,31.3,2.8,19.5,8
Delhi,Delhi,25-02-2023,225,115.463,39,256.371,39,45.1698,39,10.2917,32,49.5735,31,2.01029,35,52.3476,37,29.8,14.3,0,9.4,277.8,234.6,21.7,28.7,14.3,21.5,12.7,61.2,0,0,0,0,19.1,1016.6,0,2.7,20.3,8
Delhi,Delhi,26-02-2023,291,139.528,37,292.414,37,46.2751,37,11.2133,31,52.8977,31,2.20794,34,53.3508,36,31.2,15.4,0,9.4,239.9,221.5,23.3,30,15.4,23,12.8,56.3,0,0,0,0,15.8,1017.9,12.5,2.8,19,8
Delhi,Delhi,27-02-2023,260,118.488,39,252.363,39,43.1704,39,10.8081,32,53.5489,31,1.71,36,50.8484,37,31.5,16.6,0,11.2,286,219.1,23.5,30,16.7,23.2,13.3,57,0,0,0,0,22.7,1017.6,11.5,2.7,19,8
Delhi,Delhi,28-02-2023,219,90.3984,39,227.592,39,39.2081,39,10.233,32,51.5551,31,1.43444,36,39.7657,37,30,15.9,0,18.4,336.9,221.3,22.8,28.6,16,22.5,12,55.1,0,0,0,0,37.1,1017.7,23,2.5,19.2,8
Delhi,Delhi,01-03-2023,181,73.9046,39,218.657,39,40.1082,39,10.0338,32,49.1788,31,1.74568,37,35.2503,36,29,19,0.054,14.8,3.1,234.4,23.2,28.8,19,23,11.2,48.7,100,8.33,0,0,37.1,1019,56.9,3.6,20.3,8
Delhi,Delhi,02-03-2023,226,91.1057,39,207.815,39,39.362,39,10.4085,32,56.9542,31,1.40243,37,42.5897,37,30.5,16.7,0,13,286.8,238,23.5,29.4,16.7,23.2,13.4,56.6,0,0,0,0,27,1019.1,10.9,2.6,20.5,8
Delhi,Delhi,03-03-2023,152,62.7013,39,147.996,39,30.9019,39,8.85822,32,52.8572,31,0.97,37,36.053,37,31,17,0,14.2,289.3,231.6,23.6,29.7,17,23.3,13.9,59.3,0,0,0,0,35.3,1019.5,7,2.7,20,8
Delhi,Delhi,04-03-2023,129,55.6798,39,149.833,39,30.6059,39,9.51533,31,47.5293,31,1.11459,37,35.2297,37,26,18.6,0,17.5,268,213.7,22.3,26,18.6,22.3,13,57.3,0,0,0,0,35.6,1019.8,49.1,2.5,18.4,7
Delhi,Delhi,05-03-2023,142,56.4558,38,135.388,38,28.0123,38,9.18351,30,42.846,31,0.965946,37,42.1072,36,30.3,17.6,0,15.2,278.2,241.4,23.5,29.4,17.6,23.2,13.1,55,0,0,0,0,32,1018.5,21.8,3.2,20.6,8
Delhi,Delhi,06-03-2023,142,66.5671,38,149.128,38,31.2341,38,9.86773,30,41.2565,31,1.28,37,50.9154,37,29.6,17,0,18.4,279.6,247.3,23.1,28.6,17,22.9,12.9,57.2,0,0,0,0,31.3,1016.2,7.4,2.9,21.5,8
Delhi,Delhi,07-03-2023,173,85.998,38,178.806,38,38.3219,38,10.1738,30,39.4931,31,1.50194,36,54.7873,37,30.4,17.4,0,14.2,283.6,245,23.5,28.9,17.4,23.1,11.1,50.3,0,0,0,0,23.4,1015.8,26.5,3.2,21.2,8
Delhi,Delhi,08-03-2023,215,112.199,38,193.131,38,32.2582,38,11.8266,30,46.5419,31,2.05429,35,55.6251,35,29.2,17.2,0,13,302.8,233.1,23.4,28.4,17.2,23.2,12.2,51.6,0,0,0,0,20.9,1016.9,42.8,2.7,20.1,8
Delhi,Delhi,09-03-2023,119,55.4998,38,124.989,38,28.8109,38,9.09965,30,41.1719,31,1.1075,36,51.7483,36,29.2,18.7,0,13,250.7,241.6,23.9,28.5,18.7,23.7,12.5,51,0,0,0,0,21.6,1017,48.2,3.2,20.8,8
Delhi,Delhi,10-03-2023,187,90.519,37,192.798,37,33.745,37,10.4186,29,44.9436,30,1.44029,34,49.3558,36,29.9,17.3,0,14.8,271,251.4,23.7,29.4,17.3,23.6,14.8,60.7,0,0,0,0,28.8,1015.9,10.7,2.9,21.7,9
Delhi,Delhi,11-03-2023,200,91.1295,38,206.109,38,37.331,38,11.2158,30,44.6979,31,1.73,33,59.7149,37,31.6,18,0,13,282.7,252.3,24.5,29.9,18,24,12.2,53.1,0,0,0,0,22.3,1015.6,0.3,3.1,21.8,9
Delhi,Delhi,12-03-2023,216,96.6701,38,231.122,38,41.2719,38,11.6298,30,46.5679,31,1.99324,37,63.4231,36,33.1,17.3,0,11.2,290.7,253.6,25.3,31.9,17.3,24.7,11.5,46.2,0,0,0,0,18.7,1014.9,9.3,2.9,21.9,9
Delhi,Delhi,13-03-2023,231,106.389,38,245.541,38,39.8371,38,12.6786,31,50.8784,31,1.92972,36,53.4184,37,33,18.8,0,13,288.7,204,25.7,31.8,18.9,25.3,13.5,50.6,0,0,0,0,31,1013.5,37.1,3,17.6,8
Delhi,Delhi,14-03-2023,219,100.819,38,223.69,38,35.2337,38,12.3539,31,50.8847,31,1.42583,36,52.8944,36,32.8,20,0,14.8,268.1,254,25.8,31.7,20,25.5,14.9,54.9,0,0,0,0,30.2,1010.7,14.7,3,22,9
Delhi,Delhi,15-03-2023,213,99.2913,37,244.668,37,44.883,37,13.0976,30,47.9225,30,1.74529,34,61.5019,36,33.5,19.5,0,8.9,282,251,26.2,32,19.5,25.6,13.3,49.9,0,0,0,0,17.6,1009.6,29.5,3.2,21.6,9
Delhi,Delhi,16-03-2023,259,102.88,37,233.253,37,38.4586,37,13.6146,30,46.7078,30,1.39647,34,55.0653,36,32.4,21.7,0,14.8,118,208.4,26.3,30.9,21.7,25.8,12.1,44.6,0,0,0,0,24.8,1010.4,74.6,2.7,17.9,8
Delhi,Delhi,17-03-2023,188,96.7274,38,227.055,38,39.2511,38,12.7699,31,49.5198,30,1.2,34,47.5106,36,29,19.7,0,11.2,112.8,201.2,24.2,27.9,19.7,24.1,12.6,49.3,0,0,0,0,28.4,1012,73.2,2.8,17.4,7
Delhi,Delhi,18-03-2023,184,68.7087,37,121.099,37,30.6998,38,8.96279,31,52.8462,30,1.15571,35,25.6861,36,25,18,4.274,18.8,74.9,202.8,20.7,25,18,20.7,17,80.7,100,20.83,0,0,29.5,1011.4,90.1,2.3,17.6,8
Delhi,Delhi,19-03-2023,162,79.9923,37,147.887,37,31.5611,37,8.6646,30,55.8072,29,1.24697,33,40.5563,35,26,17,4.986,15.4,95.6,236.4,20.8,26,17,20.8,17.8,84,100,8.33,0,0,19.4,1009.3,75.1,2.2,20.5,8
Delhi,Delhi,20-03-2023,154,57.5345,35,132.749,36,30.2539,37,7.74607,30,54.8243,29,1.30939,33,26.5965,34,25.8,16,10.824,25.9,98.1,114.5,20,25.7,16,20,16.4,81.4,100,8.33,0,0,44.6,1008.1,89,2.6,9.8,5
Delhi,Delhi,21-03-2023,75,48.1384,37,79.5541,38,25.5718,38,7.69992,31,53.1278,30,1.05971,34,38.77,34,24,16,0,7.6,358.6,150.8,19.9,24,16,19.9,16.3,81.5,0,0,0,0,22.7,1009.3,58.1,2.6,13.1,6
Delhi,Delhi,22-03-2023,164,77.3541,39,155.061,39,33.304,39,9.68095,32,51.8301,31,1.30818,33,53.0236,36,28,16.2,0,14.8,251.7,248.4,21.2,27.6,16.2,21.2,15.6,74.5,0,0,0,0,25.9,1010.8,49.7,2.2,21.4,9
Delhi,Delhi,23-03-2023,151,73.5328,39,163.165,39,32.1,39,10.6704,32,48.6069,31,1.53081,37,43.9654,37,29.6,17,0,12.8,286.7,268.2,23.4,28.8,17,23.2,14.5,61.3,0,0,0,0,30.6,1009.4,27.8,3.1,23.1,9
Delhi,Delhi,24-03-2023,205,88.7874,39,181.434,39,37.722,39,10.7674,32,55.2997,31,1.64944,36,25.6659,37,28,19,10.55,18.4,94.6,215.3,22.2,28.1,19,22.2,16.3,71.5,100,8.33,0,0,30.6,1009.1,73.4,2.5,18.6,7
Delhi,Delhi,25-03-2023,78,42.0415,39,99.3873,39,27.2539,39,9.06107,32,49.9172,31,1.65486,37,41.0451,37,28.7,17,0,16.6,94.7,234,22.8,29,17,22.8,16.5,70.7,0,0,0,0,31,1011.8,55.3,3.1,20.1,9
Delhi,Delhi,26-03-2023,164,65.9198,38,184.416,38,27.6553,38,9.81905,31,47.4293,31,1.12351,37,46.0378,37,30.1,18.2,0,14.8,317.6,245.5,24.2,28.9,18.2,23.9,12.3,51.4,0,0,0,0,28.1,1011.6,15,3.4,21.2,9
Delhi,Delhi,27-03-2023,146,58.7443,39,136.747,39,27.9887,39,11.34,32,45.0933,31,1.1727,37,47.7149,37,27.9,18,0,17.3,281.5,274,23,27.4,18,22.9,13.8,58.9,0,0,0,0,32.4,1010.8,0.2,3.2,23.7,9
Delhi,Delhi,28-03-2023,147,68.1019,39,164.978,39,33.5879,39,11.3746,32,43.7653,31,1.34919,37,49.2886,37,30.1,17.6,0,18.8,287.7,266.6,24.1,29.1,17.6,23.8,12.8,52.6,0,0,0,0,28.8,1010.4,23.4,3.1,23,9
Delhi,Delhi,29-03-2023,198,85.5097,39,195.438,39,38.5782,39,13.5907,32,46.1583,31,1.61514,35,69.28,37,32.6,18.4,7.818,20.5,137.1,260.3,24.9,31.6,18.5,24.5,13.6,53.3,100,4.17,0,0,38.9,1010.8,46.8,2.8,22.5,9
Delhi,Delhi,30-03-2023,170,72.1888,38,158.377,38,29.122,38,10.9447,31,46.325,30,1.60514,35,66.2831,36,31.9,18,15.45,26.8,10.7,261.1,23.5,31.5,18,23.4,15.3,63.6,100,8.33,0,0,46.4,1009.3,76.1,2.5,22.5,9
Delhi,Delhi,31-03-2023,73,32.5388,38,61.3021,39,26.2142,39,9.2342,32,49.031,31,1.06865,37,43.5857,37,26.6,17.2,0.664,10.5,81.6,230.2,20.7,26.6,17.2,20.7,17.1,81.2,100,8.33,0,0,33.5,1008.9,89.1,2.6,19.8,8
Delhi,Delhi,01-04-2023,106,46.2156,39,95.3316,39,28.381,39,8.82327,32,45.4373,31,1.32865,37,55.4716,37,28,17,3.137,13,118.8,227,21,27.8,17,21.1,16.8,79.7,100,4.17,0,0,20.9,1009.7,55.1,2.6,19.6,9
Delhi,Delhi,02-04-2023,128,59.499,38,141.26,38,31.5444,38,8.89844,31,45.8916,31,1.63568,37,42.8916,37,29.2,17.1,0,18.4,262.1,267.1,23.3,29.3,17.2,23.3,16.3,68,0,0,0,0,33.1,1008.6,30.1,2.8,23.2,9
Delhi,Delhi,03-04-2023,179,70.9423,38,178.475,38,33.2276,37,10.2246,31,51.0828,31,2.01361,36,52.7116,37,31.1,18.8,0,14.8,36.3,273.3,24.7,31,18.8,24.7,15.7,59.8,0,0,0,0,46.4,1007.2,18.3,2.8,23.5,9
Delhi,Delhi,04-04-2023,109,44.9222,39,123.115,39,28.2897,38,9.52948,32,44.1811,31,1.28108,37,49.8192,37,30,18.3,13.801,18.9,296.5,279.2,24.5,29.2,18.3,24.2,14.6,57.9,100,8.33,0,0,30.6,1009.7,34.1,3.5,24.1,9
Delhi,Delhi,05-04-2023,135,55.4085,39,162.285,39,34.0951,38,11.2472,32,38.7715,30,1.60486,37,46.9659,37,32,17.9,0,14.8,292,296.9,25,29.8,18,24.5,11.3,47.2,0,0,0,0,26.3,1010.3,3.9,3.1,25.6,10
Delhi,Delhi,06-04-2023,142,44.5119,38,151.8,38,29.3191,38,10.5127,32,40.5199,31,1.49676,37,47.2208,36,32,18.8,0,14.8,311.3,286.4,25.8,30.2,18.8,25.1,8.8,37.6,0,0,0,0,32.8,1012.5,32.4,3.6,24.8,9
Delhi,Delhi,07-04-2023,142,51.0554,39,155.125,39,33.3358,39,12.4268,32,38.5283,31,1.33167,36,52.8435,37,32.9,18.1,0,16.6,288.1,308.1,26.1,30.7,18.2,25.3,7,34.6,0,0,0,0,31.7,1014.2,0,3.5,26.5,10
Delhi,Delhi,08-04-2023,172,70.18,37,187.938,37,36.7915,37,12.488,31,39.2285,31,1.68429,35,68.6311,35,33.1,19,0,14.8,278.9,308,26.4,30.9,19,25.6,5.9,30.3,0,0,0,0,27,1014.6,2.5,3.3,26.5,10
Delhi,Delhi,09-04-2023,217,103.494,36,252.838,36,44.2113,36,14.023,31,48.8536,31,1.68441,34,63.5594,35,35,18.1,0,14.8,289.3,305.6,27.3,32.3,18.2,26.3,6.4,31.5,0,0,0,0,28.8,1014.6,0,3.1,26.3,10
Delhi,Delhi,10-04-2023,195,89.4199,38,237.775,38,43.4743,38,15.7243,31,50.3699,31,1.75694,36,66.2314,36,34.1,18.2,0,14.8,273.3,300.7,27.1,31.8,18.2,26.1,6.5,31,0,0,0,0,33.5,1012.7,22.6,3.1,25.9,10
Delhi,Delhi,11-04-2023,260,125.087,37,296.069,37,45.8075,37,19.4891,30,48.674,30,1.75028,36,60.5919,36,36.2,19.2,0,16.6,278.4,294.5,28.5,34.6,19.2,27.4,8,31,0,0,0,0,37.8,1011.9,18.1,3.2,25.4,10
Delhi,Delhi,12-04-2023,213,80.6338,37,232.095,37,38.8086,37,14.7157,30,45.4649,30,1.40306,36,56.3442,36,36,23.5,0,18.4,283,286.8,29.6,33.6,23.5,28.6,10,32.1,0,0,0,0,40.7,1011.4,55.2,3.4,24.8,9
Delhi,Delhi,13-04-2023,211,91.5936,37,256.038,37,40.0396,37,16.5376,30,44.1612,30,1.66771,35,59.4489,35,38,21.3,0,14.8,270.1,305.8,30,35.3,21.3,28.8,9.1,31.9,0,0,0,0,32.4,1009.5,20,4.9,26.5,10
Delhi,Delhi,14-04-2023,249,101.639,36,266.294,36,43.9988,36,16.8477,30,43.052,30,1.76829,35,58.886,35,38.3,22.6,0,16.6,271,307.6,30.9,36,22.6,29.5,6.9,26.3,0,0,0,0,31,1008.8,23.3,3.2,26.7,10
Delhi,Delhi,15-04-2023,235,99.784,39,273.487,39,52.5752,39,16.9387,32,49.1687,31,2.2573,37,70.1111,37,40.1,22.8,0,10.7,240.6,306.7,32.3,38.1,22.9,30.8,7.4,24.7,0,0,0,0,23,1008.1,5.9,3.4,26.6,10
Delhi,Delhi,16-04-2023,229,74.5288,39,230.468,39,45.8158,39,14.3407,32,56.4888,31,2.03757,37,46.6757,37,40,25,0,14.8,246.7,281.6,32.6,38.5,24.9,31.7,10.7,28.3,0,0,0,0,37.1,1007,41.5,4.7,24.5,9
Delhi,Delhi,17-04-2023,206,73.0763,39,245.516,39,42.6728,39,14.7274,32,55.0944,31,2.21703,37,64.7014,37,40,23.8,0,13.3,271.5,290.3,32.3,38.7,23.9,31.2,10.9,30,0,0,0,0,24.5,1007.2,22.8,3.3,25.2,9
Delhi,Delhi,18-04-2023,235,76.6609,39,262.973,39,40.5679,39,13.0961,32,56.5102,31,1.89054,37,40.5681,37,39,24.5,0,15,260.5,300.2,32.9,38.5,24.5,32.1,12.5,31.6,0,0,0,0,29.5,1008.3,25.4,3.7,26,9
Delhi,Delhi,19-04-2023,236,61.3549,39,274.194,39,27.4126,38,10.8343,32,48.6849,31,1.13,37,59.1116,37,37.3,25,0,18.4,325.7,279.4,31.4,37.9,25,30.9,13.5,35.1,0,0,0,0,46.4,1006,55.5,3.1,24.1,10
Delhi,Delhi,20-04-2023,159,43.272,39,147.913,39,29.5477,38,10.7712,32,46.4349,31,1.34703,37,48.5389,37,34.8,25,0.981,27.7,261.9,286.6,29.2,34.4,25,28.8,13.6,40,100,4.17,0,0,55.4,1003.2,61.6,3.3,24.9,9
Delhi,Delhi,21-04-2023,129,42.427,39,155.489,39,29.3096,38,10.6241,32,43.3161,31,1.19541,37,58.0719,37,35.5,23,0,17.3,339.6,285.4,29.2,33.7,23,28.3,10.7,35.1,0,0,0,0,28.4,1004.2,57,3.4,24.8,9
Delhi,Delhi,22-04-2023,141,41.9539,39,145.971,39,28.7805,38,12.0667,32,38.8987,31,1.02216,37,75.4486,37,35.5,22.7,0,18.4,15.3,304.2,29.5,33.8,22.7,28.3,8.2,29.1,0,0,0,0,37.1,1005.4,31.9,3.6,26.4,10
Delhi,Delhi,23-04-2023,118,27.395,39,112.36,39,28.9278,38,8.73136,32,35.1446,31,1.35583,36,57.6851,37,31,24,0,18.4,312.2,287.8,27.1,29,24,26.4,6.6,28.2,0,0,0,0,46.4,1007.5,78.5,3.7,25,9
Delhi,Delhi,24-04-2023,160,59.7552,39,177.41,39,44.5046,39,14.3991,32,38.8865,31,1.198,35,66.4114,37,33.3,22,0,16.6,91.9,269.6,26.9,32,22,26.3,9.6,35,0,0,0,0,36.4,1010.5,49.6,2.9,23.3,9
Delhi,Delhi,25-04-2023,156,56.2036,39,163.198,39,41.0724,39,11.8209,32,38.0988,31,1.49833,36,77.2973,37,34,21.7,0,16.6,119,311.7,27.6,32.8,21.7,26.9,10.3,36.3,0,0,0,0,29.5,1011.8,21.9,3.3,27.2,10
Delhi,Delhi,26-04-2023,210,88.4752,39,235.241,39,54.0178,39,12.9665,32,42.4831,31,1.59417,36,83.5122,37,35.9,22.6,0,9.4,137.8,266.4,29.1,35,22.6,28.3,11.2,35.5,0,0,0,0,18.4,1008.5,30.3,3.1,22.9,9
Delhi,Delhi,27-04-2023,219,79.9914,39,223.325,39,36.9219,39,11.4677,32,43.9616,31,1.32083,36,77.807,37,37.8,22.9,0.1,14.8,141.9,276.4,29.9,36.5,23,29,10.4,33.6,100,4.17,0,0,46.4,1007.9,48.1,3,24,9
Delhi,Delhi,28-04-2023,150,69.5585,39,178.905,39,44.3791,39,12.0283,32,44.2082,31,1.77568,37,57.5319,37,34,24,0.6,12.4,83.6,201,28.4,33.3,24,28.1,13.5,41.4,100,4.17,0,0,22,1009.1,69.6,5.4,17.4,6
Delhi,Delhi,29-04-2023,216,73.859,39,215.413,39,40.31,39,10.3204,32,46.3108,31,1.53944,36,49.1222,37,32.7,23.8,0,15.1,239.8,224.8,27.9,34.8,23.8,27.9,14.1,43.4,0,0,0,0,42.5,1008.3,83.7,2.6,19.4,9
Delhi,Delhi,30-04-2023,132,51.3907,39,111.859,39,32.4399,39,9.12761,32,45.0489,31,1.45706,34,55.9086,36,29.6,22.2,0.259,11.4,66,247.5,25.7,29.7,22.3,25.8,16.6,58.4,100,4.17,0,0,26.3,1007.5,86.8,6,21.6,9
Delhi,Delhi,01-05-2023,91,41.9304,39,71.5626,39,25.9482,39,6.52687,32,50.2821,31,1.20294,34,21.9936,36,24.9,20,12.131,14.8,74.2,154.8,21.7,24.9,20,21.7,19.9,89.7,100,8.33,0,0,26.6,1007.9,86.4,2.5,13.3,7
Delhi,Delhi,02-05-2023,76,39.9701,38,75.4898,38,21.7296,38,6.77652,31,52.8539,30,1.13471,34,30.7472,36,27.4,21,0.4,15.6,79.8,176.6,23.4,29.2,21,23.5,20.2,83.3,100,4.17,0,0,28.8,1009.3,74.9,3.3,15.3,7
Delhi,Delhi,03-05-2023,107,46.4067,37,90.6806,37,24.7955,37,7.07861,30,50.1995,30,1.33743,35,39.0167,36,29.8,19.7,27.526,18.4,81.9,208.4,22.8,32.4,19.7,23.1,20,85.4,100,12.5,0,0,46.4,1010.4,71.8,2.3,17.9,8
Delhi,Delhi,04-05-2023,113,61.366,38,132.192,38,32.3785,38,8.39317,31,46.6773,31,1.55297,37,63.9292,36,31,18.6,0,9.4,91.4,287.3,24.6,32.1,18.6,24.7,18.2,71.2,0,0,0,0,19.1,1010.2,27.6,2.2,24.9,9
Delhi,Delhi,05-05-2023,183,81.5687,38,190.078,38,38.8662,38,9.28749,31,45.9204,31,1.71324,37,64.6851,37,33.1,21.6,0,11.2,260.2,293.4,27.9,33.9,21.7,28.2,17.6,56.9,0,0,0,0,25.9,1008.2,29.3,3,25.2,9
Delhi,Delhi,06-05-2023,234,103.269,39,223.687,39,37.6216,39,11.4562,32,44.8744,31,1.44189,37,44.2454,37,35,23,0,27.7,271.3,301.5,28.6,33.8,23,28.4,16,49.4,0,0,0,0,46.4,1006.5,22.5,2.9,26,9
Delhi,Delhi,07-05-2023,173,65.3703,39,174.161,39,33.0322,39,10.5112,32,39.7444,31,1.11865,37,62.6478,37,37,22.9,3.533,14.8,124.6,305.4,29.4,38.3,22.9,29.4,15.7,46.3,100,4.17,0,0,55.4,1005.4,44.3,3,26.3,9
Delhi,Delhi,08-05-2023,131,53.7943,39,143.633,39,35.8534,39,9.32545,32,42.4906,31,1.33324,37,47.7381,37,35.6,23.1,0,20.5,96,296.6,29.2,37.6,23.1,29.2,17.3,53,0,0,0,0,43.2,1004.7,47.7,3.2,25.5,10
Delhi,Delhi,09-05-2023,197,94.4366,39,239.366,39,39.4336,39,14.2933,32,45.7052,31,1.71243,37,72.1532,37,37,22.4,0,14.8,291.8,328.9,30.3,34.9,22.5,29.2,10.5,35.8,0,0,0,0,28.4,1007,9.1,2.8,28.4,10
Delhi,Delhi,10-05-2023,203,90.273,39,210.446,39,44.0635,39,14.9953,32,39.7924,31,1.81162,37,79.7319,37,36.1,24,0,14.8,289.4,334.5,30.5,34.1,24,29.1,6.7,24.8,0,0,0,0,38.9,1006.7,0,3.2,28.9,10
Delhi,Delhi,11-05-2023,274,130.422,39,304.349,39,56.5488,39,16.7394,32,43.2463,31,2.34595,37,85.3043,37,38,22,0,10.2,281.6,331.6,31.1,36.6,22.1,30.1,9.7,29.7,0,0,0,0,22.7,1007.2,0,3.9,28.7,10
Delhi,Delhi,12-05-2023,227,92.1944,39,246.528,39,56.5157,39,11.8992,32,45.1201,31,2.23865,37,82.0308,37,41,22.8,0,13,255.7,327.3,32.8,38.5,22.9,31.5,9,27.9,0,0,0,0,23.8,1005.8,1.6,3.5,28.2,10
Delhi,Delhi,13-05-2023,235,98.7514,39,256.424,39,56.3315,39,14.302,32,46.1813,31,2.17541,37,99.123,37,40.1,25,0,14.8,91.3,324,33.5,41.8,25.1,32.9,12.8,31.6,0,0,0,0,29.9,1005.1,13.8,3.2,28,10
Delhi,Delhi,14-05-2023,259,99.9894,38,270.863,38,44.2091,38,13.1283,31,52.399,30,2.05889,36,80.6969,36,40,28.5,0,14.8,17.9,302,33.6,42.4,28.4,33.1,13.2,30.8,0,0,0,0,37.1,1002.3,41.7,2.7,26,10
Delhi,Delhi,15-05-2023,162,38.905,39,177.414,39,29.2456,39,10.9024,32,44.6878,31,1.17914,35,67.8831,36,41,27,0,21.3,250.7,315.6,33.9,40.9,27,32.9,11.4,27.6,0,0,0,0,35.3,1002,36,3.6,27.2,10
Delhi,Delhi,16-05-2023,259,138.62,39,479.383,39,28.9903,39,10.1608,32,41.0034,31,1.59973,37,50.2392,37,39,28,0,23.1,263.7,321.3,33.4,39.6,27.8,32.8,12.9,30.4,0,0,0,0,40.7,1004.1,49.2,2.5,27.8,10
Delhi,Delhi,17-05-2023,336,91.7447,38,320.253,38,34.4844,38,14.3315,30,43.1251,31,1.38243,37,54.6278,37,40.2,27.3,0,14.8,251.7,305.1,33.3,41.7,28,33,14.2,33.3,0,0,0,0,35.3,1005.3,61.1,2.9,26.2,9
Delhi,Delhi,18-05-2023,149,42.0824,37,129.581,37,24.8719,36,8.87311,29,46.3969,29,1.29571,35,64.5061,36,36,24,8.652,33.5,322.6,312.6,29.8,38.8,24,30.4,17.8,50.9,100,8.33,0,0,51.8,1009.6,42.3,3.4,27.1,10
Delhi,Delhi,19-05-2023,152,66.9029,36,177.072,36,33.0784,36,12.8838,28,46.9339,29,1.51886,35,77.3403,35,38,25.1,0,19.8,279.3,324.9,31.9,37.1,25.1,31.6,15.1,40.5,0,0,0,0,37.8,1006.8,10.3,4.2,28,10
Delhi,Delhi,20-05-2023,186,69.2951,36,204.801,37,39.0377,36,12.4224,30,42.8778,29,2.09343,35,77.3183,36,40,25.1,0,14.8,279.7,326.6,33.5,40.4,25.1,33,13.4,32.9,0,0,0,0,33.5,1004.5,2,3.7,28.2,10
Delhi,Delhi,21-05-2023,215,81.7343,36,243.844,36,47.9039,35,12.17,30,42.9264,29,2.31441,34,77.0834,35,42.2,26.1,0,14.8,279,320.2,35.7,43.5,26.1,34.9,12,27.5,0,0,0,0,33.5,1004.4,3.4,3.8,27.7,10
Delhi,Delhi,22-05-2023,199,61.6081,38,255.953,38,35.1635,36,10.8572,31,42.081,29,1.67788,33,50.0094,36,44,28.4,0,18.6,259.2,291.7,36.9,47,28.4,36.8,13.5,26.7,0,0,0,0,40.7,1004.3,16.6,5.2,25,9
Delhi,Delhi,23-05-2023,198,52.3387,38,235.845,38,26.101,36,10.6718,31,39.2197,29,1.42455,33,45.1119,36,44,31.7,0,28.4,261.2,277.6,36.9,46.8,30.6,36.6,13,25,0,0,0,0,46.4,1004.8,44.9,3.4,24,10
Delhi,Delhi,24-05-2023,158,35.5768,38,115.288,37,25.367,36,8.44864,30,39.3709,29,1.28412,34,38.9557,35,33,26,0,18.4,118.9,267.9,30,34.9,26,30.4,16.9,46.3,0,0,0,0,40.3,1006.1,80.7,3.3,23,9
Delhi,Delhi,25-05-2023,106,25.9118,37,108.784,37,25.4564,36,8.92082,29,37.7628,28,1.13057,35,64.7653,36,35.3,22,4.749,30.1,261.3,237.2,28.6,37.3,22,29.1,17.5,53.4,100,4.17,0,0,66.6,1005.3,62.6,4.3,20.6,9
Delhi,Delhi,26-05-2023,98,26.348,37,91.9891,37,32.9853,35,8.59743,29,38.1658,28,1.54657,35,64.5103,35,33.3,22.8,0,14.8,242.4,279.6,28.2,34.5,22.8,28.3,16.8,52.6,0,0,0,0,34.2,1006.4,52.2,3.9,24.2,10
Delhi,Delhi,27-05-2023,110,33.8473,36,94.7705,36,35.666,36,7.43102,30,42.041,28,1.30647,34,43.4076,34,32.1,20,18.165,20.5,119,248.6,27.3,34.5,20,28.3,19.9,66.7,100,8.33,0,0,59.4,1006.2,45.3,5.1,21.5,9
Delhi,Delhi,28-05-2023,134,56.7091,36,162.372,36,35.3154,35,7.47105,29,52.6911,27,1.45,34,56.8573,33,34.1,24.4,0,12.7,143.1,289.8,29.8,40.2,24.4,32.1,21.3,62,0,0,0,0,29.5,1006.8,50.3,4.7,25,9
Delhi,Delhi,29-05-2023,136,37.3241,36,133.462,36,30.2958,36,7.64856,28,53.3263,27,1.35559,34,48.3853,34,34,22.8,7.011,15.9,281.4,244.5,27,37.1,22.8,28.2,20.7,69.7,100,12.5,0,0,36.7,1009,61.2,4.2,21,9
Delhi,Delhi,30-05-2023,115,40.25,37,100.682,37,28.7546,38,7.97552,29,51.3429,29,1.15472,36,56.7136,36,34.7,22,31.388,59.4,248.3,295.2,27.1,38,22,27.8,20,68.7,100,8.33,0,0,64.8,1008.6,57.2,3,25.5,9
Delhi,Delhi,31-05-2023,85,33.6363,38,72.077,38,26.5312,38,7.83355,30,46.3775,29,1.20794,34,40.1067,36,30.5,22,3.334,27.3,238.9,259.7,25.2,34,22,26,21.5,81.3,100,12.5,0,0,34.6,1007.8,71.2,2.6,22.3,8
Delhi,Delhi,01-06-2023,96,46.7996,38,106.574,38,31.1196,38,7.83159,30,44.4914,28,1.26429,35,38.2426,35,31.3,21.8,0.2,18.4,293.1,296.7,26,33.7,21.8,26.7,20.4,73.3,100,4.17,0,0,37.1,1007.5,48.5,2.8,25.4,9
Delhi,Delhi,02-06-2023,120,41.7157,38,111.132,39,29.1296,38,9.73596,30,42.2399,28,1.12056,36,62.4408,36,33.4,22.5,0,11.2,297.8,268.5,28.5,33.8,22.5,28.9,17.6,53.9,0,0,0,0,28.8,1006.3,41.5,4,23.2,9
Delhi,Delhi,03-06-2023,121,52.8673,38,138.437,38,33.9504,38,10.0242,30,41.7452,28,1.51703,37,60.4008,37,35.5,24.4,0,12.9,269.4,319.8,30.4,37.6,24.4,31.1,17.8,49,0,0,0,0,22,1006.1,8.1,3.6,27.9,10
Delhi,Delhi,04-06-2023,171,79.3297,38,185.562,38,36.5633,38,9.73517,30,47.4834,30,1.26353,34,56.7764,36,33,25,2.615,13.3,254.2,253,29.4,38.7,25,31.7,20.7,60.3,100,4.17,0,0,23.8,1005.7,65.8,2.6,21.7,8
Delhi,Delhi,05-06-2023,166,62.1897,37,157.766,37,30.6145,37,9.63456,29,47.719,29,1.55556,36,72.7392,36,37.2,25.9,0,18.4,262.5,305.1,31.7,40.7,25.9,33.3,19.7,52.6,0,0,0,0,28.1,1004.2,27.8,3.2,26.4,9
Delhi,Delhi,06-06-2023,139,67.7536,39,156.882,38,28.4475,39,9.87245,30,44.5488,30,1.07514,37,75.0705,37,38,24,0.345,14.8,269,288.7,31.5,41.7,24,32.3,18.1,48.1,100,4.17,0,0,37.1,1004,47.7,3.3,25.1,9
Delhi,Delhi,07-06-2023,239,67.4276,38,257.123,38,33.309,39,10.3427,29,40.0964,31,1.51944,36,66.9403,37,38,25.9,0,13.8,269.6,283.2,32.4,39.4,25.9,32.5,15.6,39.3,0,0,0,0,43.6,1003.8,17.2,3.5,24.5,9
Delhi,Delhi,08-06-2023,161,54.1584,38,163.881,38,35.4212,38,12.2925,29,42.716,31,1.35278,36,80.08,36,39,26,0,18.4,291.4,301.8,33.8,42.1,26,33.9,15.2,35.1,0,0,0,0,38.5,1003.1,8.8,3.4,26,9
Delhi,Delhi,09-06-2023,152,43.8244,37,155.144,37,28.4351,38,9.47716,28,48.1959,30,1.21743,35,57.9419,36,40.1,28.8,0,19.9,258.1,306.7,33.8,43.4,29.8,35.3,18.1,40.9,0,0,0,0,35.3,1000.3,39.1,3.7,26.3,9
Delhi,Delhi,10-06-2023,134,41.1285,37,160.578,37,28.8592,37,9.00132,29,45.8523,30,1.17333,36,43.6058,36,41,28.3,0,16.6,258.9,274.9,34.4,46.5,30,36.2,18.3,39.5,0,0,0,0,40.7,998.8,45.9,3.5,23.9,9
Delhi,Delhi,11-06-2023,130,39.8617,37,149.125,37,24.6489,37,8.17806,28,45.299,30,1.06571,35,56.256,35,38,27,0.568,20.5,278.8,282.7,32.8,42.5,29.2,34.8,19.7,48.5,100,8.33,0,0,37.1,999.7,37.2,3.4,24.4,9
Delhi,Delhi,12-06-2023,169,51.0519,37,195.217,37,26.7621,36,9.35782,29,42.0759,29,1.20944,36,55.0033,36,40,29,0,22.2,277.5,306,34.9,46.3,31.3,38.4,20.7,45.1,0,0,0,0,39.6,998.6,21.6,3.1,26.4,9
Delhi,Delhi,13-06-2023,205,57.1848,37,262.968,37,26.4559,37,8.67695,29,40.32,30,1.16515,33,32.6219,36,41.2,31.1,0,32.7,267.1,294.6,36.5,48.1,34.9,39.6,19.7,39.7,0,0,0,0,53.6,998.5,7.3,2.9,25.4,9
Delhi,Delhi,14-06-2023,213,44.997,37,218.348,37,22.2226,37,8.94898,29,38.2541,30,1.10528,36,27.49,36,40.1,30,0,26.1,270.7,289.7,35.4,48.3,30,38.4,19.6,40.4,0,0,0,0,51.8,999.5,37.2,3.4,25.1,9
Delhi,Delhi,15-06-2023,154,37.2022,37,152.069,37,25.5337,37,7.99809,29,34.452,30,1.09972,36,35.32,36,37,29,0.1,21.8,270.9,281,33.5,43.2,30.8,35.9,19.7,45.2,100,4.17,0,0,46.4,1001,51.1,4.3,24.2,8
Delhi,Delhi,16-06-2023,119,38.0164,37,126.45,37,27.8572,37,9.40921,29,34.2092,30,1.75889,36,31.9475,36,38,28,8.1,23.1,253.9,260,32,45.2,30,36.1,21.6,56.2,100,4.17,0,0,40,1000.9,61.1,3.3,22.6,9
Delhi,Delhi,17-06-2023,119,42.805,37,119.645,36,24.2238,37,7.38352,28,42.7067,30,1.3825,36,34.1886,36,37.6,28.8,0.275,13,237.9,256.1,32.5,45.5,34.4,38.1,23.7,62,100,4.17,0,0,27.7,1001,73.1,3.2,22.2,8
Delhi,Delhi,18-06-2023,90,30.4573,36,87.208,34,20.1358,36,6.86927,28,43.8213,30,0.999143,35,35.5441,34,35.5,29,0.55,15.6,118.3,207.4,31.5,45,33.5,37.5,24.3,66.2,100,4.17,0,0,33.5,1000.9,83.3,2.9,17.8,7
Delhi,Delhi,19-06-2023,75,27.311,37,75.0202,37,22.3118,37,6.91034,29,43.3885,30,1.42917,36,23.6139,36,33.2,26,8.726,16.6,64.1,211.5,28.6,41.1,26,33,24.9,81,100,12.5,0,0,37.1,999.9,90,3.2,18.3,8
Delhi,Delhi,20-06-2023,104,40.858,37,103.352,37,22.3875,37,7.01078,28,46.1931,30,1.35806,36,33.7789,36,36.9,27,0.549,14.8,76.6,221.3,31.6,45.4,31.2,38,24.6,67.8,100,8.33,0,0,41.8,999.7,67.9,3.3,19.2,7
Delhi,Delhi,21-06-2023,91,37.0908,37,108,37,23.6977,37,6.82739,29,43.1658,30,1.35833,36,36.01,36,36.4,26,0.069,14.8,220.9,234.8,31,46.8,26,37.4,25,71.7,100,4.17,0,0,37.1,1000.9,67,3.3,20.1,8
Delhi,Delhi,22-06-2023,110,41.8533,37,123.476,37,25.7206,37,6.24075,29,37.3041,30,1.61029,35,26.0874,35,36.5,29,0.863,14.2,241.5,186.5,32.4,46.7,35.2,40.3,25.5,68.1,100,4.17,0,0,24.8,1000.9,73,3,16.2,5
Delhi,Delhi,23-06-2023,132,50.0656,37,147.888,37,24.56,37,6.29078,29,41.7237,30,1.47114,35,25.8829,35,36.8,27,5.981,14.8,267.7,160.1,32.8,47.3,31.7,41.9,26.3,69.8,100,4.17,0,0,30.6,1000.6,76.6,2.9,14,8
Delhi,Delhi,24-06-2023,169,53.6885,36,147.903,36,25.1192,36,6.61004,29,42.0342,30,1.33529,34,27.1866,35,36.5,30,0,14.8,83.9,206,32.2,47,36.2,40.6,25.7,69.2,0,0,0,0,33.5,1000,80.8,2.7,17.8,7
Delhi,Delhi,25-06-2023,71,26.2045,36,49.8968,36,20.5585,35,6.05877,29,41.2324,30,1.37514,35,25.6946,35,30,24.7,47.35,20.5,169.1,76.2,26.4,38.8,24.8,28.9,25.3,93.6,100,16.67,0,0,40.7,1002.1,89.1,2.6,6.6,3
Delhi,Delhi,26-06-2023,93,45.8412,36,94.5231,36,22.6784,36,7.03807,30,38.1193,30,1.60829,35,34.756,35,31.5,26,1.099,13,126.7,141.4,28.8,42.4,26,34.7,26.1,86.1,100,8.33,0,0,25.6,1002.2,81.7,2.4,12.3,6
Delhi,Delhi,27-06-2023,86,35.5157,36,83.368,36,21.7391,36,6.9177,30,34.9549,29,1.23743,35,32.9109,35,33.4,26,4.399,14.8,71.7,230.4,29.5,42.9,26,37.1,26.9,86.9,100,8.33,0,0,25.9,1001.1,77.6,2.4,20.1,7
Delhi,Delhi,28-06-2023,93,33.429,36,100.735,36,24.9805,36,6.95093,30,37.6707,29,1.57314,35,29.7534,35,34.9,27,1.924,18.4,81.9,183.3,29.6,45.2,31.8,37.1,26.6,85,100,4.17,0,0,23.8,1002.1,66.7,2.7,15.7,6
Delhi,Delhi,29-06-2023,101,40.8289,36,93.6601,36,24.3913,36,6.7005,30,40.5134,29,1.386,35,28.8686,35,32.9,24.7,21,15.3,86.2,138.3,28.8,43.4,24.7,35.2,26.4,87.6,100,8.33,0,0,33.5,1001.5,80.7,3.1,11.9,7
Delhi,Delhi,30-06-2023,70,25.9313,36,59.8832,36,22.059,36,6.35399,30,40.4275,29,1.17294,34,30.1843,35,32,25,23.701,14.8,73.4,220.6,28.2,40.8,25,34.2,26.5,90.7,100,8.33,0,0,35.3,999.9,82,2.9,19,8
Delhi,Delhi,01-07-2023,69,23.6412,36,63.3503,36,19.1854,35,6.73217,30,38.6554,28,1.20086,35,30.9749,35,33.7,26.1,0,11.2,68.1,249,29.5,43.8,26.1,36.1,26.2,83.4,0,0,0,0,23,1000.6,73.5,2.9,21.7,8
Delhi,Delhi,02-07-2023,71,33.9346,36,80.3964,36,21.1554,35,6.81243,30,35.4639,28,1.48229,35,30.8321,34,35.3,27,0,9.4,49,267.5,30.7,42.8,31.5,37.4,25.7,76.8,0,0,0,0,22,1001.3,53.8,3.6,23.3,8
Delhi,Delhi,03-07-2023,118,54.5318,37,133.411,37,29.1058,37,7.34572,31,37.0546,28,1.53914,35,42.8291,35,37.5,29,0,10.6,204.7,272.5,32.8,47.4,36.8,41.7,26.1,69.9,0,0,0,0,24.8,1000.6,44.8,3.4,23.4,8
Delhi,Delhi,04-07-2023,144,49.3977,36,124.039,36,29.6914,36,6.49433,31,41.816,29,1.40943,35,31.4329,35,35,26,2.097,26.4,147.3,237.9,31.2,47.3,26,40.7,27,78.9,100,8.33,0,0,46.4,999.3,75.2,3.1,20.6,8
Delhi,Delhi,05-07-2023,96,37.3868,36,76.9119,36,23.2472,36,6.19517,30,43.7932,29,1.314,35,25.654,35,33.8,26,6.925,27.7,81.1,214.2,29.9,44.9,26,38.3,27.1,86,100,8.33,0,0,46.4,999.4,82.4,2.5,18.4,7
Delhi,Delhi,06-07-2023,72,28.3172,36,57.8396,35,23.104,36,6.0478,30,40.6712,29,1.15743,35,20.5597,34,29.9,26,2.962,14.8,75.2,124.7,28.3,38.4,26,34.9,26.8,91.9,100,4.17,0,0,33.5,1001.3,87.4,2.8,10.8,6
Delhi,Delhi,07-07-2023,77,33.7958,36,72.4682,36,23.8208,37,6.28978,31,37.7317,29,1.17571,35,25.8535,34,33.3,27,0,16.6,93.6,166.4,29.7,44.3,31.8,37.4,26.7,84.6,0,0,0,0,32.4,1002,81.7,3,14.4,6
Delhi,Delhi,08-07-2023,71,27.1497,36,44.7136,36,25.6648,36,5.53783,30,33.7016,29,1.31412,34,20.8426,34,29,26,118.566,14.8,83.1,75.3,27.2,36.8,26,31.7,26.7,97.1,100,20.83,0,0,34.2,1001.9,98.5,1.9,6.4,3
Delhi,Delhi,09-07-2023,64,23.0844,35,35.5802,35,21.1995,35,5.52188,28,33.1442,28,1.23667,33,17.7288,34,30,25.9,115.865,11.2,97.7,80,26.9,40.4,25.9,30.1,26.6,98.1,100,20.83,0,0,36,1001.2,93.5,2,6.9,3
Delhi,Delhi,10-07-2023,65,26.9177,35,46.318,35,21.7886,35,6.51157,28,35.3406,28,1.18559,34,22.0162,34,31,25.9,7.038,13,48.2,141.3,27.4,44.3,25.9,31.9,26.8,96.7,100,8.33,0,0,27.7,1001.4,87.9,2.2,12.3,6
Delhi,Delhi,11-07-2023,69,33.1769,35,70.5208,35,22.6513,35,6.46048,28,38.6651,28,1.28424,33,27.5865,34,32,26,0.412,9.4,345.6,180,28.4,42.3,26,33.7,26.5,89.8,100,4.17,0,0,17.3,1001.6,87.4,2.8,15.4,6
Delhi,Delhi,12-07-2023,77,32.4319,35,66.6303,34,21.1636,35,6.63006,28,36.0759,28,1.24061,33,27.9447,34,32,27,0.904,11.2,41.5,148,29.3,44.1,31.8,37.3,27.1,88.1,100,8.33,0,0,22.7,1001,79.2,2.6,12.9,7
Delhi,Delhi,13-07-2023,77,37.8739,35,80.1189,34,19.8712,35,6.25877,28,36.5753,28,1.21515,33,26.6403,34,32.7,27,1.725,16.6,83.3,168.9,29.7,46.2,31.7,38.6,27.4,88.1,100,4.17,0,0,25.6,1001.1,73.6,2.5,14.5,7
Delhi,Delhi,14-07-2023,73,36.7778,11,69.3013,12,18.2957,12,8.09591,5,66.6564,6,1.60455,11,32.2518,11,32.6,27,1.375,14.8,100,139.1,29.5,44.8,31.8,38.3,27.4,88.9,100,4.17,0,0,20.9,1002.2,82.8,2.5,12.1,5
Delhi,Delhi,15-07-2023,100,38.0308,12,88.7495,12,16.129,12,9.90114,6,55.2241,6,1.44273,11,30.1309,11,33.8,26,13.687,13,167.5,181.3,29.5,44.5,26,37.3,27,87,100,4.17,0,0,40.7,1001.8,75.8,2.9,15.5,6
Delhi,Delhi,16-07-2023,69,28.5679,12,55.75,12,15.9854,12,5.69469,6,53.8112,6,1.51,11,26.6573,11,33.1,26.7,7.862,13,219.1,198.6,29,43.8,30.7,36.1,26.9,89.1,100,12.5,0,0,23.4,1001.8,87.5,3.1,17.2,7
Delhi,Delhi,17-07-2023,85,44.0011,10,95.9638,10,16.8091,10,5.78867,6,59.4713,6,1.44429,7,35.1314,7,33,28,0,11.2,186.9,172.9,30.5,46.2,35.6,40.6,27.8,86.2,0,0,0,0,21.2,1000.9,85.5,3,15.1,5
Delhi,Delhi,18-07-2023,113,34.7843,12,73.9894,12,16.5082,12,6.30689,6,58.8282,6,1.40545,11,28.0673,11,32,28,0.616,13,107.8,160.9,29.4,44.3,34.5,38.8,27.9,92.2,100,12.5,0,0,26.3,1000.7,90.1,2.6,14,5
Delhi,Delhi,19-07-2023,77,32.0756,12,72.5127,12,14.4402,12,5.22888,6,60.0144,6,1.45364,11,36.2873,11,35,28,0,14.8,101.3,230.6,30.9,46.6,34.5,40.4,27.3,82.6,0,0,0,0,33.8,1000.5,78.4,3.5,20,7
Delhi,Delhi,20-07-2023,93,42.9927,35,105.489,34,21.2388,35,6.69967,29,55.9791,28,1.48971,34,42.2,34,36.9,29,0.1,9.4,102.3,262.9,32.8,48.7,38.2,42.2,26.4,70.8,100,4.17,0,0,22,1000.5,71.2,3.7,22.5,8
Delhi,Delhi,21-07-2023,109,53.2451,35,122.972,34,21.8759,35,5.90246,29,62.093,28,1.36676,34,28.0621,34,37.1,30,0,14.8,108,234.5,33.2,48.4,38.7,44.3,27.2,71.7,0,0,0,0,27.4,1002,62.4,3.3,20.3,8
Delhi,Delhi,22-07-2023,96,34.2246,35,80.6998,35,16.6268,35,6.57505,29,59.9971,28,1.00235,34,25.9894,33,35.3,29,0,18.4,82.6,167.3,32.1,48,39.4,43.1,27.5,77.2,0,0,0,0,40,1004.2,61.2,3.4,14.5,7
Delhi,Delhi,23-07-2023,73,27.2622,35,66.4006,35,17.282,35,7.66642,29,54.7963,28,1.08394,33,30.2044,34,35.3,29,0.173,20.5,83.1,249.1,32.1,46.7,35.6,41.3,26.4,72.4,100,4.17,0,0,47.9,1004.4,52.5,3.7,21.7,8
Delhi,Delhi,24-07-2023,77,30.3792,34,73.0738,34,17.477,35,7.34204,29,51.3586,28,1.01879,33,27.6633,33,37,29,0,18.4,89.7,214.9,32.5,48.6,36.8,41.6,26.3,70.6,0,0,0,0,34.2,1001.9,65.1,3.9,18.6,7
Delhi,Delhi,25-07-2023,102,43.1807,35,94.3722,34,19.9648,35,10.6263,29,50.1441,28,1.12441,34,32.4469,32,34.9,29,0,14.8,100.4,176.7,31.3,47.3,36.8,41.7,27.5,80.9,0,0,0,0,32.8,1002.3,76.1,3.2,15.2,6
Delhi,Delhi,26-07-2023,73,25.008,36,54.4798,37,21.8505,37,8.59062,30,49.2157,30,1.264,35,25.448,35,30.4,25,32.087,14.8,90.8,101.6,27.7,38.8,25,32.5,26.3,92.1,100,12.5,0,0,25.9,1004.2,80,2.7,8.7,4
Delhi,Delhi,27-07-2023,92,39.8614,36,90.2238,36,23.8677,37,6.82671,29,44.6008,30,1.30676,34,38.884,35,34,27,0.2,11.2,159.6,148.8,29.6,45.3,30.8,37.1,26.6,84.6,100,4.17,0,0,18,1003.1,81.4,3,12.8,6
Delhi,Delhi,28-07-2023,81,35.1934,36,68.3346,37,20.6607,38,6.78985,29,42.6093,30,1.20167,36,34.5392,36,33,25,10.299,14.8,241.9,103,28.7,43.8,25,34.5,26.3,87.6,100,12.5,0,0,14.8,1001.2,90.9,2.9,8.8,5
Delhi,Delhi,29-07-2023,59,16.4894,37,38.6254,37,20.0379,37,6.15472,30,40.9853,30,1.1925,36,17.8506,36,31,25.9,5.725,11.2,192.3,123.3,27.9,40.6,25.9,32.6,26.5,92.3,100,4.17,0,0,22.3,1000.5,86.7,2.9,10.4,6
Delhi,Delhi,30-07-2023,65,23.5101,37,59.8252,37,19.3654,36,6.1415,30,37.2125,29,1.38583,36,25.0234,35,33.9,26,0,13,252.4,203.8,29.7,44.4,26,35.7,26.2,82.9,0,0,0,0,25.6,999.6,69.6,3.3,17.5,7
Delhi,Delhi,31-07-2023,89,45.2891,38,97.278,38,20.5661,37,6.55275,31,35.5974,29,1.16514,35,27.806,35,34.3,28,0,14.8,258.7,243.4,31.1,45.3,34.4,39.8,26.6,78.3,0,0,0,0,32,999.1,57.5,3.2,20.8,8
Delhi,Delhi,01-08-2023,92,27.4175,38,84.7325,38,17.9766,36,6.09564,31,48.7576,30,1.11353,34,23.0726,34,35.4,28,0,16.6,256.2,253,31.4,44.6,33,39.3,26.1,74.7,0,0,0,0,35.3,998.3,56.4,3.8,21.9,8
Delhi,Delhi,02-08-2023,91,27.5419,36,87.9771,36,17.1289,36,6.26414,30,44.4473,30,1.05686,35,24.0791,35,34.9,28,4.313,18.4,248,204.6,30.7,47.4,34.5,39.2,26.5,78.9,100,4.17,0,0,37.1,999,71.2,3.5,17.7,8
Delhi,Delhi,03-08-2023,75,31.2253,37,92.0122,37,17.5268,36,6.19425,29,41.6011,30,1.0125,36,25.1874,35,35,27.2,7.533,18.4,266,212.6,30.6,46.7,31.8,39,26.8,81.3,100,8.33,0,0,37.1,999,76.1,3.3,18.2,8
Delhi,Delhi,04-08-2023,105,36.7507,37,91.5834,37,20.5209,36,6.00025,28,36.317,29,1.235,36,30.9024,34,33.1,27,47.426,16.6,237.2,153,29.3,43.8,31.8,36.7,26.7,86.7,100,12.5,0,0,26.6,1001.3,89.8,2.9,13,5
Delhi,Delhi,05-08-2023,85,39.8306,36,87.6559,37,24.9746,36,6.83623,29,34.8321,30,1.64657,35,23.4329,34,33,26,6.55,14.8,271.8,153.6,29.5,43.2,26,37.4,27.2,88.3,100,12.5,0,0,26.6,1002.7,91.8,2.7,13.1,5
Delhi,Delhi,06-08-2023,101,29.848,37,98.329,37,18.4672,37,5.77288,29,39.6467,30,1.26306,36,25.5844,34,34.5,29,0,22.3,245.9,242.8,31.4,43.5,35.4,39.4,25.9,73.4,0,0,0,0,36.4,1000.2,67.6,3.6,21.1,8
Delhi,Delhi,07-08-2023,102,29.1559,37,111.566,37,17.0037,37,6.30844,29,36.9795,30,0.985429,35,22.7885,33,33.2,28,0,17.9,243.5,224.7,30.3,41.1,32,35.8,24.3,70.7,0,0,0,0,38.2,997.9,63.1,3.6,19.6,8
Delhi,Delhi,08-08-2023,110,30.8274,36,124.759,36,15.4896,35,6.28442,28,32.5049,29,1.09514,35,20.92,35,33.3,27,0,22.7,241.5,239.4,30.5,44.1,30.6,36.7,24.9,72.7,0,0,0,0,42.5,998.8,60.7,6.8,20.7,8
Delhi,Delhi,09-08-2023,118,38.18,36,139.67,36,16.579,37,6.81239,30,41.3315,30,1.07167,36,22.6909,35,33.4,28.1,0,22.1,246.1,217.2,30.8,42,32,36.8,24.5,69.7,0,0,0,0,36.4,1002.5,70.6,7.1,18.8,8
Delhi,Delhi,10-08-2023,133,37.5484,36,135.393,36,18.9198,37,6.21604,30,42.0448,30,1.07,36,24.6825,36,34.3,28,0.173,16.6,245.6,175,30.8,43.7,31.9,37.1,24.8,71,100,4.17,0,0,27,1004.4,67.9,3.6,15,6
Delhi,Delhi,11-08-2023,123,40.0277,36,140.459,36,17.6926,37,6.12786,30,39.0836,30,1.02457,35,25.5434,35,34.8,28,0,15.2,258.3,223.8,31.3,42.1,31.9,37,24.1,66.4,0,0,0,0,32,1004.5,67,3.6,19.5,8
Delhi,Delhi,12-08-2023,126,36.0175,37,137.072,37,18.9231,36,6.32095,30,32.259,30,0.921667,36,27.4141,34,35,28,0,18.4,244.5,242.6,31.6,41.9,30.6,36.3,23.1,61.4,0,0,0,0,35.3,1002.3,49.2,3.8,21,8
Delhi,Delhi,13-08-2023,105,32.4898,37,105.421,37,18.2644,36,6.40195,30,28.9051,30,1.02829,35,28.3625,36,34.2,28,0,16.5,224.4,178.9,30.9,42,31.1,35.9,23.6,65.7,0,0,0,0,35.6,1000.3,67.4,3.4,15.4,7
Delhi,Delhi,14-08-2023,114,39.134,37,118.863,36,21.3485,37,7.14144,30,30.4878,30,1.16556,36,34.6767,36,34.2,28,0,13,155.4,123.9,30.7,42.4,31.9,36.7,24.5,70,0,0,0,0,24.1,1003.9,64.3,3.3,10.7,5
Delhi,Delhi,15-08-2023,108,46.6267,37,106.58,37,20.9261,36,7.05961,30,31.4875,29,1.5,36,28.9747,34,33.2,27,1.547,13,153.1,222.5,30.1,46.5,31.2,37.8,26.2,80.5,100,8.33,0,0,18.7,1004.6,73.8,3.1,19.3,8
Delhi,Delhi,16-08-2023,109,47.4611,37,135.858,37,20.3038,37,6.93165,30,34.0742,30,1.2025,36,26.355,36,35.1,28.1,3.299,16.6,276.6,249.3,31.9,44.7,33.9,40.3,26.1,72.2,100,4.17,0,0,29.9,1004.1,53.9,3.1,21.3,8
Delhi,Delhi,17-08-2023,131,41.6444,37,154.99,37,21.8986,36,7.1167,30,37.3118,29,1.3825,36,25.1694,35,35.9,29,0,15.1,263.7,253.3,32.2,43.8,33.6,38.5,24.3,63.8,0,0,0,0,33.5,1003.7,50.3,3.8,21.7,9
Delhi,Delhi,18-08-2023,153,45.7167,36,175.846,37,17.5643,37,6.99708,29,36.7869,30,1.07171,35,29.7617,36,36.2,29,0,16.6,275.6,252.4,32.6,44.5,34.5,39.7,24.7,64,0,0,0,0,24.8,1003.5,56.3,3.5,21.7,8
Delhi,Delhi,19-08-2023,125,45.554,36,102.367,37,20.3011,37,6.96831,30,36.0305,30,1.47444,36,28.5569,36,34,25,17.602,13.7,90.9,181.3,30.3,45.1,25,38.7,27,84,100,16.67,0,0,27.4,1003.7,75.4,3.7,15.7,7
Delhi,Delhi,20-08-2023,91,38.5743,36,87.6258,37,18.063,34,8.21845,29,39.7344,28,1.33917,36,27.1936,36,35.6,29,0,14.8,103.3,238.1,31.9,45.9,38.2,41.1,26.6,75.2,0,0,0,0,32,1004.3,51.6,3.5,20.5,7
Delhi,Delhi,21-08-2023,91,39.5032,36,92.3218,37,21.3938,37,9.93718,30,36.8535,29,1.33714,35,40.6322,36,36.9,29,0,10,183.1,228.6,32.6,46.9,38.2,42.7,27,74,0,0,0,0,19.4,1003,49.7,3.6,19.7,7
Delhi,Delhi,22-08-2023,106,37.6535,36,93.92,37,24.1412,36,7.36619,29,32.2474,28,1.316,35,26.0461,36,35.3,28,0,18.4,217.1,147.6,31.1,47.3,33.5,41.2,27.3,80.9,0,0,0,0,37.1,1001.1,74.7,3.2,12.7,6
Delhi,Delhi,23-08-2023,71,24.4094,36,59.7029,37,18.4786,37,7.16582,30,32.665,30,1.33528,36,19.6189,36,28.9,27,5.948,14.8,196.7,71.2,27.6,36,31.2,32.9,26.3,92.4,100,12.5,0,0,30.2,1000.5,92.8,2.7,6.1,3
Delhi,Delhi,24-08-2023,85,31.7349,37,110.175,37,16.5784,37,6.83852,30,34.2516,30,1.00771,35,20.0614,36,32.1,26,0,14.8,242.3,201.5,29.1,38.2,26,33.5,24.3,75.8,0,0,0,0,30.2,999.9,74.1,3.5,17.3,8
Delhi,Delhi,25-08-2023,117,36.4611,37,139.384,36,16.2531,37,7.14427,30,32.4485,30,1.08722,36,23.8414,36,34.4,26.7,0,14.8,239,241.5,30.4,41.4,29.2,35.2,23.7,68.1,0,0,0,0,30.6,1000,47.5,3.6,20.9,9
Delhi,Delhi,26-08-2023,152,47.6376,37,198.475,36,17.7318,37,6.32819,30,31.151,30,1.0975,36,24.8474,35,34.6,27,0,17.8,250.3,242.9,30.8,40.2,29.2,35,22.9,63.6,0,0,0,0,35.3,1001.8,51.7,3.5,21,8
Delhi,Delhi,27-08-2023,186,53.1472,36,230.718,36,15.5503,37,6.75972,30,28.0642,30,1.01147,34,26.9689,35,35,27,0,17.9,256.5,254.4,30.9,40.6,28.8,34.2,21.7,58.5,0,0,0,0,33.5,1001.6,57.5,3.4,22,8
Delhi,Delhi,28-08-2023,144,48.7329,37,198.178,36,17.565,37,6.65215,30,27.0283,30,1.28333,36,26.7142,36,34.9,27,0,24.1,256.6,253.1,30.7,41.4,29.2,34.9,22.6,62.5,0,0,0,0,40,1001.8,40.9,3.4,21.9,8
Delhi,Delhi,29-08-2023,162,44.4811,37,175.539,36,18.6841,37,6.88551,30,28.7615,30,1.255,34,27.8133,36,35,27,0,17.4,264.7,264.6,31.5,41.3,29.2,36.2,23,61.5,0,0,0,0,31.7,1003.8,48.6,3.8,22.7,8
Delhi,Delhi,30-08-2023,154,47.9973,37,170.467,36,18.836,37,6.60603,30,26.2295,30,1.28722,36,31.8394,36,35.6,28,0,16.6,271.7,250.4,31.6,41.4,31.9,36.7,23.4,62.8,0,0,0,0,29.5,1005.7,39.6,3.7,21.7,8
Delhi,Delhi,31-08-2023,146,48.6126,37,169.515,36,20.7241,37,6.94509,30,32.1904,30,1.31371,35,33.9881,36,35.7,27.4,0,15.2,278.9,239.5,31.9,42.6,31,36.8,23.3,61.7,0,0,0,0,29.5,1006.4,37.2,3.7,20.7,8
Delhi,Delhi,01-09-2023,140,41.8356,37,161.495,36,20.0646,37,7.09504,30,33.3776,30,1.33971,35,26.9014,36,36.2,28,0,18.4,273.2,255.9,32.4,41.5,32.7,37.3,23.2,60.6,0,0,0,0,30.6,1006.2,17.7,3.7,22.1,8
Delhi,Delhi,02-09-2023,136,41.6005,37,161.384,36,19.7537,37,7.06283,30,32.0034,30,1.28611,36,29.75,35,36.1,27.8,0,21.6,281.5,270.1,32.1,40.5,31.5,36.2,22.5,59,0,0,0,0,40.7,1004.2,6.3,12.3,23.3,9
Delhi,Delhi,03-09-2023,136,40.5502,37,160.39,36,20.3237,37,7.4286,30,30.4423,30,1.41417,36,28.4317,36,36,28,0,16.6,274.4,269.7,31.6,39.2,31.9,34.9,21.6,57.8,0,0,0,0,37.1,1003.8,5.6,6.5,23.3,9
Delhi,Delhi,04-09-2023,136,39.4555,37,140.962,36,22.4212,37,7.92109,30,30.2784,30,1.28083,36,30.6058,36,36.1,27.4,0,16.6,283.7,268.7,31.6,38.9,31.1,34.9,21.7,58.2,0,0,0,0,28.4,1003.4,2.4,3.8,23.3,9
Delhi,Delhi,05-09-2023,121,39.2607,37,112.893,36,22.0723,37,7.99903,30,31.8679,30,1.45194,36,54.9431,36,37,27,0,11.2,63.3,245.2,32,44.5,29.2,37.2,23.4,61.7,0,0,0,0,24.1,1004.1,29.6,4.4,21.1,8
Delhi,Delhi,06-09-2023,106,31.9489,37,102.138,36,24.8045,37,7.05466,30,32.5074,30,1.29314,35,37.5272,36,36.2,27,0,9.4,179.4,252.7,31.6,40.7,29.6,35.4,22.1,59.1,0,0,0,0,24.1,1005.1,76.5,4.2,21.9,8
Delhi,Delhi,07-09-2023,104,34.7903,36,95.9472,35,26.0082,36,7.57304,30,31.023,30,1.50229,35,57.8614,35,36.9,28,0.137,14.8,263,248.2,30.8,44.8,31.2,35.4,23.3,65.3,100,4.17,0,0,33.5,1004.6,76.9,3.2,21.4,8
Delhi,Delhi,08-09-2023,83,23.9728,37,70.0242,36,17.3392,37,7.36647,30,30.9385,30,1.06743,35,42.9197,36,35.6,26,0,18.4,101.1,213.6,30.4,42.5,26,34.4,23.1,66.4,0,0,0,0,34.6,1004.6,73.9,3.5,18.4,8
Delhi,Delhi,09-09-2023,54,13.5439,37,33.4194,36,13.1699,37,7.09575,30,28.8313,30,1.01457,35,22.2819,36,31,25,25.725,23.2,64,83,27.2,37.3,25,30.1,24.8,87.2,100,12.5,0,0,34.2,1004.2,89.6,3.3,7,3
Delhi,Delhi,10-09-2023,45,19.3518,37,24.2454,36,13.2988,37,6.97383,30,28.2421,30,0.974571,35,20.7177,35,28.1,24,24.539,14.8,43.8,75.2,25.6,33.7,24,26.8,25.1,96.6,100,16.67,0,0,31,1002.1,97.4,2.8,6.6,3
Delhi,Delhi,11-09-2023,54,27.5378,35,67.201,35,19.8429,37,8.44472,30,27.783,30,1.43914,35,30.0278,36,32,25,0.137,11.2,65.3,175.1,27.7,40.1,25,31.3,25,85.8,100,4.17,0,0,30.6,1002.5,78.3,2.6,15.2,7
Delhi,Delhi,12-09-2023,89,37.8414,34,96.5005,34,24.3689,36,7.34413,30,26.4366,30,1.52343,35,41.7569,35,33.1,25.9,0,9.4,84.7,222.2,29.1,41.2,25.9,33.6,24.9,79.4,0,0,0,0,24.1,1002.9,58.2,3.2,19.4,8
Delhi,Delhi,13-09-2023,106,51.3495,35,111.246,35,24.2837,37,7.21502,30,27.681,30,1.64278,36,42.2081,36,34.6,27,0,11.2,108.4,196.9,30.8,46,31.2,38.2,25.9,76.3,0,0,0,0,17.6,1003.2,43.3,3.1,17.1,7
Delhi,Delhi,14-09-2023,123,57.1876,35,120.231,35,23.7638,37,6.8991,30,32.4788,30,1.53833,36,31.2503,35,36.4,28,0,11.2,124.5,181.1,31.9,46.8,35.6,40.6,26.3,73.7,0,0,0,0,27.4,1004.2,42.3,3.2,15.6,7
Delhi,Delhi,15-09-2023,101,35.5182,35,82.9542,35,22.4564,37,6.98324,30,33.9725,30,1.32111,36,29.1903,36,32.6,24.7,4.451,18.4,73.1,164,29.4,42.4,24.7,36.1,26,82.1,100,8.33,0,0,37.1,1005.4,57.4,3.1,14.2,7
Delhi,Delhi,16-09-2023,85,31.1478,35,63.2393,35,20.013,37,7.43865,30,30.3377,30,1.07971,35,24.9262,34,33.2,25,10.138,18.4,62,175.9,28.1,42.9,25,33.4,26.4,91,100,8.33,0,0,50.4,1004.6,79.5,2.7,15.1,7
Delhi,Delhi,17-09-2023,65,25.15,34,57.6599,34,15.7379,36,7.03021,30,28.18,30,0.922286,35,23.7454,35,32,25.5,0.275,18.4,92.4,144.5,28.3,40.6,25.5,33.1,25.9,87.8,100,4.17,0,0,39.2,1002.7,77.9,3,12.5,6
Delhi,Delhi,18-09-2023,63,19.4818,36,56.2499,35,16.8993,36,7.60406,30,27.897,30,1.10806,36,24.9842,36,32.8,25,0,18.4,114.2,197.9,28.8,39.7,25,32.7,24.3,77.3,0,0,0,0,41,1003.8,65.8,3.7,17.2,7
Delhi,Delhi,19-09-2023,73,27.5273,35,78.7344,35,21.0267,37,6.93008,30,26.2086,30,1.30917,36,28.6183,36,34.7,27,0,13,123.5,220.4,30.6,41.6,31.2,36.2,24.5,71.2,0,0,0,0,28.8,1006.3,51.5,3.9,19,8
Delhi,Delhi,20-09-2023,97,40.3774,35,112.065,35,25.57,36,7.33244,29,27.6105,29,1.48806,36,38.6666,35,35.6,27,0,7.9,155.1,215.2,31.1,42.2,30.5,36.5,24.2,68.4,0,0,0,0,18.4,1006.4,43.1,8,18.6,8
Delhi,Delhi,21-09-2023,114,40.2463,35,106.922,35,23.5306,36,6.68881,30,28.9389,29,1.51861,36,35.7994,35,36.3,28,0.863,14.8,236.5,215,31,44.7,32.7,37.2,24.8,71,100,4.17,0,0,29.5,1005.7,55.4,3.2,18.6,8
Delhi,Delhi,22-09-2023,103,52.1731,37,116.726,35,23.0375,37,6.89106,30,31.2796,30,1.31886,35,36.6983,36,35.4,27,0,9.4,271.6,219,30.9,43,31.2,37,24.8,71.7,0,0,0,0,22.3,1006,55.2,3.1,18.9,7
Delhi,Delhi,23-09-2023,110,47.5727,36,103.825,34,25.4782,36,5.80616,29,28.4693,29,1.79771,35,26.3637,35,33,24.6,14.863,31.7,130.2,185.8,28.4,42.5,24.6,33.4,25.4,84.4,100,4.17,0,0,50,1007,53.9,2.5,15.9,7
Delhi,Delhi,24-09-2023,134,60.4464,35,133.016,34,27.0901,36,5.6313,29,31.3797,29,1.81257,35,34.1934,35,33.5,25,0,63.5,322.1,206.1,28.4,39.1,25,31.2,23.8,77.9,0,0,0,0,33.5,1006.6,50.6,2.9,17.8,7
Delhi,Delhi,25-09-2023,118,63.0988,37,135.868,35,25.9985,37,6.96524,29,34.7842,30,1.308,35,53.67,36,34.5,25,0,9.4,21.4,221.4,29.4,40.6,25,32.5,23.4,72.3,0,0,0,0,21.2,1006.8,41.6,3,19.1,8
Delhi,Delhi,26-09-2023,152,69.0344,37,155.046,35,25.7759,37,7.21802,29,34.9264,30,1.23171,35,47.7758,36,34.7,26,0,11.2,352.3,215.8,30.1,39.9,26,34,23.4,68.9,0,0,0,0,18,1007.9,32.9,2.9,18.7,8
Delhi,Delhi,27-09-2023,129,52.0199,37,145.417,35,24.2717,37,6.59408,30,33.9094,30,1.18917,36,37.6283,36,33.9,26,0,13,299.9,240.3,29.6,37.4,26,32.1,21.8,65.1,0,0,0,0,26.3,1008,0.8,3.2,20.8,8
Delhi,Delhi,28-09-2023,137,58.4581,37,164.479,35,27.1245,37,7.55219,30,34.5187,30,1.40343,35,47.9053,36,34,23.6,0,14.5,293.8,246.4,28.5,34.5,23.6,29.2,20,63.8,0,0,0,0,22.7,1007.6,0.3,4.3,21.3,8
Delhi,Delhi,29-09-2023,157,69.1131,37,183.29,35,30.4824,37,8.93621,30,34.9555,30,1.31361,36,55.7664,36,33.4,23.6,0,11.2,299.9,244.1,28.9,34.8,23.6,30.1,20.3,62.3,0,0,0,0,16.9,1007.3,0.5,2.9,21,8
Delhi,Delhi,30-09-2023,166,65.5519,37,178.922,35,27.1101,37,7.94934,30,32.0516,30,1.14389,36,50.8492,36,35.1,24.6,0,14.8,303.2,237.3,29.5,36.2,24.7,30.9,20.5,61.9,0,0,0,0,25.9,1007.1,3,3,20.5,8
Delhi,Delhi,01-10-2023,147,64.0408,37,174.28,35,25.9162,37,7.59483,30,32.5786,30,1.16086,35,48.4672,36,34.8,24,0,14.8,307.1,240.6,28.9,34.1,24,29.4,19.1,59.8,0,0,0,0,33.5,1006.6,11.5,2.6,20.9,8
Delhi,Delhi,02-10-2023,146,61.7051,36,160.393,34,29.1287,36,7.82635,30,30.7704,30,1.41257,35,53.1666,35,34.1,22,0,14.8,306.2,243.9,27.7,34,22,27.5,15.8,52.7,0,0,0,0,32.8,1007.6,4.8,3.1,20.9,8
Delhi,Delhi,03-10-2023,155,64.5088,37,186.424,35,32.8225,36,7.86879,30,32.2045,29,1.34028,36,48.7806,36,33.9,20.4,0,16.6,284.7,245.1,27.2,32.8,20.5,26.9,14.5,48.9,0,0,0,0,37.8,1008.2,0,3,21.1,8
Delhi,Delhi,04-10-2023,176,72.3072,37,202.547,36,31.7061,37,7.80579,30,33.5555,30,1.42083,36,51.5803,36,34,20.9,0,16.6,289.4,240.1,27.7,35.7,20.9,27.9,16.9,54.2,0,0,0,0,34.2,1008.4,0,3.2,20.6,8
Delhi,Delhi,05-10-2023,177,84.0269,37,223.706,37,36.5058,37,8.73741,30,32.815,30,1.73861,36,56.9067,36,34.4,21,0,14.8,297.4,240.6,27.6,35.3,21,27.7,16.4,53.7,0,0,0,0,28.1,1007.8,0,3.1,20.7,8
Delhi,Delhi,06-10-2023,212,91.5906,37,236.663,37,39.1476,37,8.89956,30,32.7308,30,2.23,36,54.1014,35,35,20.9,0,13,280,239.6,28,36.4,20.9,28.2,16.6,52.3,0,0,0,0,23.8,1006.7,0,3.4,20.7,8
Delhi,Delhi,07-10-2023,216,81.2052,37,217.386,37,33.6386,37,7.6786,30,38.3799,29,1.97171,35,30.5211,36,34.8,22.9,0,14.8,269,230.2,29,38.1,22.9,30.4,19.4,58,0,0,0,0,21.6,1008,0,3.4,19.8,8
Delhi,Delhi,08-10-2023,164,64.9537,37,180.714,37,29.7939,36,7.60607,30,37.0558,28,1.60917,36,24.6042,36,36,25.5,0,14.8,245.2,225.1,30.2,40,25.5,32.6,21.1,60.1,0,0,0,0,26.3,1008.5,2.8,3.6,19.3,8
Delhi,Delhi,09-10-2023,175,69.7079,37,193.665,37,30.5805,37,7.45453,30,37.0015,29,1.79167,36,25.7017,36,35.8,26,0,14.8,254.4,214.9,30.4,39.3,26,32.6,20.8,58.8,0,0,0,0,31.3,1009.1,15.7,3.6,18.6,7
Delhi,Delhi,10-10-2023,180,70.2876,37,201.549,37,33.2668,37,7.8393,30,36.84,30,1.48639,36,32.7006,36,35,24.8,0,13,279.8,194.9,29.8,37.8,24.8,31,18.8,52.7,0,0,0,0,29.5,1010.1,12.8,3.6,16.8,8
Delhi,Delhi,11-10-2023,193,84.5086,37,188.317,37,30.173,37,8.06099,30,36.9959,30,1.30306,36,37.6492,36,34.5,22.5,0,16.6,288.7,230.2,27.9,34,22.5,27.9,16.9,55.8,0,0,0,0,27.7,1011.3,0,3,19.8,8
Delhi,Delhi,12-10-2023,220,106.887,37,236.243,38,36.9647,38,8.66929,31,36.8506,30,1.62028,36,50.5178,36,33.8,19.8,0,11.2,303.7,230.2,27,34.8,19.9,26.9,15.9,53.5,0,0,0,0,23,1012.6,0,3.3,19.8,8
Delhi,Delhi,13-10-2023,256,129.756,37,290.138,37,49.4101,38,9.51443,31,41.8956,30,1.73429,35,54.1297,35,35.2,22,0,14.8,319.9,220.8,28.1,37,22,28.4,17.3,55.4,0,0,0,0,22.3,1012.9,0.1,2.5,19.1,8
Delhi,Delhi,14-10-2023,257,107.991,37,255.56,37,51.6971,38,9.13513,31,41.8649,29,2.21444,36,44.314,35,35.8,22.7,0,13,299.1,205.8,28.8,37.9,22.8,29,17.8,55.1,0,0,0,0,31.3,1012.1,9.3,2.8,17.8,8
Delhi,Delhi,15-10-2023,233,89.5557,35,242.392,35,44.2988,37,8.62287,30,42.5433,29,2.14167,36,34.2774,35,33.4,23.1,0,16.6,20,205.6,27.6,35.6,23.1,27.9,17.9,58.1,0,0,0,0,28.8,1010.5,18.6,3.1,17.7,7
Delhi,Delhi,16-10-2023,207,64.6337,35,191.272,35,31.443,37,8.09803,30,35.5718,30,1.41686,35,29.4869,36,28.8,21.3,1,37.1,31.4,178.4,25.4,30.8,21.3,25.6,16.7,59.5,100,4.17,0,0,55.4,1011.9,56.6,3,15.4,7
Delhi,Delhi,17-10-2023,89,41.4126,36,97.165,37,30.7447,38,8.68919,31,33.2053,30,1.69371,35,28.1794,36,25.4,18.9,3.863,14.8,69.7,169,21.9,25.3,18.9,21.9,17.6,77.2,100,4.17,0,0,20.2,1015.7,73.5,2.8,14.6,7
Delhi,Delhi,18-10-2023,129,52.3559,35,123.164,36,27.1775,37,8.14373,29,34.219,30,1.25167,36,31.7372,36,30,18.6,0,14.8,296.3,212.4,24,29.3,18.7,23.8,15.7,63.8,0,0,0,0,28.4,1015.6,16.5,5.6,18.3,8
Delhi,Delhi,19-10-2023,121,56.3222,36,128.484,36,26.8417,37,8.85616,30,33.0599,30,1.51571,35,43.3289,35,29.2,17.5,0,11.2,284.3,216.8,23.6,28.4,17.6,23.5,14.6,60,0,0,0,0,25.6,1015.4,0,3.9,18.7,8
Delhi,Delhi,20-10-2023,196,96.8107,36,191.983,36,31.0851,37,8.89983,30,34.8061,30,1.57639,36,50.2463,35,30.2,18.3,0,11.2,300,214.6,23.9,29.6,18.4,23.8,15.1,60.3,0,0,0,0,18.7,1015.8,1.3,3.9,18.6,8
Delhi,Delhi,21-10-2023,248,140.203,36,262.027,36,38.7675,36,9.25464,30,38.2588,29,2.29167,36,58.4767,36,30.5,17.7,0,7.6,306.4,213.6,23.8,29.6,17.8,23.6,14.5,59.7,0,0,0,0,15.5,1016.3,2.7,2.5,18.2,8
Delhi,Delhi,22-10-2023,313,155.132,36,284.748,35,36.7901,36,11.8303,30,42.3501,29,2.272,35,47.7656,36,30.6,18,0,11.2,292,196.2,24.2,30,18.1,24.1,15.2,59.8,0,0,0,0,29.2,1016.7,19.7,2.4,16.7,7
Delhi,Delhi,23-10-2023,263,129.539,36,237.465,37,30.1106,36,8.09511,30,41.7828,29,2.16722,36,35.9047,36,30.4,18.9,0,11.4,289.5,208.7,24.2,29.5,18.9,24.1,15.9,63.3,0,0,0,0,25.2,1015.1,1.2,5.2,18.1,7
Delhi,Delhi,24-10-2023,220,101.466,36,201.785,37,29.7508,35,8.56822,29,38.7954,28,2.18794,34,40.1225,36,30.6,18.5,0,11.2,279.6,204.3,24.5,29.6,18.6,24.2,14.3,56.3,0,0,0,0,20.9,1014.4,0.6,3,17.7,7
Delhi,Delhi,25-10-2023,243,123.175,36,237.803,37,32.9179,36,8.29823,30,42.1311,28,1.99857,35,41.7872,36,30,17.9,0,13,282,205.4,24.1,29.4,18,24,14.7,57.9,0,0,0,0,24.1,1015.1,1.4,2.5,17.8,8
Delhi,Delhi,26-10-2023,256,116.608,37,236.394,37,35.0489,36,8.18338,30,41.0194,28,2.00944,36,47.4833,36,31,18.1,0,10.6,275.9,295.2,24.2,29.7,18.1,23.9,13.5,54.5,0,0,0,0,25.9,1014.8,0,2.7,25.4,8
Delhi,Delhi,27-10-2023,261,136.58,37,283.352,37,41.0929,36,9.46779,30,41.7095,28,2.67806,36,53.7175,36,30.8,17,0,11.2,278.4,212.3,23.7,29.3,17.1,23.4,12.3,52.1,0,0,0,0,23,1014.1,4.5,2.5,18.2,8
Delhi,Delhi,28-10-2023,304,163.186,37,340.236,37,52.6369,36,9.47634,30,47.1349,29,2.76914,35,60.1153,36,31.5,17.2,0,7.6,294.7,188.3,24.1,30.2,17.2,23.8,12.5,52.2,0,0,0,0,18,1014.3,38.2,2.5,16.2,7
Delhi,Delhi,29-10-2023,325,174.54,37,364.133,37,56.045,36,9.73587,30,54.5113,29,2.912,35,67.8606,36,32.4,18,0,9.4,98.5,200.5,24.2,31.3,18,23.9,13.7,56.5,0,0,0,0,14.8,1014.3,16.9,4.1,17.3,7
Delhi,Delhi,30-10-2023,347,185.286,37,371.074,37,52.6983,37,9.89024,30,58.4911,30,2.45611,36,65.3114,36,32.4,18.7,0,9.4,71,193.6,25.1,32,18.7,25,15.4,58.3,0,0,0,0,19.8,1014.9,5,2.2,16.8,7
Delhi,Delhi,31-10-2023,359,205.784,37,389.652,37,49.2227,37,9.52755,30,62.5631,30,2.56286,35,56.8539,36,31.6,19.5,0,9.4,84.9,189.4,24.9,32.1,19.6,25,17.5,67.1,0,0,0,0,17.3,1016.4,11.3,2,16.4,7
Delhi,Delhi,01-11-2023,366,186.116,37,351.056,37,47.001,37,10.3939,30,56.108,30,2.55639,36,56.4536,36,31,18,0,7.6,54.2,193.2,24.2,31.4,18,24.2,16.3,64.4,0,0,0,0,19.1,1016.9,9.7,1.9,16.7,7
Delhi,Delhi,02-11-2023,392,312.573,37,523.379,37,57.2762,37,11.0624,29,59.8293,30,2.99543,35,37.1858,36,29.6,18.5,0,7.6,336.3,191.7,23.5,31,18.5,23.8,17.7,71.8,0,0,0,0,22.3,1015.2,0.7,1.3,16.6,7
Delhi,Delhi,03-11-2023,468,310.409,37,507.053,37,55.035,37,9.46198,29,58.6511,30,2.78722,36,34.5414,36,29.2,18.6,0,7.6,290.8,184.9,22.8,29.1,18.6,22.8,17.1,72.2,0,0,0,0,24.8,1012.8,3.6,1.3,15.9,7
Delhi,Delhi,04-11-2023,415,334.316,37,543.111,37,56.1947,37,9.81808,29,60.9465,30,3.11618,34,34.3774,35,28.5,18.4,0,7.6,304.1,186.9,22.7,29.7,18.4,23,17.9,75.8,0,0,0,0,26.6,1013.1,12.2,1.3,16.2,7
Delhi,Delhi,05-11-2023,454,328.191,36,518.875,36,51.6233,36,8.98549,28,60.2428,30,2.83588,34,41.6403,35,31,18,0,9.4,272,195.6,23.3,30.4,18,23.3,16.5,70.7,0,0,0,0,22,1014.7,6.1,1.2,16.9,7
Delhi,Delhi,06-11-2023,421,259.78,36,454.62,36,62.4923,36,10.8696,30,57.0308,30,3.16818,33,61.1617,35,30.4,16,0,7.6,120.6,194.7,22.6,29.6,16,22.5,14.6,64.8,0,0,0,0,16.2,1016.2,0,1.4,17,7
Delhi,Delhi,07-11-2023,395,265.56,37,469.915,36,61.2127,37,10.2548,30,63.5939,30,3.33594,32,55.5783,36,30.9,16.7,0,7.6,266.5,189.4,23.3,30.8,16.7,23.1,15,63.5,0,0,0,0,19.1,1015.3,0.6,1.5,16.3,7
Delhi,Delhi,08-11-2023,426,282.635,37,479.597,37,62.2823,37,12.4901,30,65.4625,30,3.22171,35,42.3614,35,30,17.3,0,7.6,283.5,184.6,23.5,29.5,17.4,23.4,16,66,0,0,0,0,25.6,1014.3,3.1,1.3,15.8,7
Delhi,Delhi,09-11-2023,437,329.382,37,524.941,37,54.2795,37,10.0483,30,64.9512,30,3.27611,36,33.6746,35,30,17.2,0,11.2,255.6,178.7,23.4,29.7,17.2,23.4,16.1,66.3,0,0,0,0,18.7,1014.3,13,3.3,15.4,7
Delhi,Delhi,10-11-2023,279,123.51,37,190.615,37,31.4755,37,8.02165,30,51.3023,29,1.85306,36,18.826,35,22,18,7.725,13,238,138.6,20.3,22,18,20.3,17.5,84.4,100,20.83,0,0,37.1,1016.7,88.5,1.8,11.8,5
Delhi,Delhi,11-11-2023,220,92.481,37,161.265,37,27.6849,37,8.62664,30,44.9723,29,1.545,36,29.9044,36,25.5,15.7,0,13,295.2,179.3,19.8,25.5,15.7,19.8,15,76,0,0,0,0,24.8,1018.2,16,2,15.4,7
Delhi,Delhi,12-11-2023,218,137.399,37,203.851,37,29.2198,37,13.1043,30,44.2803,30,1.64667,36,39.7369,36,26.1,14,0,13,271.8,186.6,19.8,26.1,14,19.8,14.1,72.6,0,0,0,0,25.9,1018.5,0,2.4,16.1,7
Delhi,Delhi,13-11-2023,358,309.58,37,421.804,37,36.6438,37,14.8436,30,52.3629,30,2.48057,35,41.7717,36,26.8,14.3,0,7.6,269.8,184.5,19.6,26.9,14.3,19.7,14.2,74.3,0,0,0,0,16.2,1018.4,17.6,1.3,15.9,7
Delhi,Delhi,14-11-2023,397,233.246,37,346.95,37,39.3606,37,10.4187,30,51.5009,30,2.14556,36,39.5108,36,25.4,14.4,0,7.6,274.2,159.3,19.4,25.4,14.4,19.4,13.4,70.5,0,0,0,0,19.4,1017.9,56.8,3.3,13.8,6
Delhi,Delhi,15-11-2023,398,257.205,37,372.475,37,38.5489,37,9.986,30,52.9952,30,2.13444,36,40.5769,35,26.5,13.1,0,9.4,271.9,184.8,19.1,26.4,13.2,19.1,12.9,70.1,0,0,0,0,20.2,1017.7,24.9,1.4,16,7
Delhi,Delhi,16-11-2023,419,325.432,37,475.882,37,47.1568,37,9.83521,30,55.6959,30,3.06611,36,43.5578,36,26.4,13.7,0,9.4,263.6,180.2,19.1,26.3,13.7,19.1,14.3,76.1,0,0,0,0,17.6,1018.5,1.7,1.1,15.6,7
Delhi,Delhi,17-11-2023,405,234.26,37,373.715,37,51.1214,37,11.403,30,54.8561,30,3.325,36,45.6525,36,27.4,14,0,5.4,56.6,173,20.1,27.6,14,20.1,14.4,73.1,0,0,0,0,17.6,1018.2,12.2,1.5,15,7
Delhi,Delhi,18-11-2023,319,157.723,37,273.216,37,46.6495,37,8.99559,30,50.9972,30,2.18514,35,47.5525,36,27.2,15,0,9.4,151,170.8,20.6,27.6,15,20.6,14.1,68.8,0,0,0,0,16.6,1016.5,22.4,1.4,14.8,7
Delhi,Delhi,19-11-2023,301,160.044,37,278.266,37,46.4615,37,9.7837,30,51.5506,30,2.25314,35,53.5828,36,26,14.3,0,11.2,109.3,161,19.9,26,14.4,19.9,13.3,68,0,0,0,0,25.2,1017.3,13.7,1.7,14,6
Delhi,Delhi,20-11-2023,348,200.969,37,336.355,37,50.9107,37,10.0731,30,57.2348,30,2.37306,36,50.0131,36,25.8,14,0,9.4,272.6,175.4,19.3,25.8,14,19.3,13.6,72.7,0,0,0,0,19.8,1017.6,0,2.8,15.3,7
Delhi,Delhi,21-11-2023,372,235.518,37,356.041,37,39.6261,37,9.04699,30,52.5847,30,1.57944,36,34.1369,35,25.5,13.6,0,13.8,262.7,176.7,18.8,25.5,13.6,18.8,13,70.8,0,0,0,0,31.7,1016.7,0.7,1.6,15.3,7
Delhi,Delhi,22-11-2023,395,240.549,37,366.379,37,40.7051,37,10.2122,30,44.5395,30,2.68139,36,47.41,36,25,13,0,11.2,264.2,177.6,17.8,25,13,17.8,11.1,67.7,0,0,0,0,27,1014.8,0,1.3,15.4,7
Delhi,Delhi,23-11-2023,390,247.621,37,404.818,37,57.0251,38,11.0459,31,49.2782,30,3.09944,36,47.4831,36,26,11.4,0,9.4,130.1,175.8,18.3,26,11.5,18.3,11.4,68.5,0,0,0,0,17.6,1014.3,0.8,2.4,15.3,7
Delhi,Delhi,24-11-2023,415,303.294,37,486.038,37,65.8067,38,10.9561,31,59.3207,30,3.34444,36,51.2064,36,26.1,12,0,7.6,271.1,173.9,18.3,26.1,12,18.3,12,70,0,0,0,0,16.6,1016.3,2.2,1.3,15.2,7
Delhi,Delhi,25-11-2023,389,255.059,37,409.495,37,57.3143,37,9.49515,30,48.9327,30,2.96306,36,36.8569,36,25,12.5,0,8.3,247.9,158.6,18.1,25,12.6,18.1,12,69.7,0,0,0,0,18,1017.7,19.4,1.4,13.7,7
Delhi,Delhi,26-11-2023,396,270.438,37,442.702,37,58.8723,37,10.2844,30,54.2595,30,3.14417,36,47.975,36,25.6,13.1,0,11.2,99.7,146.8,19.4,25.6,13.2,19.4,12.5,67.1,0,0,0,0,23.8,1018.2,60.4,1.4,12.6,6
Delhi,Delhi,27-11-2023,395,228.007,37,364.192,37,44.7499,37,8.97267,30,54.3495,30,2.5075,36,26.3431,36,23.3,15.5,6.313,18.4,77,66.2,18.5,23.2,15.5,18.5,13.6,75,100,8.33,0,0,31,1015.8,86.8,1.2,5.7,3
Delhi,Delhi,28-11-2023,312,136.989,37,211.135,37,33.6843,37,7.85858,30,52.6609,30,1.68583,36,17.3606,36,20,15.6,0.227,9.4,54,87.9,17.7,20,15.6,17.7,15.4,86.9,100,4.17,0,0,26.6,1015.6,69.2,1.6,7.6,4
Delhi,Delhi,29-11-2023,290,189.394,37,296.893,37,36.1172,37,9.09165,30,57.2096,29,2.77778,36,32.4453,36,24.7,14,0,9.4,101.6,148.8,18.5,24.7,14.1,18.5,14.9,81,0,0,0,0,27.4,1015.7,30.4,1.2,12.8,6
Delhi,Delhi,30-11-2023,398,254.054,37,387.156,37,39.9089,37,9.47095,30,61.4365,30,3.14914,35,33.2608,36,24.3,15,0,13,116.3,132.4,19.1,24.3,15,19.1,15.8,82.5,0,0,0,0,24.1,1016.6,44.1,1.1,11.5,6
Delhi,Delhi,01-12-2023,372,223.157,36,335.91,36,34.2051,36,9.14914,29,54.8529,29,1.776,35,37.9512,34,24.6,14.7,0,7.6,339.8,147,19.5,24.5,14.8,19.5,16.2,82.5,0,0,0,0,21.6,1017.1,42.4,2,12.6,6
Delhi,Delhi,02-12-2023,353,160.018,37,263.724,37,37.6712,37,10.1934,30,53.9474,30,2.10889,36,30.0036,36,23.7,14,0,8,300.7,150.2,17.9,23.7,14,17.9,14.8,83.5,0,0,0,0,17.6,1017.8,3.8,1,12.9,6
Delhi,Delhi,03-12-2023,314,154.298,37,262.183,37,41.8875,37,10.948,29,55.4724,30,1.95472,36,38.6822,36,25.1,12.4,0,9.4,313.8,159.2,18.4,25.1,12.4,18.4,13.2,75.1,0,0,0,0,20.9,1018,40,1.4,13.6,6
Delhi,Delhi,04-12-2023,311,154.128,37,258.998,36,40.9498,37,11.1939,30,56.6164,30,1.78222,36,32.7108,36,24.2,16,0.014,11.2,339.8,136.3,19.4,24.2,16,19.4,13.6,71.5,100,4.17,0,0,18.4,1017,48.5,3.4,11.8,6
Delhi,Delhi,05-12-2023,297,139.213,37,244.198,37,38.4351,37,11.8255,30,53.0886,30,1.55083,36,30.0197,36,24.1,13.6,0,13,314.7,163.1,17.9,24.1,13.6,17.9,11.6,69.4,0,0,0,0,23.4,1016.2,12.5,1.9,14,6
Delhi,Delhi,06-12-2023,286,138.663,38,247.152,38,43.8133,38,11.3152,31,54.4154,31,1.95784,37,34.6389,36,24.7,11.2,0,7.6,252.2,167.2,16.9,24.6,11.2,16.9,11.4,72.6,0,0,0,0,18,1016.8,0,1.8,14.5,6
Delhi,Delhi,07-12-2023,320,172.574,38,292.503,38,47.0946,38,13.5314,31,57.1559,31,2.04351,37,34.6603,36,23.7,11.6,0,7.9,262.2,161.7,16.7,23.6,11.6,16.7,12,75.4,0,0,0,0,20.5,1016.2,0.1,1.6,14,6
Delhi,Delhi,08-12-2023,324,161.926,37,283.28,37,46.2393,38,12.0028,31,57.6789,31,2.16889,36,37.0773,37,25,11.7,0,11.2,280.2,164.7,17.4,25,11.7,17.4,11.1,69.7,0,0,0,0,28.1,1015.7,0,1.6,14.2,6
Delhi,Delhi,09-12-2023,321,185.408,37,283.087,37,46.1414,38,10.2952,31,55.6022,30,2.01243,37,38.3738,37,24.5,10.8,0,13,284.2,167.1,16.9,24.4,10.8,16.9,10.5,69.4,0,0,0,0,28.4,1016.5,0,1.8,14.3,6
Delhi,Delhi,10-12-2023,314,155.38,37,264.445,37,43.8172,38,10.1052,31,53.3142,30,1.87444,36,38.5594,36,22.5,10,0,18.4,265.9,166.9,15.6,22.5,9.6,15.6,9.2,68.6,0,0,0,0,34.6,1015,4.4,1.9,14.3,6
Delhi,Delhi,11-12-2023,317,168.449,37,309.157,37,49.1188,37,10.2677,30,53.1048,29,2.70611,36,35.1254,35,23.4,9.1,0,9.4,267.8,165.7,15.4,23.3,9.1,15.4,8.7,67.7,0,0,0,0,15.5,1015.7,0,3.6,14.2,6
Delhi,Delhi,12-12-2023,355,228.275,37,383.813,37,53.8575,38,10.0794,31,64.9233,31,2.57943,35,38.2853,36,23.7,9,0,9.4,134.6,160.2,15.9,23.7,9,15.8,10.1,72.2,0,0,0,0,21.2,1014.6,0.4,1.9,13.9,6
Delhi,Delhi,13-12-2023,378,232.782,37,382.162,37,51.6149,38,11.153,31,65.5354,31,2.66886,35,35.49,36,23.7,9.3,0,9.4,312.1,162.5,16.3,23.7,9.4,16.3,9.6,69.6,0,0,0,0,18.7,1016.4,1.5,1.7,14.1,6
Delhi,Delhi,14-12-2023,326,169.613,36,304.851,36,45.376,37,12.2253,30,56.6823,30,2.3475,36,30.4931,36,23,8.4,0,16.6,250.3,164.2,15.4,23,8.5,15.3,7.9,65.4,0,0,0,0,29.9,1017.6,35,1.8,14.2,6
Delhi,Delhi,15-12-2023,323,186.074,36,338.252,36,51.8843,37,14.5632,30,61.2844,30,2.51417,36,31.9389,36,23.9,7.8,0,10.2,270.1,163.8,15,23.8,7,15,8,66.2,0,0,0,0,18.4,1018.6,29.5,2.8,14.1,6
Delhi,Delhi,16-12-2023,354,219.455,37,385.247,37,59.3959,38,13.3643,31,64.8475,31,2.78556,36,31.2422,36,23.6,7.8,0,9.4,311.6,160.7,14.6,23.5,7.2,14.4,7.4,67.9,0,0,0,0,25.6,1017.3,29.7,7.6,13.8,6
Delhi,Delhi,17-12-2023,331,201.873,37,340.866,36,50.8828,37,9.6059,30,64.0341,30,2.416,35,34.5119,36,23.6,8,0,11.2,303.4,162,15.8,23.6,8.1,15.8,8,64.3,0,0,0,0,29.9,1018.3,0,2,14.1,6
Delhi,Delhi,18-12-2023,330,154.738,36,258.285,36,42.7246,36,8.95208,29,65.2796,29,1.58343,35,29.0314,35,21.5,8.7,0,18.4,268.9,165.2,14.6,21.5,8.7,14.5,8.9,71.5,0,0,0,0,36.4,1020.1,0,1.9,14.3,6
Delhi,Delhi,19-12-2023,286,131.159,37,239.367,37,42.5753,37,8.81304,30,53.802,30,1.89611,36,35.1758,36,22.1,8,0,18.4,271.8,167.4,14.5,22.1,6.8,14.4,7,64.9,0,0,0,0,31.3,1020.2,2.3,2,14.4,6
Delhi,Delhi,20-12-2023,285,154.387,37,273.49,37,50.0834,38,9.39121,31,52.9237,31,2.14028,36,31.9667,36,21,8.4,0,13,267.4,161.5,14.2,21,7.9,14.2,8,68.6,0,0,0,0,24.5,1019.8,36.3,2.1,14,6
Delhi,Delhi,21-12-2023,361,231.552,37,384.14,37,55.2674,37,10.3073,30,63.9606,30,2.56583,36,35.5225,36,22,8,0,11.2,265.9,157.8,14.3,22,7.4,14.3,9.3,75.2,0,0,0,0,23.8,1017.9,39.8,1.5,13.8,6
Delhi,Delhi,22-12-2023,409,309.912,37,492.643,37,63.8507,37,10.5811,30,73.8146,30,3.05,34,38.105,36,21.9,8,0,13,273.1,162.7,14.3,21.9,8,14.3,9.7,76.1,0,0,0,0,15.5,1017.7,12.7,0.9,14,6
Delhi,Delhi,23-12-2023,450,315.37,37,496.996,37,59.8766,37,11.135,30,75.2917,30,2.802,35,39.7261,36,23,11.8,0.1,11.2,112.4,155.8,16.1,23,11.8,16.1,11.1,75.1,100,4.17,0,0,20.5,1019.4,34,2.2,13.4,6
Delhi,Delhi,24-12-2023,411,285.59,37,442.284,37,58.0603,37,10.3889,30,76.231,30,3.32848,33,38.065,36,23.7,9.9,0,9.4,304.6,161.5,16,23.7,10,16,11.5,77.6,0,0,0,0,15.5,1021.3,12.8,1,13.7,6
Delhi,Delhi,25-12-2023,383,215.223,37,326.85,37,48.2146,37,8.09572,30,63.2741,30,2.024,35,34.4275,36,22,11,0,11.2,257.3,161.8,14.8,22,11,14.8,11.3,81.7,0,0,0,0,22,1019.7,27.6,0.9,13.8,6
Delhi,Delhi,26-12-2023,377,232.135,37,358.345,37,46.5604,37,8.6606,30,64.6008,30,2.39139,36,32.8503,36,21,8,0,9.4,273,155.5,14,21,7.4,13.9,11.1,85.1,0,0,0,0,16.2,1019.2,34.4,1.7,13.5,6
Delhi,Delhi,27-12-2023,380,261.142,37,385.153,37,43.8866,38,8.57672,31,68.8284,31,2.18944,36,18.8789,35,19.6,10.3,0,9.4,255.4,162.9,13,19.5,10.3,13,11.6,91.9,0,0,0,0,18,1020.5,59.6,0.5,14.1,6
Delhi,Delhi,28-12-2023,358,188.763,37,295.298,37,36.0647,37,8.86755,30,62.0985,30,1.76056,36,20.9131,35,19.5,9.3,0,9.4,258.5,137.6,12.8,19.5,8.7,12.7,11.3,91.1,0,0,0,0,19.8,1019.4,58.6,0.5,11.9,6
Delhi,Delhi,29-12-2023,382,253.674,37,406.617,37,42.8241,37,9.35039,30,63.0992,30,1.83629,35,20.9158,36,18.6,12,0,9.4,208.2,94.1,13.8,18.6,12,13.8,12.8,93.9,0,0,0,0,16.9,1020,61.6,0.5,8.1,3
Delhi,Delhi,30-12-2023,400,248.112,37,389.861,37,45.7603,38,11.6897,31,56.4989,31,1.64243,37,23.8619,37,19.4,12.8,0,9.4,3.7,102.6,14.6,19.4,12.8,14.6,12.9,90,0,0,0,0,12.2,1018.7,38.8,0.9,8.8,4
Delhi,Delhi,31-12-2023,382,216.249,37,350.657,37,42.8771,38,12.0949,31,47.9289,31,1.45286,35,17.0197,36,16,11.5,0,9.4,66.2,121.7,13.3,16,11.5,13.3,11.1,87,0,0,0,0,15.8,1018.8,43.8,1,10.5,5
Delhi,Delhi,01-01-2024,346,176.72,37,293.415,37,33.2768,37,10.3523,30,39.337,30,1.19743,35,20.6244,36,16.1,10.3,0,11.2,280.3,151.8,12.1,16.1,10.3,12.1,9,81.7,0,0,0,0,15.5,1018.7,13.8,1.4,13.2,6
Delhi,Delhi,02-01-2024,340,180.684,37,293.652,37,35.29,37,11.7407,30,38.2573,30,1.51722,36,25.2397,36,16.3,9,0,11.2,277.9,133.7,11.2,16.3,7.9,11,8,82.2,0,0,0,0,14.4,1018.1,13.6,1.1,11.7,5
Delhi,Delhi,03-01-2024,341,188.287,38,301.051,38,39.4045,38,9.8029,31,43.0242,31,1.89405,37,18.4611,37,15.1,8.8,0,11.2,314.9,130.6,10.8,15.1,8.5,10.6,8.7,87.8,0,0,0,0,18.7,1017.9,20.8,1,11.2,5
Delhi,Delhi,04-01-2024,377,209.845,38,338.837,38,39.2521,38,10.6784,31,41.72,31,1.44784,37,12.4335,37,11.5,8,0,13,274.7,107.3,10.1,11.5,6.8,9.7,9,92.7,0,0,0,0,18,1018.3,72.7,1,9.3,4
Delhi,Delhi,05-01-2024,333,158.921,37,274.726,37,39.8563,38,11.2874,31,44.3439,31,1.37459,37,14.5905,37,14,10,0,11.2,307.1,92.7,12,14,9.6,12,10.8,92.9,0,0,0,0,15.8,1018.2,60.8,0.7,8.2,5
Delhi,Delhi,06-01-2024,319,170.338,36,279.279,37,43.11,38,11.0929,31,40.9319,31,1.58243,37,19.6008,37,15,8.8,0,11.2,321.7,140.6,12.1,15,8.8,12.1,9.5,84.9,0,0,0,0,19.4,1019.7,19.2,1.2,12.2,5
Delhi,Delhi,07-01-2024,333,167.262,36,278.892,37,41.4839,38,10.5248,31,37.4777,31,1.43973,37,34.6314,37,17.3,8.4,0,7.6,250.2,152.4,11.6,17.3,8.4,11.5,8.3,81.2,0,0,0,0,19.8,1020.4,21.7,1.5,13.2,6
Delhi,Delhi,08-01-2024,345,226.695,36,400.515,37,49.3339,38,13.449,31,37.601,31,1.82861,36,18.8628,36,15,7.5,0,7.6,258,151.8,10.9,15,7.5,10.8,9,88.1,0,0,0,0,14.8,1020.3,18.5,1,13.2,6
Delhi,Delhi,09-01-2024,343,131.229,37,227.184,37,37.2178,37,9.49633,30,37.366,30,1.14778,36,18.2894,36,13,9.5,0,13,282.5,161.2,10.9,13,8.2,10.6,9.4,90.8,0,0,0,0,26.6,1020.3,51.1,0.9,14,6
Delhi,Delhi,10-01-2024,273,155.644,38,260.583,38,39.2192,38,9.96677,31,38.59,31,1.61378,37,21.1105,37,13.4,8,0,14.8,259.8,173.2,9.7,13.4,5.7,8.7,7.6,87.4,0,0,0,0,29.9,1018.9,6.4,1.4,14.9,6
Delhi,Delhi,11-01-2024,348,188.211,38,313.923,38,46.2016,38,10.721,31,39.8168,31,1.83459,37,35.4622,37,16.7,7,0,11.2,256.3,158.8,10.6,16.7,5.6,10,7.7,83.4,0,0,0,0,25.6,1019.2,20.8,1.2,13.7,6
Delhi,Delhi,12-01-2024,340,180.325,38,282.206,38,54.6876,38,10.6203,31,42.7016,31,1.93378,37,31.0478,37,17.6,5.5,0,9.4,271.6,177.6,10.2,17.6,4,9.7,7.1,83.5,0,0,0,0,25.6,1018.2,34.1,1,15.3,7
Delhi,Delhi,13-01-2024,398,350.27,38,510.735,38,66.8171,38,12.6852,31,50.0868,31,3.18784,37,30.2476,37,17,5.6,0,7.6,41.9,126.3,10.9,17,5.6,10.9,8.6,86.7,0,0,0,0,16.2,1017.3,46.7,0.8,11,6
Delhi,Delhi,14-01-2024,447,320.946,37,456.799,37,61.2676,37,13.5887,30,47.422,30,2.94028,36,31.4625,36,17.3,6.2,0,9.4,270.7,164.6,10.8,17.3,6.2,10.7,8.2,85.6,0,0,0,0,20.5,1017.4,54.2,0.5,14.1,7
Delhi,Delhi,15-01-2024,359,181.648,38,281.528,38,55.9132,38,12.9674,31,41.0242,31,2.3127,37,27.5441,37,17.6,5,0,9.4,266.5,152.2,10.4,17.6,3.3,9.9,6.7,80.7,0,0,0,0,18.4,1016.9,47,1.2,13.1,7
Delhi,Delhi,16-01-2024,371,241.144,38,351.774,38,55.2797,38,10.179,31,47.3277,31,2.18297,37,25.2792,37,18,5.5,0,14.8,89.4,163.1,10.2,18,5.5,9.5,8.1,88.4,0,0,0,0,17.6,1015,34.8,0.8,14.1,7
Delhi,Delhi,17-01-2024,368,204.429,38,328.722,38,51.9621,38,10.8739,31,42.3026,31,1.79514,37,34.6043,37,18,6,0,10.1,109.8,172.7,10.8,18,4.4,10.4,7.5,82.6,0,0,0,0,25.9,1015,31,1.1,14.9,7
Delhi,Delhi,18-01-2024,318,171.553,38,279.26,38,52.9039,38,11.8168,31,43.0155,31,1.72833,36,23.4181,37,18,7,0,9.4,137.5,167.6,10.6,18,6.2,10.3,8.2,86.7,0,0,0,0,16.9,1017.1,58.8,0.7,14.4,7
Delhi,Delhi,19-01-2024,348,181.027,38,284.91,38,53.4992,38,11.4403,31,42.9135,31,1.45583,36,18.9603,37,15,7,0,11.2,123.3,154.5,10,15,5.6,9.6,8.2,89.6,0,0,0,0,16.6,1018.8,69.4,0.7,13.2,6
Delhi,Delhi,20-01-2024,329,183.838,38,298.238,38,51.8608,38,11.1842,31,41.8723,31,2.03639,36,29.7116,37,17,7.5,0,8.2,189.7,158,11.5,17,7.5,11.3,8.3,82.3,0,0,0,0,17.6,1019.2,50.1,1.1,13.5,6
Delhi,Delhi,21-01-2024,349,169.817,36,271.719,37,45.6662,37,9.28667,30,39.902,30,1.67972,36,20.7383,36,14.1,6,0,14.2,256.7,184.4,9.3,14.1,4.4,8.4,7.6,90.1,0,0,0,0,31.7,1018.5,47.1,0.9,15.9,7
Delhi,Delhi,22-01-2024,333,207.92,38,335.729,38,49.5926,38,11.1587,31,39.4752,31,1.72703,37,33.1981,37,17,7,0,9.4,149.1,170,10.5,17,6.2,10.2,7.3,82.7,0,0,0,0,13.7,1019.5,51.7,1,14.6,7
Delhi,Delhi,23-01-2024,368,218.999,38,360.308,38,51.7737,38,11.0016,31,42.1532,31,1.84297,37,28.8392,37,17.6,8,0,11.2,166,169.3,11.9,17.6,7.2,11.6,9.2,84.9,0,0,0,0,16.9,1018.4,74.5,0.8,14.7,7
Delhi,Delhi,24-01-2024,409,246.363,38,403.275,38,54.3432,38,12.4887,31,43.5448,31,1.79135,37,21.6662,37,16,8.6,0,11.2,286.4,174.6,11.5,16,8.6,11.3,9,85.8,0,0,0,0,16.6,1018.5,58.4,0.8,15,7
Delhi,Delhi,25-01-2024,332,193.397,38,316.386,38,54.6779,38,11.5177,31,43.1542,31,2.19108,37,22.8562,37,18.4,7,0,9.4,280.7,168.9,10.9,18.4,5.6,10.6,8.6,87.1,0,0,0,0,14,1020.6,59.2,0.7,14.7,7
Delhi,Delhi,26-01-2024,408,286.367,38,430.06,38,62.0226,38,11.7135,31,48.1845,31,2.55189,37,41.6778,37,21,6.5,0,9.4,291.1,181.9,12.4,21,6.5,12.4,7.5,76.3,0,0,0,0,15.1,1021.4,32.2,0.9,15.7,7
Delhi,Delhi,27-01-2024,356,178.882,38,308.176,38,57.5368,38,12.7023,31,42.5877,31,2.08389,36,36.5857,35,23.3,6.5,0,15.2,255.7,189.7,14,23.3,6.5,14,6.7,68.3,0,0,0,0,33.5,1019.5,9.3,1.8,16.3,7
Delhi,Delhi,28-01-2024,365,251.329,38,402.959,38,70.7692,38,12.5694,31,53.5187,31,2.32086,35,24.2984,37,19,8.3,0,14.8,76.7,144.3,13.3,19,8.3,13.3,9.3,78,0,0,0,0,20.9,1018.1,47.3,1.3,12.4,5
Delhi,Delhi,29-01-2024,356,202.521,38,348.01,38,54.5005,38,11.9623,31,51.6571,31,1.93432,37,32.2586,37,22,9,0,11.2,144.8,185.3,14.1,22,7.9,13.9,11.1,84.1,0,0,0,0,23.8,1018,19,1.2,16.2,7
Delhi,Delhi,30-01-2024,357,212.308,37,343.466,37,52.7589,38,11.6445,31,53.3735,31,2.29833,36,16.7224,37,19.5,10,0,9.4,271.5,185,12.7,19.5,9.1,12.7,11.4,92.2,0,0,0,0,21.2,1017.2,69.5,0.5,15.8,7
Delhi,Delhi,31-01-2024,391,220.767,38,323.954,38,56.9816,38,12.5932,31,54.1055,31,2.115,36,16.3092,36,16,9.2,9.298,14.8,71.7,111.8,12.8,16,9.2,12.8,12.1,96.2,100,12.5,0,0,25.2,1016,95.3,0.5,9.6,6
Delhi,Delhi,01-02-2024,176,67.5808,37,102.018,37,39.1046,37,11.2452,29,48.1143,30,1.37714,35,22.4634,35,18,13.2,17.166,22.3,111.9,124.3,15.2,18,13.2,15.2,14.2,94.1,100,16.67,0,0,43.9,1016.1,75.7,1.7,10.6,4
Delhi,Delhi,02-02-2024,215,102.685,35,162.609,36,40.5103,36,11.1786,29,42.3062,29,1.36143,35,20.8529,35,17,9.5,0,14.8,247.3,173.7,12.9,17,9.5,12.9,11.9,94.1,0,0,0,0,31,1019.5,65.8,0.9,15,7
Delhi,Delhi,03-02-2024,199,98.1721,33,213.956,35,53.6409,35,13.7424,29,39.8011,28,2.42441,34,24.8706,34,21.7,7,0,9.4,250.5,184.2,13.9,21.7,6.2,13.7,8.6,74.5,0,0,0,0,25.6,1018.1,77.7,1.7,15.9,7
Delhi,Delhi,04-02-2024,274,122.359,34,198.764,36,50.617,37,11.6407,30,49.309,30,1.82657,35,20.2764,36,20,13,1,13,120.7,100,16.1,20,13,16.1,13.9,87.1,100,8.33,0,0,29.9,1016.7,87.5,1.5,8.7,4
Delhi,Delhi,05-02-2024,177,74.7608,36,137.089,38,35.4111,38,10.8297,31,43.1742,31,1.12343,35,24.0427,37,20,12.3,0,13,283.9,159.1,16.1,20,12.3,16.1,13.1,83.7,0,0,0,0,22.3,1017.8,56.7,1.9,13.7,7
Delhi,Delhi,06-02-2024,140,66.7147,36,150.832,38,43.9768,38,11.4761,31,35.7165,31,1.41486,37,37.1232,37,19.5,9,0,14.8,291.1,207.1,13.5,19.5,7.6,13.3,7.9,72.9,0,0,0,0,31.3,1019.8,30.9,2,17.8,8
Delhi,Delhi,07-02-2024,174,77.3808,37,172.831,38,44.4821,38,10.9439,31,35.9365,31,1.04306,36,50.9577,35,20.1,9.5,0,18.4,269.5,206.1,13.5,20.1,9.5,13.5,6.9,67.7,0,0,0,0,39.6,1020.6,32.1,2.8,17.8,7
Delhi,Delhi,08-02-2024,161,68.5036,36,144.926,37,38.5454,37,11.1537,30,35.182,30,1.10714,35,53.4708,36,21,8,0,22.3,253.3,214.8,14.3,21,5.7,13.9,7,66.3,0,0,0,0,44.3,1018.7,18.9,2.9,18.7,8
Delhi,Delhi,09-02-2024,146,79.1308,37,173.997,38,54.0853,38,14.8545,31,34.7787,31,2.27216,37,55.6284,37,22.7,9,0,11.9,263.7,213,15,22.7,7.2,14.8,5.6,57.8,0,0,0,0,23,1019.1,0,3.5,18.4,8
Delhi,Delhi,10-02-2024,295,175.811,37,316.536,38,69.0003,38,12.3439,31,45.6655,31,2.44324,37,58.3781,37,22.5,7.8,0,9.4,311.6,214.1,14.9,22.5,7.8,14.9,8.5,69.6,0,0,0,0,17.6,1021.4,0,1.8,18.6,8
Delhi,Delhi,11-02-2024,313,152.688,37,266.123,38,60.1366,38,14.2587,31,46.2735,31,1.65649,37,53.8284,37,23.2,9,0,9.4,266.6,214,15.2,23.2,8.5,15.1,9.6,73.7,0,0,0,0,19.4,1020.8,16.7,1.5,18.5,8
Delhi,Delhi,12-02-2024,300,156.526,37,281.589,38,60.5003,38,13.819,31,47.5832,31,1.70405,37,50.8835,37,22.2,9.6,0,11.2,280.2,189.2,15.6,22.2,9.6,15.6,11.5,79.1,0,0,0,0,14.8,1019.9,32.7,1.3,16.2,8
Delhi,Delhi,13-02-2024,341,202.392,37,348.554,38,64.225,38,16.091,31,49.5252,31,2.0975,36,41.0432,37,22,10.5,0,11.9,281,190.7,15.9,22,10.5,15.9,12.1,80.5,0,0,0,0,13.7,1019,65.4,1.1,16.5,7
Delhi,Delhi,14-02-2024,340,166.151,37,286.441,38,52.8684,38,13.6284,31,44.3719,31,1.62243,37,52.25,37,23.1,11,0,13,260.5,213.3,16.7,23.1,11,16.7,11.8,76.4,0,0,0,0,25.2,1018.7,36.6,1.4,18.4,8
Delhi,Delhi,15-02-2024,278,126.55,37,237.855,38,53.8897,37,13.2448,31,37.9532,31,1.73694,36,57.7256,36,24.7,10.8,0,14.8,273.2,219.1,17,24.7,10.8,17,10.3,71,0,0,0,0,22.7,1019.6,0,2,18.9,8
Delhi,Delhi,16-02-2024,268,119.761,37,237.182,38,57.6284,37,14.1045,31,36.0365,31,1.90541,37,62.0432,37,25.7,9.6,0,13,288.7,224.5,17.3,25.7,9.6,17.3,8.2,63.4,0,0,0,0,25.2,1020,0,2,19.5,8
Delhi,Delhi,17-02-2024,245,120.235,37,245.37,38,59.5692,38,16.4732,31,37.5952,31,2.29135,37,57.537,37,25.5,9.7,0,14.8,260.2,224.3,17.2,25.5,9.7,17.2,8.4,62,0,0,0,0,29.2,1015.6,3,2.5,19.4,8
Delhi,Delhi,18-02-2024,270,130.434,37,274.202,38,67.0997,38,15.2965,31,45.0497,31,3.01189,37,56.8306,35,28.6,10.7,0,13,130.7,214.7,19.2,27.1,10.7,19.1,9.7,59.7,0,0,0,0,24.5,1012.6,24.7,3,18.4,8
Delhi,Delhi,19-02-2024,231,89.6135,37,235.158,39,41.9495,39,13.3772,32,38.5588,32,1.14211,38,61.5554,37,27.3,15.7,0,24.1,113.4,207.6,21,27.2,15.7,21,11.6,56.8,0,0,0,0,47.5,1010.5,36.1,2.7,18,8
Delhi,Delhi,20-02-2024,226,121.182,37,220.036,39,47.1746,39,14.2525,32,42.3759,32,2.03105,38,39.8624,38,27,16,2,14.8,129.5,176.8,21,27.5,16,21,15.1,72.4,100,4.17,0,0,27.7,1010.5,65.3,2,15.4,7
Delhi,Delhi,21-02-2024,243,89.6916,37,194.927,39,39.8174,39,11.39,32,39.6622,32,1.26027,37,37.0939,38,26,14,0,15.6,279.9,227.7,19.4,26,14,19.4,12,66.5,0,0,0,0,25.2,1010.7,31,2.4,19.8,8
Delhi,Delhi,22-02-2024,150,62.08,37,154.711,39,43.5262,39,13.7647,32,32.1619,32,0.995,38,44.7934,38,25,13.8,0,14.8,298.2,222.3,18.9,25,13.8,18.9,7.6,51.5,0,0,0,0,29.9,1013.4,23,4.2,19.3,8
Delhi,Delhi,23-02-2024,143,61.1627,37,148.461,39,45.2585,39,13.1281,32,29.5697,32,1.24026,38,51.9097,38,23.5,10,0,14.8,295.7,237.2,16.9,23.5,10,16.9,5.7,51.3,0,0,0,0,27.7,1016.2,0,3.5,20.6,8
Delhi,Delhi,24-02-2024,193,87.6253,36,213.505,38,57.3547,38,14.5816,31,32.8445,31,1.54189,37,54.6854,37,24.1,10.9,0,7.6,324.7,209.7,17.4,24.1,10.9,17.4,5.2,50.2,0,0,0,0,24.5,1016.4,33.8,3.1,18.1,8
Delhi,Delhi,25-02-2024,193,81.2958,36,178.864,38,47.4782,38,14.8603,31,33.831,31,1.1627,37,56.1876,37,25.3,10.9,0,16.6,22.5,232.6,18.3,25.3,10.9,18.3,3.9,44.8,0,0,0,0,20.5,1018.5,45.2,3.6,20.1,8
Delhi,Delhi,26-02-2024,172,78.6949,37,188.811,39,52.5164,39,15.1141,32,35.1384,32,1.71132,38,52.4884,38,24.6,12.6,0,9.4,333.6,199.8,18.8,24.6,12.6,18.8,4.5,42.8,0,0,0,0,19.4,1018.4,53,3.5,17.4,8
Delhi,Delhi,27-02-2024,159,62.28,37,140.539,38,42.8149,39,13.0922,32,36.5697,32,1.10895,38,43.7405,38,24,14.2,0,14.8,310.6,208.1,18.8,24,14.2,18.8,7.6,51.5,0,0,0,0,31,1018.1,52.7,3.5,17.9,8
Delhi,Delhi,28-02-2024,141,62.2076,37,139.98,39,38.1149,39,12.3534,32,35.3853,32,1.07676,37,50.0395,38,24.6,12,0,18.4,271.7,239.5,18,24.6,12,18,10,63.5,0,0,0,0,39.2,1016.4,0,3.1,20.7,8
Delhi,Delhi,29-02-2024,147,67.4505,37,156.019,39,46.5651,39,14.1556,32,34.7647,32,1.63162,37,59.6784,38,26,12,0,16,266.6,242.9,19.1,26,12,19.1,10.1,59.5,0,0,0,0,29.5,1015.2,9.3,3.4,20.8,8
Delhi,Delhi,01-03-2024,208,90.2946,37,214.71,39,58.2121,39,14.9625,32,37.0753,32,1.87703,37,61.6624,38,29,13.8,0,20.5,105.7,200.3,21.6,27.7,13.8,21.4,11.2,56.6,0,0,0,0,32.8,1014,46.7,2.9,17.3,8
Delhi,Delhi,02-03-2024,117,33.6778,37,91.3051,39,31.7913,39,11.9206,32,37.3375,32,0.932286,35,33.8268,38,24.4,18,7.274,28.1,129.3,179.1,21.2,24.4,18,21.2,15.5,70.5,100,12.5,0,0,46.4,1010.9,82.4,3,15.5,8
Delhi,Delhi,03-03-2024,126,48.8554,37,166.539,39,34.4095,39,11.6859,32,32.9866,32,1.00184,38,43.9932,38,24.8,15.7,0.448,16.6,301,189.9,19.4,24.8,15.7,19.4,10.9,62.3,100,4.17,0,0,33.5,1011.9,65.8,3.1,16.5,8
Delhi,Delhi,04-03-2024,141,49.7214,37,122.033,39,37.4779,39,12.005,32,27.8062,32,1.06108,37,53.1242,38,23.7,11.8,0,11.2,322.5,246.9,17.9,23.7,11.8,17.9,4.3,46.8,0,0,0,0,24.8,1016.2,19.6,3.4,21.4,9
Delhi,Delhi,05-03-2024,125,50.6695,37,121.366,38,35.7839,38,13.3075,32,29.0591,32,1.04111,36,59.6892,37,22.6,11,0,18.4,289.7,254,16.7,22.6,11,16.7,5.3,49.7,0,0,0,0,31.3,1017.4,40.1,3.4,22,9
Delhi,Delhi,06-03-2024,138,64.3676,38,138.506,39,40.0531,39,15.1994,32,30.7678,32,1.29421,38,57.4524,38,22.2,10,0,14.6,280.7,236,16.4,22.2,8.4,16.4,5.7,51.5,0,0,0,0,29.2,1015.8,61.6,3.1,20.4,8
Delhi,Delhi,07-03-2024,181,80.9739,38,178.086,39,49.8332,38,14.5281,32,29.1797,31,1.47737,38,58.2005,38,25.3,11.5,0,16.6,290.3,252.3,18.7,25.3,11.5,18.7,7.3,51.2,0,0,0,0,26.6,1015.1,37.3,3.1,21.7,9
Delhi,Delhi,08-03-2024,157,66.6141,37,152.587,38,42.8489,37,14.2555,31,30.1553,30,1.26676,37,54.1754,37,26.8,12.6,0,16.6,296.1,257,19.9,26.1,12.6,19.9,8.4,50.7,0,0,0,0,28.8,1016,3.9,3.4,22.3,9
Delhi,Delhi,09-03-2024,145,63.1,37,139.418,38,43.2195,37,13.8281,31,28.7073,30,1.19886,35,62.1897,37,26,12,0,18.4,273.8,262.3,19,26,12,19,8.1,53.4,0,0,0,0,34.6,1016,7.5,3.2,22.6,9
Delhi,Delhi,10-03-2024,182,84.8242,38,182.809,38,50.7616,38,17.5425,32,29.6948,31,1.36639,36,63.6976,38,27.5,12,0,13,280.3,248.8,19.8,26.7,12,19.8,8.5,52.3,0,0,0,0,24.5,1015.4,41.9,3,21.3,9
Delhi,Delhi,11-03-2024,201,87.5795,37,189.469,38,48.0392,38,16.0513,30,32.4035,31,1.544,35,67.2227,37,30.2,16,0,13,328.5,255.5,23.2,28.7,16,22.8,9.9,47.4,0,0,0,0,19.1,1016.4,21.4,3.5,22.3,9
Delhi,Delhi,12-03-2024,190,86.9949,37,183.203,38,49.5337,38,16.6445,31,31.1713,31,1.32405,37,59.5708,37,29.6,16.3,0,13,297.5,243.4,22.9,28.4,16.3,22.7,11.1,50.4,0,0,0,0,25.2,1014.6,13.2,3.2,21,9
Delhi,Delhi,13-03-2024,165,79.107,37,174.84,38,49.7845,38,16.4252,31,31.4939,31,1.34216,37,54.7527,37,30.2,15.1,0,18.4,241.4,233.7,22.3,28.7,15.1,22,11.5,54.9,0,0,0,0,37.1,1012.2,39.5,3,20.1,9
Delhi,Delhi,14-03-2024,195,87.3876,37,195.792,38,43.7234,38,16.9629,31,34.3242,31,1.64486,37,50.6138,37,29.3,16.2,0,14.8,318.7,248.1,23,28.3,16.2,22.7,11.6,53,0,0,0,0,24.8,1014.8,27.5,3,21.4,9
Delhi,Delhi,15-03-2024,128,46.9065,37,128.309,38,38.1384,38,15.6726,31,28.7477,31,1.15028,36,50.4862,37,28,14,0,20.5,276.6,274.4,21.4,26.8,14,21.2,7.4,45.6,0,0,0,0,33.8,1014.4,2.9,4.2,23.6,9
Delhi,Delhi,16-03-2024,168,77.5305,37,176.789,38,47.3518,38,20.081,31,31.1577,31,1.24486,37,63.4462,37,29,14.6,0,13.9,272.2,270.2,21.6,27.5,14.6,21.3,8.1,45.9,0,0,0,0,17.6,1015.9,20.6,3.8,23.2,9
Delhi,Delhi,17-03-2024,193,90.9803,37,189.972,38,47.5347,38,20.4429,31,30.3377,31,1.21568,37,58.1783,36,29.7,14.3,0,13,291.2,260.9,21.9,28.2,14.3,21.5,9.3,49,0,0,0,0,20.2,1015.3,32.4,3.3,22.5,9
Delhi,Delhi,18-03-2024,199,93.313,37,201.89,38,46.6363,38,21.0074,31,30.9881,31,1.33514,37,58.5695,37,29.6,14,0,13,278.7,276.5,21.8,28.1,14,21.5,9.6,50.6,0,0,0,0,22.3,1013.8,11.6,3.1,23.8,9
Delhi,Delhi,19-03-2024,222,108.873,37,234.342,38,50.5629,38,21.8132,31,32.3913,31,1.65486,37,60.59,37,30.2,14.6,0,15.7,287.6,275,23,28.8,14.6,22.6,10.2,49.2,0,0,0,0,23.8,1013.3,4.5,3.4,23.7,9
Delhi,Delhi,20-03-2024,230,107.209,38,237.565,38,48.4944,39,20.5316,31,32.8409,32,1.54027,37,55.4542,38,33,16.1,0,13,304,277.1,24.3,30.8,16.1,23.7,11.1,49.4,0,0,0,0,21.2,1013.3,2.3,3.2,23.7,9
Delhi,Delhi,21-03-2024,171,77.9413,38,187.645,39,35.5226,38,17.955,32,34.6969,32,1.2575,36,46.2976,38,28.7,17.9,0,18.4,81.3,263.4,23.1,28.6,17.9,23.1,15,62.3,0,0,0,0,35.6,1013.2,26.9,3.3,22.5,9
Delhi,Delhi,22-03-2024,166,82.3147,38,190.417,39,41.4659,39,16.6112,32,37.7641,32,2.04395,38,58.3884,38,33,19,0,16.6,118.6,271,25.3,31.8,19,25.2,15.7,58.9,0,0,0,0,24.8,1009.8,15.9,3.3,23.5,9
Delhi,Delhi,23-03-2024,232,96.98,38,219.695,39,44.8077,39,16.3531,32,36.5506,32,1.71079,38,45.2759,37,33,18.9,0,18.4,288.3,277.7,26.5,31.6,18.9,25.9,13.8,51.1,0,0,0,0,33.5,1008.8,14.2,3.6,24.1,9
Delhi,Delhi,24-03-2024,195,85.7003,38,215.237,39,37.6105,39,17.9356,32,35.6022,32,1.28486,37,34.6503,38,29,19,0.085,18.4,302.1,207,24.6,28.6,19,24.5,14.2,54.6,100,4.17,0,0,50.8,1011.2,68.1,3.4,17.9,7
Delhi,Delhi,25-03-2024,197,98.2565,37,176.325,39,29.4195,39,18.2231,32,35.4847,32,1.56351,37,39.5681,37,32.5,17.4,0,18.4,279.8,278.5,24.9,32.5,17.4,24.7,15,58.7,0,0,0,0,33.5,1012.8,15.6,3,24.2,9
Delhi,Delhi,26-03-2024,134,66.5205,38,142.011,39,34.8769,39,18.2019,32,32.9337,32,1.32,37,51.1105,38,34,19,0,16.6,276.4,265.4,26.4,32.3,19,25.9,13.8,50.7,0,0,0,0,28.1,1011.7,38.4,4,22.9,9
Delhi,Delhi,27-03-2024,178,70.7987,38,175.503,39,43.4833,39,17.4722,32,33.6897,32,1.53868,38,44.2963,38,36,22,0,14.8,298.5,272.1,29,35.8,22,28.7,14.7,44.3,0,0,0,0,25.2,1013.4,49.9,3.8,23.6,9
Delhi,Delhi,28-03-2024,160,68.6974,38,163.95,39,38.3864,39,20.1,32,33.8831,32,1.01789,38,61.9039,38,36,23,0,14.8,296.8,248.1,29.7,34.7,23,29.3,14.2,40.9,0,0,0,0,20.5,1011.1,59.5,3.8,21.2,9
Delhi,Delhi,29-03-2024,176,85.5868,38,203.181,39,40.4731,39,21.3141,32,35.6066,32,1.33132,38,73.3153,38,36,21,0,16.6,105.8,264.6,28.8,36.2,21,28.9,16.7,51.4,0,0,0,0,19.1,1010,55.3,2.8,23,9
Delhi,Delhi,30-03-2024,190,86.7255,38,217.603,39,42.9303,39,17.1922,32,37.2406,32,1.75737,38,51.7932,37,34,24,1.6,14.8,44.6,267,29.5,34,24,29.6,16.3,46.1,100,8.33,0,0,35.3,1010.4,41.7,3,23.1,9
Delhi,Delhi,31-03-2024,243,94.8868,38,227.54,39,40.9567,39,17.8453,32,37.3694,32,1.86667,36,45.6446,37,35,23,0,22.3,296.6,280.8,28.8,32.9,23,28.2,13.8,44.4,0,0,0,0,37.1,1011.7,21.5,3.6,24.3,9
Delhi,Delhi,01-04-2024,133,53.5376,38,137.056,39,33.4359,39,17.8362,32,33.3422,32,0.942973,37,43.4145,38,31,19,0,16.6,285.8,270.6,25.3,29,19,24.7,11.6,49.2,0,0,0,0,33.5,1009.9,34.7,4,23.4,9
Delhi,Delhi,02-04-2024,144,64.7468,38,161.955,39,40.951,39,20.62,32,29.4141,32,1.09921,38,59.4468,38,33,18.3,0,18.4,285.6,288.3,26.2,30.7,18.3,25.4,8.7,36,0,0,0,0,37.1,1008.3,36.6,3.8,24.8,10
Delhi,Delhi,03-04-2024,167,75.7347,38,201.528,39,53.82,39,20.6978,32,30.4144,32,1.43054,37,74.505,38,36,19.4,0,11.2,342.1,270.6,28.2,34.2,19.4,27.2,9.2,34.2,0,0,0,0,20.5,1008.8,53.4,3.7,23.4,9
Delhi,Delhi,04-04-2024,173,64.5143,37,185.749,38,49.1626,38,19.0942,31,30.0916,31,1.47027,37,66.6549,37,36.1,22.1,0,14.8,313.4,275.7,29.7,34.9,22.1,28.7,9.7,31.3,0,0,0,0,29.9,1008.9,46,4.3,23.9,9
Delhi,Delhi,05-04-2024,174,63.8305,37,186.233,38,42.1197,38,19.9139,31,30.0568,31,1.04459,37,53.6235,37,36,22.5,0,17,287.2,251,29.8,33.7,22.5,28.8,9.7,30.8,0,0,0,0,41,1008.4,67.8,4,21.5,9
Delhi,Delhi,06-04-2024,168,69.9332,38,177.187,39,40.2197,39,21.3916,32,29.5866,32,1.06974,38,72.3745,38,34.5,21,0,16.6,278.7,301.3,28.6,33,21,27.6,7.9,29.2,0,0,0,0,33.5,1008.4,17.5,3.8,26,10
Delhi,Delhi,07-04-2024,179,85.6926,38,197.931,39,46.3956,39,23.4966,32,28.7306,32,1.31,36,65.9734,38,36,19,0,18.4,282.2,305.8,28,33.4,19,26.9,6.3,28.3,0,0,0,0,33.1,1008.4,2.3,4,26.2,10
Delhi,Delhi,08-04-2024,191,89.4574,38,211.652,39,51.9167,39,24.0141,32,28.5912,32,1.36694,36,67.7595,38,36.1,19.9,0,17.3,291.5,297.4,28.9,34.2,19.9,27.8,7.5,28.9,0,0,0,0,31.7,1009.4,7.8,4.1,25.6,10
Delhi,Delhi,09-04-2024,203,86.2953,38,212.519,39,56.3046,39,20.7334,32,29.5922,32,1.50528,36,87.5313,38,37,20.2,0,14.8,300.3,270.8,29.5,34.8,20.2,28.2,6.1,26.2,0,0,0,0,22.3,1010,37.2,3.9,23.4,9
Delhi,Delhi,10-04-2024,222,98.2216,38,242.283,39,57.3703,39,21.8113,32,32.2888,32,1.59763,38,95.5147,38,37.3,19.4,0,12.7,33.3,301.7,29.6,35.2,19.4,28.4,7.3,28.5,0,0,0,0,19.8,1010.1,9.5,3.6,26.1,10
Delhi,Delhi,11-04-2024,240,89.0105,38,249.362,39,53.0418,39,20.3428,32,39.0059,32,1.64757,37,78.9876,38,38,21.9,0,16.6,69.1,296.1,30,35.8,21.9,29.1,9.8,31.3,0,0,0,0,28.4,1011.1,38.8,3.7,25.5,10
Delhi,Delhi,12-04-2024,232,105.482,38,265.509,39,56.0579,39,27.3566,32,35.1569,32,1.71684,38,91.1863,38,38.4,23,0,9.4,80.3,297.1,30.9,37.8,23,29.9,10.5,31.3,0,0,0,0,24.1,1010.2,37,3.4,25.7,10
Delhi,Delhi,13-04-2024,198,69.9308,38,190.572,39,44.5703,39,14.2422,32,37.885,32,1.26514,37,72.7741,37,38.4,24.9,2.045,24.1,169,274.3,29.3,39.1,24.9,28.8,13,40.1,100,4.17,0,0,37.1,1010,62.4,3.3,23.8,10
Delhi,Delhi,14-04-2024,141,64.1828,36,149.971,37,38.2746,37,14.951,30,43.7353,30,1.28543,35,36.6483,36,31.3,24,0.896,16.6,13.6,238.3,26.4,32.6,24,26.6,17.2,57.8,100,4.17,0,0,41,1012,85.4,2.7,20.7,9
Delhi,Delhi,15-04-2024,205,107.652,37,237.659,38,51.2989,38,18.611,31,47.5548,31,1.76472,36,62.3136,36,34,23.1,0,9.4,345.9,204.2,28.6,35.3,23.1,28.7,17.4,53.8,0,0,0,0,24.8,1011.6,76.6,2.5,17.8,7
Delhi,Delhi,16-04-2024,228,85.7003,38,221.166,39,42.0744,39,17.0669,32,43.2356,32,1.69108,37,45.9049,37,35,25,0,20.5,282.6,286.7,29.9,33.7,25,29.2,12.9,38.9,0,0,0,0,37.4,1010.7,37.6,4.1,24.7,10
Delhi,Delhi,17-04-2024,147,45.3961,38,153.916,39,33.0674,39,16.0034,32,35.9222,32,0.844054,37,66.7326,38,35,22,0,20.5,285.5,311.3,29.1,32.5,22,27.8,7.4,28.5,0,0,0,0,43.9,1009.2,28.2,4.1,26.8,10
Delhi,Delhi,18-04-2024,164,56.6537,38,191.267,39,40.5187,39,17.8209,32,33.2163,32,1.24184,38,68.7018,38,38,23,0,20.5,275,292.4,30.9,36.1,23,29.7,8.8,26.7,0,0,0,0,44.3,1007.6,44.1,4.9,25.4,10
Delhi,Delhi,19-04-2024,186,63.3857,37,231.792,38,41.5751,37,16.7923,31,33.2063,30,1.30649,37,46.3635,37,38,26.7,0,14.8,255.1,273.2,32.5,38.9,27,31.8,12.9,32,0,0,0,0,36,1004.7,39.2,3.9,23.7,9
Delhi,Delhi,20-04-2024,219,64.0508,37,224.789,38,31.8565,37,18.0523,31,34.714,30,1.06111,36,59.0551,37,36.3,24.9,0,18.4,281.3,282.6,30.9,36.3,24.9,30.2,13.3,36.2,0,0,0,0,37.1,1004.7,20.3,3.6,24.5,9
Delhi,Delhi,21-04-2024,139,47.4303,37,149.422,38,34.8327,37,17.6748,31,32.6183,30,1.18216,37,68.8968,37,36,25,0,20.5,290.5,292.4,31,35.6,25,30.2,12.3,33.7,0,0,0,0,36.7,1006,36.2,4.2,25.1,9
Delhi,Delhi,22-04-2024,129,41.2311,38,134.357,39,39.0658,38,15.1822,32,31.9281,31,1.24132,38,66.6345,38,36.5,25,0,18.4,291.3,293.3,31,35.4,25,30,11.1,31.8,0,0,0,0,37.1,1007,43.2,4.5,25.2,9
Delhi,Delhi,23-04-2024,190,72.0021,38,229.732,39,44.9232,38,17.9506,32,35.9765,31,1.21711,38,87.8371,38,36.5,22.9,3.195,27.6,310.6,289.3,29.2,35.7,22.9,28.5,12.9,40.5,100,4.17,0,0,46.4,1006.5,43.2,3.4,24.8,10
Delhi,Delhi,24-04-2024,178,70.7561,38,182.261,39,45.6044,39,17.1713,32,36.8029,31,1.35184,38,79.8178,37,37,20.6,0,18.4,283.7,312.9,29.6,35.9,20.6,28.7,12.7,41.4,0,0,0,0,37.1,1006.5,19.9,3.8,27.1,10
Delhi,Delhi,25-04-2024,200,83.4624,37,232.591,38,50.245,38,19.3461,31,35.1983,30,1.57838,37,78.0711,37,39,22,0,20.1,277.7,318.3,31.4,37.1,22,30.1,9.8,31.1,0,0,0,0,39.2,1006.3,12.6,4.3,27.5,10
Delhi,Delhi,26-04-2024,197,67.6705,38,192.973,39,53.2121,39,16.1062,32,34.0373,30,1.32405,37,86.7808,38,40,23.4,3,16.6,184.7,289.5,31.8,38,23.4,30.8,11.9,33.9,100,4.17,0,0,34.6,1005,44.2,3.3,25,10
Delhi,Delhi,27-04-2024,165,57.9122,36,222.573,37,41.0346,37,15.2455,31,36.824,30,0.989429,35,63.0014,36,38,24.8,0,18.4,276.1,287.9,31.5,36.5,24.8,30.9,13.9,37.7,0,0,0,0,38.9,1006.1,37,3.5,24.7,9
Delhi,Delhi,28-04-2024,176,59.9883,36,186.392,37,42.6838,37,17.3042,31,33.5586,29,1.16194,36,75.0466,35,37.2,24.8,0,11.2,334.9,290.2,31.2,35.5,24.8,30.2,11,31.6,0,0,0,0,31,1007.1,49.5,3.8,25.1,9
Delhi,Delhi,29-04-2024,225,81.0538,37,257.396,38,43.9421,38,20.3745,31,35.09,30,1.42278,36,82.4592,36,37.9,24.1,0,16.6,337.2,285.2,30.9,37.2,24.1,30.2,13.2,36,0,0,0,0,46.4,1006.7,46.4,3.6,24.6,9
Delhi,Delhi,30-04-2024,189,63.3013,38,207.817,39,41.0013,39,18.7691,32,32.759,31,1.28632,38,72.7184,37,36,23,0,18.4,277.1,328.1,29.7,33.4,23,28.6,8.4,30.2,0,0,0,0,35.3,1005.9,10.3,3.7,28.4,10
Delhi,Delhi,01-05-2024,200,67.2711,38,227.979,39,34.4659,39,15.9206,32,29.5703,31,1.10816,38,67.9768,38,33,22,0,18.4,287.7,329.3,28.2,30.6,22,27,2,20.8,0,0,0,0,41.4,1004.4,0,3.9,28.7,10
Delhi,Delhi,02-05-2024,197,83.7213,38,226.789,39,42.0956,39,19.5941,32,35.5931,32,1.35811,37,87.4239,38,35.2,20.4,0,20.5,284.6,330.7,28.7,32.9,20.4,27.5,5.8,25.1,0,0,0,0,34.9,1005.1,8.3,3.7,28.7,10
Delhi,Delhi,03-05-2024,264,134.492,37,311.066,38,50.7039,38,25.9139,31,36.6403,31,1.37973,37,94.4119,37,38,20.3,0,18.4,271.9,313.7,30.3,35.3,20.3,28.9,6,24.7,0,0,0,0,40.3,1005.8,42.2,3.2,27.1,10
Delhi,Delhi,04-05-2024,282,142.991,37,329.397,38,56.0447,38,26.3619,31,36.2003,31,2.39378,37,94.7095,37,40,24.8,0,14.8,265.9,305.1,32.7,38.1,24.8,31.2,7.8,23.9,0,0,0,0,31,1005.6,56.1,3.1,26.3,10
Delhi,Delhi,05-05-2024,292,141.788,37,325.246,38,53.7354,37,26.1394,31,39.1132,31,2.58243,37,99.4325,36,41,24.8,0,14.8,284.1,322.1,33.8,39.6,24.8,32.3,9,24.4,0,0,0,0,38.2,1001.7,17,3.4,27.8,10
Delhi,Delhi,06-05-2024,248,114.866,36,291.324,37,47.8089,36,21.059,30,38.5407,30,1.91143,35,94.7658,36,40.1,26,0,20.5,285.3,306.3,34.1,43.6,26,33.2,11.8,27.8,0,0,0,0,37.1,1003.7,15.6,3.4,26.5,10
Delhi,Delhi,07-05-2024,303,152.354,38,364.894,38,56.6778,37,24.0332,31,40.8747,30,1.97971,35,102.678,36,41.4,25.6,0,16.6,71.6,290.7,34.2,42.1,25.6,34.3,14.3,33.1,0,0,0,0,25.2,1005.1,38.8,2.8,25.1,9
Delhi,Delhi,08-05-2024,225,75.765,38,249.016,38,30.0249,37,14.8468,31,50.503,30,1.11694,36,60.3275,36,36.5,28,0,20.5,91.1,309.3,32.2,41.6,30.1,34.6,20.2,50.2,0,0,0,0,38.5,1006,21.7,3.4,26.7,10
Delhi,Delhi,09-05-2024,179,57.7679,38,176.624,38,28.1653,38,16.7903,31,45.4253,30,1.10914,35,79.7481,36,37.1,26,0,20.5,86.5,303,31.7,41.6,26,33.3,19,48.3,0,0,0,0,37.1,1005.6,1.4,3.8,26.3,10
Delhi,Delhi,10-05-2024,180,79.4061,38,203.183,38,30.3237,38,16.9687,31,42.98,30,1.11083,36,84.7308,36,38.1,28,0,27.7,89.4,300.6,32.6,44.2,28.3,35.1,20,49,0,0,0,0,64.8,1006.6,24.4,3.3,25.9,10
Delhi,Delhi,11-05-2024,242,70.4732,38,240.685,38,30.5961,38,15.1277,31,39.874,30,1.21222,36,90.1734,35,38,26,0.17,27.7,335.1,307,31.8,40.2,26,32.1,16.3,41.4,100,4.17,0,0,55.4,1008.8,50.3,3.2,26.6,10
Delhi,Delhi,12-05-2024,184,85.2163,38,202.219,38,38.7582,38,18.1248,31,40.6003,30,1.41167,36,92.5563,35,39,27,0,13,310.1,263.8,33,40.6,28.6,33.9,17.3,41.2,0,0,0,0,26.6,1008.4,43.5,3.6,22.9,9
Delhi,Delhi,13-05-2024,228,97.2521,38,229.092,38,45.2253,38,20.111,31,38.305,30,1.60917,36,102.293,36,40,28,0,16.6,318.1,297.8,34,41.4,29,34.2,14.5,34.5,0,0,0,0,27.7,1008.5,39.4,3.8,25.7,9
Delhi,Delhi,14-05-2024,235,110.02,39,253.322,39,50.921,39,20.9844,32,37.2565,31,1.60333,36,96.6703,37,40.2,25.2,0,20.5,290,320.6,33.8,38.9,25.2,32.6,10.9,29.9,0,0,0,0,31,1008.6,17.3,3.4,27.7,10
Delhi,Delhi,15-05-2024,244,125.391,39,276.523,39,59.0123,39,25.9531,32,36.6361,31,1.90784,37,97.7314,37,41,24.9,0,16.6,324.9,327.6,34.2,39.5,24.9,32.7,9.4,25,0,0,0,0,24.5,1008.5,0.1,3.7,28.2,10
Delhi,Delhi,16-05-2024,236,107.098,39,263.164,39,51.7423,39,21.6938,32,37.9058,31,1.96811,37,101.933,37,42,27,0,13,61.2,328.6,35,42.5,27.5,34.7,13.4,29.6,0,0,0,0,28.1,1007.5,1.2,3.5,28.3,10
Delhi,Delhi,17-05-2024,233,91.7058,38,252.631,39,52.6208,39,18.4781,32,41.0497,31,2.24595,37,95.21,37,44,27.1,0,16.6,276.8,316.7,36.9,44,27.7,36.4,12.2,26,0,0,0,0,34.2,1004.3,12.7,3.9,27.4,10
Delhi,Delhi,18-05-2024,262,109.488,39,296.531,39,46.6046,39,23.8687,32,42.0229,31,1.82838,37,88.9275,36,44,28.2,0,18.4,279.1,321.9,37.1,44,29.7,36.7,12.7,25.9,0,0,0,0,38.5,1001.8,12.4,3.7,27.7,10
Delhi,Delhi,19-05-2024,245,95.5485,39,266.778,39,39.5715,39,23.3394,32,40.5877,31,1.46595,37,93.1232,37,45,29.3,0,18.4,284.5,311.5,38.1,45,30.1,37.6,12,23.2,0,0,0,0,39.2,1000.1,15.1,3.6,27,10
Delhi,Delhi,20-05-2024,228,85.1774,39,266.867,39,40.6159,39,21.8825,32,41.1481,31,1.4725,36,81.2367,36,44,30.1,0,18.4,287.1,320.7,37.9,44,29.8,37.3,12,23.2,0,0,0,0,37.1,1000.9,29.7,3.6,27.6,10
Delhi,Delhi,21-05-2024,240,82.4305,38,275.646,38,35.2405,38,19.0016,31,49.4987,30,1.40778,36,74.3681,36,42,31,0,18.4,91.6,310.8,35.8,46.3,33.5,38.4,19.5,40.2,0,0,0,0,36,1002.2,23.4,3.6,26.9,10
Delhi,Delhi,22-05-2024,193,71.1658,38,208.762,38,28.7716,38,15.371,31,53.9067,30,1.33086,35,70.7164,36,41.7,31.2,0,18.4,92.1,306.1,36,49.8,34.1,40.4,21.5,44,0,0,0,0,37.8,1002.1,16.7,3.6,26.5,10
Delhi,Delhi,23-05-2024,156,54.2028,39,154.547,39,29.7149,39,13.3525,32,55.9394,31,1.10973,37,60.7105,37,40,30.9,0,22.3,91,294.4,35.2,47.2,33.7,39.1,21.2,45,0,0,0,0,41.4,1001.8,20.6,3.9,25.7,9
Delhi,Delhi,24-05-2024,157,54.4972,39,145.401,39,27.7041,39,14.2303,32,55.9013,31,1.18432,37,68.9276,37,40.7,31,0,22.3,100.4,295,35.4,46.9,33.7,39,20.8,43.7,0,0,0,0,37.8,1001.7,4.8,4,25.5,9
Delhi,Delhi,25-05-2024,168,69.0456,39,187.285,39,33.9254,39,15.9622,32,49.3655,31,1.17892,37,81.5514,37,43,31,0,18.4,304.1,305.5,37.3,48.3,33.7,39.6,18.2,35.8,0,0,0,0,37.1,999.8,9,4.2,26.4,9
Delhi,Delhi,26-05-2024,191,77.7305,38,206.442,38,42.6918,38,23.9903,32,38.6148,31,1.86528,36,104.091,36,44.5,28.1,0,16.6,330,326.2,37.9,46.1,29.4,38.1,14.2,26.9,0,0,0,0,37.1,998,0.1,3.9,28.4,10
Delhi,Delhi,27-05-2024,225,94.891,39,258.873,39,49.9759,39,23.4534,32,37.0145,31,2.08784,37,97.5862,37,45,30.3,0,16.6,301.9,325.7,38.6,45,32.5,38.4,13.3,24.9,0,0,0,0,25.9,995.4,0.4,3.9,28,10
Delhi,Delhi,28-05-2024,246,95.8369,39,265.4,39,57.9867,39,23.6103,32,35.4071,31,2.56595,37,107.617,35,46,28.8,0,16.6,302.9,331.1,38.6,46,30.9,38.5,10.6,23.7,0,0,0,0,33.5,993.5,0,3.9,28.8,10
Delhi,Delhi,29-05-2024,240,72.2323,39,269.587,39,47.4618,39,16.1422,32,37.3268,31,1.44243,37,68.5761,36,46,30.5,0,21.5,200.9,316.1,37.8,46.2,30.2,38.2,15,27.3,0,0,0,0,33.5,994.8,25,4.6,27.3,10
Delhi,Delhi,30-05-2024,230,67.5813,39,224.999,39,40.1687,38,16.4387,32,36.3157,30,1.22189,37,86.4011,37,46,32.1,0,19.2,271.3,316.7,39.1,46,33.3,39,11.8,22.9,0,0,0,0,37.1,997.9,24,3.8,27.5,9
Delhi,Delhi,31-05-2024,192,71.8844,39,229.62,39,44.9579,38,18.3031,32,36.5753,30,1.92703,37,75.1327,37,46,29.9,0,18.4,282.3,319.2,38.6,46,31.6,38.7,12.6,24.8,0,0,0,0,37.1,999.3,16.4,4,27.5,10
Delhi,Delhi,01-06-2024,245,75.8362,39,277.207,39,39.2839,38,16.7428,32,35.412,30,1.52,37,58.6251,37,43.6,31.7,0,18.4,268.2,291.7,36.5,43.6,32.3,36.1,14,27.3,0,0,0,0,33.5,1001.2,64.6,3.2,25.2,9
Delhi,Delhi,02-06-2024,173,48.3603,39,153.067,39,31.2011,38,16.3853,32,35.013,30,1.0275,36,83.7244,36,42.1,30.8,0,16.6,268.1,303.8,36.7,44.6,31.3,36.8,15,29.1,0,0,0,0,25.2,1002.7,53.4,4.3,26.3,9
Delhi,Delhi,03-06-2024,155,62.1423,39,194.298,39,34.8818,38,17.4928,32,33.7413,30,1.6227,37,78.5003,37,44,30.8,0,15.3,259.4,308.8,37.2,44,31.4,37.4,14.8,29.1,0,0,0,0,36.7,1001.5,22.7,4.1,26.9,9
Delhi,Delhi,04-06-2024,211,78.23,39,257.208,39,38.6895,38,17.1866,32,35.073,30,1.57865,37,89.7984,37,44,31,0,18.4,139.9,302.9,37,46.3,32.4,38.3,16.9,32.4,0,0,0,0,40.3,1001.5,48.5,3.7,26.3,10
Delhi,Delhi,05-06-2024,251,75.7785,39,288.526,39,30.9218,38,15.6709,32,37.544,30,1.24973,37,49.4897,36,44,29.8,0,27.7,273.1,302.2,37.8,44.8,33,38.3,15.4,28.2,0,0,0,0,50.8,1001.8,30.9,3.9,26.2,9
Delhi,Delhi,06-06-2024,183,57.2176,38,164.746,38,32.26,37,14.7416,32,36.767,30,1.22028,36,82.4583,36,40.7,26.7,0.851,28,307.7,308.2,33.8,43.4,27.7,34.6,16.8,39.4,100,4.17,0,0,51.8,1005.2,29.2,3.9,26.7,10
Delhi,Delhi,07-06-2024,231,63.859,39,275.669,39,28.9011,38,16.455,32,35.0887,30,1.10081,37,79.8903,37,42,28.8,0,18.4,260,302.8,35.6,43.2,28.4,35.4,14.2,29.9,0,0,0,0,42.8,1002.6,25.8,3.8,26.1,9
Delhi,Delhi,08-06-2024,237,62.9138,39,253.779,39,26.9887,38,17.7209,32,34.6983,30,1.11622,37,88.4611,37,41,30.4,0,18.4,275.7,298.3,35.8,42.1,30.3,35.7,14.5,29.4,0,0,0,0,42.5,1001.5,34,4,25.9,9
Delhi,Delhi,09-06-2024,182,54.83,39,177.384,39,34.8218,38,19.8644,32,32.2987,30,1.29946,37,97.8468,37,42,28.4,0,18.4,280.6,325,36,40.4,29.4,34.8,11.3,25.3,0,0,0,0,34.6,1001.3,4.7,4.2,28.1,10
Delhi,Delhi,10-06-2024,172,54.8661,38,176.873,38,34.9597,37,19.5403,31,31.5767,30,1.37972,36,106.347,37,43.2,30.9,0,18.4,291,320.8,37.3,42.9,30.8,36.3,11.8,23.4,0,0,0,0,37.1,1001.3,23.1,4.2,27.8,10
Delhi,Delhi,11-06-2024,223,87.4378,37,260.984,37,50.1425,36,28.9803,30,31.9379,29,1.55514,35,98.0975,36,44,29.5,0,16.6,272.7,317.9,37.2,44,29.7,36.4,11.8,23.9,0,0,0,0,35.3,1000.7,31.1,4.1,27.3,9
Delhi,Delhi,12-06-2024,213,69.1318,38,227.933,38,48.6659,37,20.0084,31,30.2237,30,1.58171,35,90.1256,36,44.1,30.4,0,16.6,270.3,321.7,37.6,44.1,30.7,37,12.1,24,0,0,0,0,35.6,1000.4,14.9,4.5,28,10
Delhi,Delhi,13-06-2024,195,54.8445,38,212.018,38,35.6265,37,16.8177,31,30.7597,30,1.12139,36,73.9173,37,45,31.3,0,18.4,258.9,307.9,38.8,45,32,38.6,12.9,23.3,0,0,0,0,38.2,999.2,29.6,4.4,26.5,9
Delhi,Delhi,14-06-2024,189,48.3166,38,237.161,38,25.9489,37,15.6884,31,29.192,30,0.91973,37,60.055,36,44,33,0,24,252.1,287.7,37.8,44.8,33.3,38.4,16.1,28.6,0,0,0,0,37.1,998.8,47.8,3.8,25,9
Delhi,Delhi,15-06-2024,186,46.4932,38,199.485,38,28.2827,37,15.6355,31,29.008,30,1.25083,36,59.1236,36,45,32,0,27.7,263.1,304.9,38.3,45,32,38.8,15.5,27.8,0,0,0,0,46.4,998.7,26.8,4.4,26.4,9
Delhi,Delhi,16-06-2024,197,56.5916,38,216.903,38,30.9817,36,19.8829,31,28.1328,29,1.1373,37,64.08,36,45,33,0,24.8,267.6,300.6,39.1,45.8,33,40.1,16.1,27.6,0,0,0,0,46.4,999.1,12,4.2,26,9
Delhi,Delhi,17-06-2024,169,55.4674,38,199.112,38,31.2554,37,20.2374,31,29.098,30,1.09222,36,63.9589,37,45,34,0,23.5,265.7,283.3,39.5,46.6,34.1,41,17.5,28.7,0,0,0,0,37.1,999,13.6,4.2,24.6,9
Delhi,Delhi,18-06-2024,196,71.9897,38,312.658,38,29.2173,37,18.2339,31,29.696,30,1.04838,37,43.4294,36,44,34.8,0,25.2,259.5,284.6,39.5,48.6,36.9,42.2,18.9,31.1,0,0,0,0,40.7,996.8,24,4.1,24.8,9
Delhi,Delhi,19-06-2024,306,66.4074,38,314.61,38,26.0649,37,15.8274,31,29.646,30,0.929189,37,43.0911,37,43,32.4,0,27.6,250.8,297.3,38.9,50.5,34.9,42.4,19.5,33.1,0,0,0,0,55.4,995,37.7,4.2,25.7,9
Delhi,Delhi,20-06-2024,179,45.4513,38,149.535,38,26.5808,37,14.2771,31,29.2723,30,1.04,37,70.1635,37,38.7,29.7,0,18.4,54.2,267,33.7,46.4,30.8,36.6,20.2,45.9,0,0,0,0,46.4,997.5,55.3,4,23,8
Delhi,Delhi,21-06-2024,175,64.5405,38,182.329,38,32.1392,38,14.7126,31,32.1177,31,1.34973,37,55.2154,37,38,27,3.552,14.8,310.9,254.6,31.9,45.6,30.1,36.3,22.8,60.4,100,4.17,0,0,37.1,999.4,65,3.4,21.9,8
Delhi,Delhi,22-06-2024,186,90.7066,38,193.11,38,36.3834,38,13.8887,31,44.1852,31,1.31917,36,57.5972,36,38.6,29,0,16.6,80.9,254.9,33.2,46.4,32.7,38.1,22.8,55.7,0,0,0,0,19.4,999.4,62.1,2.8,22.1,8
Delhi,Delhi,23-06-2024,145,63.2637,38,136.368,38,30.4453,38,14.2187,31,46.311,31,1.14639,36,52.4156,36,39.1,30,1.556,18.4,88.7,275.8,33.5,50.1,33.3,40.4,24.2,59.2,100,4.17,0,0,37.1,1000.1,62.5,3,23.7,9
Delhi,Delhi,24-06-2024,138,59.6126,38,141.44,38,32.5024,38,13.0726,31,48.5287,30,1.1127,37,44.9214,37,38.3,30,0.881,18.4,96.5,235.5,33.2,49.2,37.7,41.5,25.4,65.3,100,8.33,0,0,51.8,999,85.8,3,20.3,8
Delhi,Delhi,25-06-2024,134,68.325,38,143.824,38,27.7224,38,12.6355,31,50.2068,31,1.00378,37,45.8295,37,38.9,29.1,0,11.2,84.2,235.4,33.8,49.7,33.7,42.4,25.5,63.3,0,0,0,0,28.8,997.8,78.9,2.8,20.4,7
Delhi,Delhi,26-06-2024,132,53.4476,37,120.394,37,26.333,37,12.6573,30,44.2347,30,1.14514,35,39.134,35,36.2,30,0.299,18.4,84.1,170.6,33,48.8,37.9,41.7,25.7,66,100,4.17,0,0,32,998.5,82.9,2.8,14.9,7
Delhi,Delhi,27-06-2024,74,30.2914,36,66.4233,36,23.4281,36,11.5717,29,42.6986,29,0.925294,34,29.8226,34,34.6,27,9.033,22.3,79.6,124.7,30.7,45.5,31.2,39.2,26.6,79.5,100,8.33,0,0,39.2,1001.1,76.9,5.8,10.8,4
Delhi,Delhi,28-06-2024,64,42.7554,35,91.1911,35,26.3546,35,12.5196,28,41.565,28,1.20909,33,30.5752,33,32.3,25,203.047,18.4,101.3,136.5,28.9,42.3,25,35,26.3,86.7,100,12.5,0,0,23.8,1000.2,79.6,2.8,11.9,6
Delhi,Delhi,29-06-2024,118,74.6383,35,119.304,35,28.8203,35,10.5964,28,40.1954,28,1.06485,33,34.19,33,34.7,28.4,7.656,14,149.2,169.4,30.3,45.3,36.1,39.6,27.2,84.1,100,4.17,0,0,29.5,998.6,73.1,2.8,14.7,6
Delhi,Delhi,30-06-2024,115,62.754,35,134.542,36,23.1133,36,11.3845,29,40.7579,29,0.994,35,35.9827,33,36.6,28.6,0,14.8,210.3,217.5,32.6,49.6,36.5,43.9,27.6,76.1,0,0,0,0,26.6,998,66.3,2.7,18.7,8
Delhi,Delhi,01-07-2024,105,36.4875,36,96.5234,38,25.0061,38,11.6953,30,40.5839,31,0.943243,37,41.5116,37,35.2,29,0,11.2,248,179.4,32.1,45.9,35.6,41.4,26.4,72.6,0,0,0,0,24.8,995.9,65.8,3.7,15.5,6
Delhi,Delhi,02-07-2024,118,42.7049,37,120.231,38,26.5034,38,11.0697,31,35.2903,31,1.01054,37,35.9919,37,36,30.8,0,14.8,218.3,155.3,32.8,48.4,39.1,43.2,26.9,71.4,0,0,0,0,29.5,994.2,88.5,4.5,13.5,5
Delhi,Delhi,03-07-2024,108,35.5018,38,95.6716,37,27.1037,38,11.3852,31,37.0043,30,1.03361,36,28.5657,35,34,25.5,9.747,14.8,129.8,105.7,29.5,47.9,25.5,37.2,27,87.2,100,4.17,0,0,37.1,997.2,81.7,2.9,9.1,4
Delhi,Delhi,04-07-2024,61,27.0761,38,62.1636,39,23.7097,39,11.9784,32,39.0716,31,1.03324,37,28.8586,37,31.3,26,0.988,11.2,80.3,98.3,28.6,42.2,26,35.4,26.8,90.2,100,8.33,0,0,25.2,999.8,85.5,3,8.6,4
Delhi,Delhi,05-07-2024,77,28.6826,38,70.2692,38,23.5069,39,12.2097,32,37.1081,31,0.972778,36,29.0119,37,32.4,28,0.51,18.4,76.3,146.9,29.6,44.3,34,38.3,27.3,87.4,100,4.17,0,0,29.9,996.8,82.7,3.4,12.4,6
Delhi,Delhi,06-07-2024,65,23.9347,38,62.5659,39,20.4403,39,11.6606,32,35.7387,31,0.982162,37,29.9441,37,33.8,28,0.03,14.8,57.8,94.7,29.7,45.6,34.2,37.8,26.9,85.4,100,4.17,0,0,33.5,995.7,84,3.1,8.3,4
Delhi,Delhi,07-07-2024,56,12.0214,37,43.6471,38,20.9246,39,11.4547,32,35.27,31,0.863611,36,30.3606,36,34.5,26.9,0,18.4,70.4,155.2,29.8,43.2,30.8,35.2,24.9,76.4,0,0,0,0,29.5,999.1,71.3,4.2,13.5,6
Delhi,Delhi,08-07-2024,56,21.7738,37,61.6563,38,22.9595,39,12.695,32,33.0916,31,0.926389,36,31.6997,37,31.1,26,0,18.4,50.8,203.4,28.3,37,26,32.6,25,83.2,0,0,0,0,29.5,1002,61.7,4.3,17.6,7
Delhi,Delhi,09-07-2024,84,43.2686,36,100.444,37,31.9463,38,12.0723,31,31.727,30,1.50056,36,29.4397,36,32,27.9,27.565,18.4,90.3,229.8,29.6,44.1,33.5,38,27.1,87,100,8.33,0,0,19.4,1002.8,70.2,3.1,19.9,7
Delhi,Delhi,10-07-2024,138,60.7792,36,135.141,37,33.8924,38,11.031,31,32.9297,30,1.24333,36,35.21,36,36,28,12.24,14.8,122,256.6,30.8,47.7,33.5,41.1,27.7,85,100,4.17,0,0,33.5,1002.5,80.2,2.6,22.3,9
Delhi,Delhi,11-07-2024,113,51.8573,37,125.619,38,29.6684,38,10.6835,31,36.5333,30,1.05743,35,45.2149,35,38.1,28.3,4.253,11.2,227.2,255.2,33.4,51.7,36.4,44.5,27.4,73.2,100,4.17,0,0,32.8,998.4,55.1,4.5,22,8
Delhi,Delhi,12-07-2024,107,28.2024,38,102.658,38,30.1445,38,11.3161,31,40.1865,31,0.948649,37,36.6086,35,33.8,29,0,16.6,263.8,237,31.4,40.3,32.7,37.1,23.9,64.7,0,0,0,0,36.7,997,74.1,4.1,20.5,8
Delhi,Delhi,13-07-2024,102,38.4174,38,100.097,38,35.1339,38,11.1458,31,37.3171,31,1.12514,37,44.077,37,35,27,19.909,11.3,139.3,205.5,30.3,43.6,31.2,37.5,25.9,77.9,100,8.33,0,0,46.4,997.8,66.7,3.5,17.8,7
Delhi,Delhi,14-07-2024,107,49.22,38,118.015,38,33.8561,38,12.2648,31,38.2126,31,1.04378,37,47.1276,37,35.6,28.9,0,13,108.6,269.6,32.3,45.6,36.8,41.5,26.5,73.1,0,0,0,0,16.2,997.6,59.6,3.3,23.4,8
Delhi,Delhi,15-07-2024,109,45.8689,38,101.518,38,30.51,38,12.5123,31,38.6565,31,1.0773,37,34.247,37,34,25,7.331,14.8,67.3,206.6,31.3,46.5,25,41.4,27.2,79.3,100,4.17,0,0,29.5,1000.1,57.6,2.8,17.8,6
Delhi,Delhi,16-07-2024,100,43.7946,37,98.4541,37,25.5149,37,10.351,30,39.957,30,0.9675,36,33.9528,36,37.4,30,0,18.4,88.6,210.9,33.2,50.1,40.4,44.8,27.5,73.5,0,0,0,0,32,1000.6,49.8,3.5,18.1,7
Delhi,Delhi,17-07-2024,90,36.0143,37,87.0321,38,25.6676,38,11.7606,31,39.6942,31,0.986757,37,34.1703,37,36,30.9,0,14.7,79.9,245.1,32.7,50.1,41.1,45.1,28,77.1,0,0,0,0,24.8,1000.7,41.9,3.7,21.2,8
Delhi,Delhi,18-07-2024,95,43.1178,37,101.022,38,32.1489,38,11.7426,31,38.4887,31,1.26054,37,27.6949,37,35.6,26,4.149,18.4,101,204.2,31,49.7,26,41.7,27.8,83.6,100,4.17,0,0,37.1,999.4,67.3,3.1,17.8,7
Delhi,Delhi,19-07-2024,124,65.343,37,136.628,38,30.7729,38,11.1435,31,39.6555,31,1.21676,37,31.9146,37,35,28.2,0,14.8,108.1,223.8,31.5,51,35.2,43.1,28.1,82.9,0,0,0,0,23.4,998.2,55.1,2.9,19.5,7
Delhi,Delhi,20-07-2024,109,48.7787,38,103.351,39,25.9429,38,11.7223,31,42.9952,31,1.025,36,35.1489,36,36.9,28,0,11.2,107.4,243.7,32.4,49.7,34.4,42.4,27,75.1,0,0,0,0,25.6,999,46.1,3.4,21,8
Delhi,Delhi,21-07-2024,103,42.0184,37,92.3987,39,25.8671,38,11.6223,31,38.8435,31,0.934595,37,28.5811,36,36,29.4,5.955,20.5,89.8,225.7,32.6,51.5,39.7,45,28,77,100,4.17,0,0,26.3,998.7,64,3.6,19.7,7
Delhi,Delhi,22-07-2024,85,34.8713,38,83.3941,39,27.8966,38,11.9532,31,38.8052,31,1.24892,37,28.8403,37,35.3,27.6,27.714,16.6,108.8,215.3,30.9,49.1,34.2,41.7,27.9,84.8,100,8.33,0,0,26.3,999.1,70.2,3.4,18.7,7
Delhi,Delhi,23-07-2024,93,43.0889,38,96.3936,39,29.1484,38,11.2948,31,39.0732,31,1.16351,37,29.3678,37,34.7,28.8,1.045,11.2,98.3,226.7,31.4,50.4,37.1,43.7,28.4,84.5,100,4.17,0,0,23.4,998,56.3,2.9,19.5,8
Delhi,Delhi,24-07-2024,97,47.1603,38,94.4741,39,30.9345,38,11.7252,31,42.3639,31,1.22972,36,33.5056,36,33,26,32.565,14.8,228.8,138.1,30,46.2,26,39.2,27.6,87.5,100,12.5,0,0,18,994.8,74.6,2.6,11.9,6
Delhi,Delhi,25-07-2024,109,38.4679,38,86.7321,39,29.3042,38,11.6606,31,44.0461,31,1.02838,37,33.9865,37,35.6,27.5,9.357,9.4,98.7,213.7,31.2,49.3,33.5,42.2,27.9,83.8,100,8.33,0,0,19.4,994,70.3,3,18.6,8
Delhi,Delhi,26-07-2024,84,49.1995,38,98.6951,39,31.8661,38,11.2048,31,41.9261,31,1.32027,37,38.3695,37,33,27.1,32.459,11.2,263.3,174.4,30.9,46.7,32,42,28.1,85.7,100,8.33,0,0,16.6,995.4,84.6,3.1,15.1,6
Delhi,Delhi,27-07-2024,131,44.1471,38,98.3151,39,30.6911,38,10.7997,30,38.3555,31,1.23649,37,35.1092,36,35,29,0,16.6,73.9,168.5,31.3,49.8,38.2,43.5,28.5,85.7,0,0,0,0,24.5,997.6,78.6,2.7,14.4,7
Delhi,Delhi,28-07-2024,83,29.1871,38,73.4859,39,27.5347,38,11.0403,30,39.6903,31,0.984865,37,31.1051,37,37,28.8,0.03,14.8,91.5,204.5,33,50.9,36.8,44.3,27.5,74.6,100,4.17,0,0,29.5,997.8,57,3.7,17.6,7
Delhi,Delhi,29-07-2024,76,32.7186,37,78.6863,38,26.3266,38,12.1471,31,42.0645,31,0.988611,36,34.8169,36,37.5,30,0,16.6,100.1,240.9,33.6,51.9,39.8,45,27.2,70.6,0,0,0,0,32.4,998,44.6,4.2,20.9,7
Delhi,Delhi,30-07-2024,97,41.0403,37,93.0113,38,28.3361,38,11.5865,31,37.9565,31,1.13081,37,37.1578,37,39,31,0,13,106.6,224.1,34.4,52.7,40.6,46.7,27.5,68.8,0,0,0,0,29.2,999.3,49.5,4,19.4,7
Delhi,Delhi,31-07-2024,96,33.3582,38,83.0705,38,28.1639,38,12.4294,31,39.8974,31,0.934054,37,33.51,37,37,25.5,89.37,18.4,221,98.4,31.9,52.6,25.5,41.9,27.4,78.7,100,8.33,0,0,24.8,999.3,74.2,3.5,8.3,4
Delhi,Delhi,01-08-2024,64,20.7995,39,40.8172,39,28.2308,38,13.0403,31,38.0913,31,1.05135,37,37.2924,37,32.5,25,12.656,11.2,122.2,107,28.8,42.3,25,34.2,26,85.6,100,4.17,0,0,36,999.5,91.4,3.9,9.3,5
Delhi,Delhi,02-08-2024,76,32.9985,39,68.8244,39,29.3063,38,14.2713,31,32.5265,31,1.04351,37,30.3738,37,32.5,27.5,3.045,13,85.5,186.1,29.7,44.3,33.4,38.4,27.1,86.3,100,8.33,0,0,39.2,997.7,79.3,3.5,16,7
Delhi,Delhi,03-08-2024,68,22.9923,39,60.1503,39,24.5053,38,15.2216,31,32.7984,31,0.857027,37,31.0792,37,34.2,28,0.37,16.6,110,211.8,30.3,44.8,34.1,38.5,26.6,81.5,100,8.33,0,0,42.8,999.5,66.6,4.2,18.3,7
Delhi,Delhi,04-08-2024,64,18.4521,39,54.7237,38,22.94,38,15.1555,31,34.9581,31,0.781622,37,28.3495,37,34.5,27.4,4.403,18.4,73.2,197,30.5,44.7,32.6,37.6,25.9,77.8,100,4.17,0,0,46.4,1001.4,78,3.9,16.8,6
Delhi,Delhi,05-08-2024,59,20.7928,39,53.7689,38,22.7292,38,14.0316,31,32.1558,31,0.995135,37,29.3611,37,32.2,28,0,20.5,82.3,202.6,30,43,33.5,37.6,26.1,80.1,0,0,0,0,40.7,1000.7,66.4,3.9,17.3,7
Delhi,Delhi,06-08-2024,61,22.6405,39,55.2713,39,24.4587,38,12.43,31,31.4271,31,0.855676,37,30.0972,36,33.7,27,0,13,155.9,160.4,30,42.6,31.8,37,26,80.1,0,0,0,0,33.8,999.7,73.6,4.5,13.9,5
Delhi,Delhi,07-08-2024,61,18.2654,39,46.7418,38,24.7953,38,13.9087,31,30.6729,31,0.872162,37,23.3753,36,30.8,26.9,19.17,11.2,152.3,81.1,28.1,40.2,31.2,34.5,26.8,92.6,100,16.67,0,0,25.9,1000.8,94.2,3.4,7,4
Delhi,Delhi,08-08-2024,54,21.1926,39,48.7389,38,23.8921,38,12.5003,31,30.5358,31,0.842162,37,26.9361,36,32.9,26,9.572,18.4,94.9,190,28.5,43.6,26,34.7,26.6,89.8,100,16.67,0,0,36,1002.4,90.4,3.4,16.3,7
Delhi,Delhi,09-08-2024,61,26.1713,38,53.3887,38,25.1239,38,12.3032,31,29.8758,31,0.965135,37,28.3656,36,33.9,27,18.942,13,78.1,161.9,29,46.5,31.2,36.5,26.9,89.1,100,12.5,0,0,26.6,1003.3,89.2,2.8,13.8,5
Delhi,Delhi,10-08-2024,71,33.0471,35,71.95,35,28.3157,35,12.7452,29,29.7572,29,1.13765,34,26.0856,34,31.5,27,0.881,13,97.7,166.8,28.9,44.3,31.2,36.5,27,90,100,8.33,0,0,21.2,1002.6,74.8,2.8,14.3,6
Delhi,Delhi,11-08-2024,69,27.4118,34,53.4844,34,26.5941,34,12.3924,29,32.441,29,0.942812,32,25.2559,32,29.3,25,31.004,14.8,178.6,79.8,27.3,36.7,25,31.6,26.3,94.3,100,25,0,0,22,1001.4,95.3,2.6,6.9,3
Delhi,Delhi,12-08-2024,56,28.7389,36,57.3042,36,29.0406,36,13.1471,31,33.457,30,1.17029,34,24.4576,34,29,26,16.2,13,46.1,72,27.5,38,26,32.7,26.7,95.2,100,83.33,0,0,27.4,1002.7,89.4,2.8,6.2,3
Delhi,Delhi,13-08-2024,63,24.8881,37,48.9264,36,29.9144,36,12.8533,30,32.1733,30,1.312,35,28.8737,35,32,26,56.818,14.8,81.3,98.2,28.7,44.1,26,36,27.1,91.2,100,16.67,0,0,27,1003.5,87.1,3.2,8.5,5
Delhi,Delhi,14-08-2024,79,35.0121,39,81.2795,39,28.6869,39,14.4791,32,32.1219,31,1.15378,37,27.6269,36,34.8,27.9,0,14.8,85.6,145.7,30.6,46.1,34.5,40.2,27.4,83.8,0,0,0,0,25.6,1003.7,69.9,3.7,12.4,6
Delhi,Delhi,15-08-2024,72,27.2454,39,60.9874,38,23.5882,38,12.2923,31,35.4558,31,1.03472,36,24.3486,35,33,27,12.913,18.4,95.1,188.1,29.9,46.2,31.2,40,28,90.2,100,20.83,0,0,31.7,1002.8,87.6,3.5,16.1,6
Delhi,Delhi,16-08-2024,63,22.0192,38,58.4003,38,28.1984,38,13.7756,32,36.21,31,1.10278,36,27.0544,36,34.3,27,8.507,16.6,112.7,168.4,30,46.1,31.2,38.8,27.3,86.1,100,8.33,0,0,37.4,1001.9,82.2,3.7,14.6,6
Delhi,Delhi,17-08-2024,74,30.8416,38,78.2824,38,31.1037,38,12.2556,32,34.1652,31,1.24361,36,37.7983,36,34,28,1.642,11.2,294,189.6,30.2,45.6,34.5,38.9,27,83.8,100,8.33,0,0,19.1,1004.4,80.7,4,16.4,6
Delhi,Delhi,18-08-2024,83,29.7626,38,81.8663,38,27.3965,37,11.2281,31,31.4094,31,1.14444,36,29.6353,36,33.6,28,0,16.6,263.8,168.5,30.7,45.2,34.5,39.8,27,81.2,0,0,0,0,28.4,1004.9,64.7,4.2,14.4,5
Delhi,Delhi,19-08-2024,84,27.6087,38,76.09,38,26.4562,37,10.599,31,34.6053,30,1.01694,36,29.4636,36,34.5,28,0,14.8,280.9,197.7,30.9,47.3,34.5,39.7,26.7,79.2,0,0,0,0,26.6,1004.1,67.1,4.2,17,7
Delhi,Delhi,20-08-2024,66,23.1584,37,57.297,37,28.5986,37,11.6584,31,33.7727,30,1.06472,36,31.5223,35,32.2,25.4,1,18.4,266.9,136.1,28.6,41.7,25.4,34.1,26,86.5,100,4.17,0,0,21.2,1004.4,82.2,3.8,11.6,5
Delhi,Delhi,21-08-2024,87,29.0808,37,77.4786,36,29.9854,37,11.1265,31,30.7503,31,0.954722,36,44.8951,35,35.5,27,0,13,186,216.3,30.4,45.4,30.1,37.4,25.7,77.2,0,0,0,0,19.4,1005.3,68.5,4.2,18.6,8
Delhi,Delhi,22-08-2024,85,28.6713,38,81.8439,38,26.2162,37,11.9403,31,28.7377,31,0.862286,35,37.1031,35,35.8,28,3.403,13,269.6,225.5,31,46.5,33.5,38.7,26.1,76.2,100,4.17,0,0,24.1,1004,58.9,4.1,19.4,8
Delhi,Delhi,23-08-2024,77,27.9992,38,71.3092,38,29.863,37,10.8787,31,27.1255,31,1.358,35,31.8681,36,31,27,0,11.2,307,157.6,28.3,39.2,30.6,34,25.9,87,0,0,0,0,15.1,1005.1,75.2,3.8,13.5,7
Delhi,Delhi,24-08-2024,105,48.0786,37,105.404,36,29.8397,37,10.3352,31,26.9855,31,1.18667,36,38.6153,36,34.6,26.9,0,11.2,44.3,214.3,30.3,48.2,31.1,38.8,26.8,82.2,0,0,0,0,22.7,1004.2,63.3,2.8,18.5,7
Delhi,Delhi,25-08-2024,77,26.993,37,63.8997,37,24.6289,37,9.54733,30,28.2027,30,0.911176,34,33.1892,36,33.8,26,1.407,15.8,76.8,234.1,30.4,43.7,26,37.6,26.1,79,100,4.17,0,0,54,1002,62.2,3.6,20.2,8
Delhi,Delhi,26-08-2024,72,28.9249,37,64.7805,37,23.3046,37,9.81645,31,29.3861,31,0.860588,34,38.0546,35,34.3,28,0.185,37.1,86.6,200.3,29.9,46.4,31.9,37.6,26.4,82,100,4.17,0,0,55.4,1001.7,69.3,3.5,17.2,8
Delhi,Delhi,27-08-2024,64,20.885,38,51.2687,38,24.8678,37,9.84032,31,30.1235,31,0.985,36,31.0894,36,32.4,25,16.109,18.4,92,163,28.5,43.2,25,33.7,25.8,86.1,100,12.5,0,0,52.2,1003.9,86.1,3.6,14,8
Delhi,Delhi,28-08-2024,70,22.6232,38,52.5176,38,25.6189,37,10.5865,31,29.4377,31,1.06028,36,35.1803,36,33.2,25,12.556,16.6,88.9,179.4,28,43.3,25,32.7,25.8,88.5,100,12.5,0,0,41,1004,87.7,3,15.5,7
Delhi,Delhi,29-08-2024,58,27.2029,38,55.9053,38,27.4238,37,10.6965,31,29.5903,31,1.60971,35,28.6283,36,29,25,81.923,16.6,108.4,131.4,27,36.8,25,30.9,26.2,95.6,100,20.83,0,0,34.2,1004.2,90.8,3,11.4,7
Delhi,Delhi,30-08-2024,102,48.6113,38,108.689,38,33.3116,37,11.6277,31,30.8777,31,1.346,35,38.0417,35,34,25.8,0.299,18.4,154.9,231.3,29.4,43.9,25.8,35.1,25.9,82.8,100,4.17,0,0,37.1,1006.2,44.3,3.5,19.8,8
Delhi,Delhi,31-08-2024,92,38.9926,38,91.9474,38,25.8265,37,11.1148,31,30.7458,31,0.991944,36,30.3609,35,35,27,0,14.8,276.2,233.7,30.8,46.7,31.2,39.6,26.8,80.1,0,0,0,0,24.5,1005.5,47.6,3.6,20.2,8
Delhi,Delhi,01-09-2024,101,40.3559,37,97.6435,37,24.5249,37,11.7284,31,31.6765,31,1.00833,36,37.3239,36,35,28,0,11.2,302.1,221.4,31.7,45.4,34.5,41.1,26.9,76.9,0,0,0,0,24.1,1004.9,46.6,3.7,19,7
Delhi,Delhi,02-09-2024,87,33.0219,37,78.6305,37,25.0992,37,11.3871,31,31.7984,31,1.00943,35,28.8944,36,32.2,27,19.744,13,98.8,151,29.3,41.9,31.2,37,26.8,86.6,100,8.33,0,0,29.5,1006,72.8,3.2,13.2,6
Delhi,Delhi,03-09-2024,89,33.8372,36,82.4183,36,24.6944,36,11.4261,31,31.3271,31,1.05343,35,33.1579,34,35.1,28,0,18.4,92.3,189.3,30.9,45,33.1,39.2,26.5,79.1,0,0,0,0,28.4,1005.9,65.7,3.5,16.4,7
Delhi,Delhi,04-09-2024,69,23.6349,37,53.9319,37,27.383,37,11.6168,31,29.6535,31,1.26314,35,23.4161,36,31.9,24.8,11.128,14.8,239.4,172.5,27,40.4,24.8,30,25.3,90.6,100,12.5,0,0,33.5,1004.1,85.5,3.4,15,7
Delhi,Delhi,05-09-2024,83,40.4816,37,85.7497,37,32.6214,37,12.8819,31,30.5984,31,1.385,36,41.425,36,32.2,24,0.747,7.6,177.4,167.6,28.3,40.6,24,33,25.4,85.4,100,4.17,0,0,18.4,1002.3,77.8,3.4,14.3,7
Delhi,Delhi,06-09-2024,95,30.1049,37,77.7878,37,29.5241,37,12.3252,31,30.3042,31,1.0725,36,27.16,36,32,25.8,31.474,15.7,96.2,149.9,28.1,39.2,25.8,32.9,25.7,87.4,100,4.17,0,0,24.5,1003.7,85,3.3,13,6
Delhi,Delhi,07-09-2024,71,28.1603,36,63.5008,37,30.8073,37,12.3816,31,28.3532,31,1.14333,36,31.7978,36,32.9,26,2.452,20.5,94,129.4,27.4,43,26,30.1,25.3,88.7,100,8.33,0,0,22,1004.9,90.6,3,11.2,6
Delhi,Delhi,08-09-2024,91,50.6625,36,103.006,37,29.1765,37,12.0777,31,30.269,31,1.29,36,19.2671,35,29,26,0.26,13,261.2,163,27.2,36.6,26,31.5,26.3,95.2,100,8.33,0,0,19.8,1004.7,85.4,1.9,14.1,6
Delhi,Delhi,09-09-2024,114,49.2072,36,105.322,37,29.7397,37,11.6639,31,31.0645,31,1.23222,36,27.6267,36,33.8,26,2.24,16.6,292.9,186.4,28.8,45.7,26,35.4,26.9,89.9,100,4.17,0,0,19.4,1002.6,58.5,2.2,16.2,7
Delhi,Delhi,10-09-2024,106,42.7358,36,94.8322,37,30.4722,37,11.3716,31,30.8026,31,1.17417,36,40.1564,36,34.3,25,6.747,18.4,58.9,183.7,28.1,45.5,25,32.6,25.8,88.1,100,4.17,0,0,27,1002,72,2.7,15.8,6
Delhi,Delhi,11-09-2024,71,34.2003,36,83.5703,36,28.7756,36,12.4153,30,33.033,30,1.45857,35,26.0226,35,32,26,1.821,9.4,17.7,113.8,28.4,40.9,26,33.2,25.9,87,100,4.17,0,0,23.4,1001.8,86.6,3.3,9.8,5
Delhi,Delhi,12-09-2024,64,17.0714,35,35.665,36,21.3178,36,11.737,30,31.5917,30,0.820857,35,20.2271,35,29,24,16.134,18.4,24.7,24.7,26.1,36.8,24,28,25.3,95.4,100,16.67,0,0,44.6,1000.6,95,3.3,2.2,1
Delhi,Delhi,13-09-2024,52,18.146,35,34.4389,36,25.3625,36,12.055,30,29.2793,30,1.06147,34,20.6553,34,27,23,37.863,20.5,278.4,45.6,24,31.2,23,24.4,23.7,98.2,100,12.5,0,0,44.6,1001.3,95.8,2.8,3.9,3
Delhi,Delhi,14-09-2024,62,30.235,36,83.0349,37,25.3351,37,11.3403,31,27.42,31,1.19694,36,25.2286,35,31.2,22.8,45.629,16.6,262.8,144.8,26.5,41.8,22.8,29.5,24.3,88.6,100,12.5,0,0,31.7,1003.1,82.2,3.4,12.6,6
Delhi,Delhi,15-09-2024,107,41.6411,36,123.928,37,27.9478,37,10.2103,31,28.2545,31,1.13556,36,26.8556,36,32.5,25,0.03,17.2,268,223.4,28.2,38.9,25,31.7,24.4,81.1,100,4.17,0,0,33.1,1003.8,60.7,3.9,19.2,7
Delhi,Delhi,16-09-2024,139,50.1608,37,165.734,37,29.6989,37,10.8106,31,27.8071,31,1.46556,36,30.6972,36,33.3,26,0,20.5,271.7,234.7,28.9,42.8,26,32.6,24.5,78.3,0,0,0,0,31,1005.3,46.7,4.1,20.1,8
Delhi,Delhi,17-09-2024,172,57.4141,37,163.971,38,31.4561,38,11.0525,32,29.689,31,1.26139,36,37.6749,35,33.7,26,0,13,271.8,176.7,29.1,40.4,26,33.1,24.5,78.1,0,0,0,0,17.3,1006.8,62.2,3.9,15.3,7
Delhi,Delhi,18-09-2024,115,37.1208,37,83.9349,37,32.4489,38,10.7209,32,30.3465,31,1.13314,35,26.8597,36,29,23,7.597,18.4,37.5,70,25.8,33.6,23,27.6,23.9,90.1,100,12.5,0,0,34.9,1005.8,91.1,3.1,5.9,4
Delhi,Delhi,19-09-2024,56,34.3892,37,75.7597,38,30.0155,38,10.3353,32,29.7558,31,1.28528,36,30.5439,36,30.8,23,2.597,20.5,66.5,182.5,26.7,39.1,23,29.9,24.6,88.8,100,8.33,0,0,38.2,1005.6,84.9,2.9,15.7,7
Delhi,Delhi,20-09-2024,98,33.9041,37,109.842,38,34.1589,38,11.8712,32,29.3671,31,1.30694,36,38.3408,36,34.4,25.5,0,11.2,115.9,201.4,29.1,42.3,25.5,32.8,24.2,76.3,0,0,0,0,25.2,1005.7,50.8,4.2,17.5,7
Delhi,Delhi,21-09-2024,116,46.5027,37,127.11,38,34.6016,38,12.4184,32,31.3313,31,1.435,36,49.8847,36,34.6,26,0,9.4,127.1,179.9,30,42.2,26,34.9,24.9,75.8,0,0,0,0,18.7,1006.9,41.5,4.3,15.7,7
Delhi,Delhi,22-09-2024,162,74.9725,36,167.102,38,32.1055,38,11.6278,32,33.9023,31,1.2625,36,43.9539,36,35,27,0,8.2,288,182.5,30.9,44.1,30.6,38,25.6,74.6,0,0,0,0,14.4,1006.4,38.5,3.4,15.7,7
Delhi,Delhi,23-09-2024,165,81.7183,36,171.362,37,31.7538,37,12.541,31,34.3313,30,1.23343,35,45.7214,35,35.9,27,0,11.2,283,233.8,30.9,45.4,31.6,39.1,26.5,78.6,0,0,0,0,18.4,1005.9,27.6,2.9,20,8
Delhi,Delhi,24-09-2024,195,98.7368,37,205.507,38,35.9829,38,13.3494,32,33.6903,31,1.3275,36,48.4643,35,36.3,28,0,9.4,259.4,222,31.7,46.7,34.5,40.5,26.6,75.7,0,0,0,0,13.3,1004.7,32.7,2.7,19.2,7
Delhi,Delhi,25-09-2024,233,82.5849,37,180.721,38,35.1803,38,13.0391,32,32.2955,31,1.13111,36,42.0083,36,36.4,28,0,18.4,103.4,168.8,30.9,46.8,32.7,39.1,26.3,77.6,0,0,0,0,33.5,1004.8,53.6,2.8,14.5,6
Delhi,Delhi,26-09-2024,94,28.4792,36,77.3697,37,26.6151,37,11.78,31,29.2242,31,1.19543,35,34.8066,35,34.1,26,0.06,14.8,91.9,186.9,29.6,43.3,26,35.3,25.4,78.9,100,4.17,0,0,29.2,1005,60.3,3.5,16.2,8
Delhi,Delhi,27-09-2024,80,17.735,36,62.0251,37,26.1032,37,10.7829,31,29.4848,31,0.926389,36,32.0571,35,33,26,0,18.4,99.9,156.6,29.3,39.7,26,34.1,24.3,75.6,0,0,0,0,37.1,1004.9,42,4.5,13.5,5
Delhi,Delhi,28-09-2024,66,22.6468,37,61.3179,38,26.2384,38,12.7259,32,28.9603,31,1.10583,36,40.2383,35,32.6,24,0,14.8,96,166.9,27.9,38.6,24,30.7,23.5,77.7,0,0,0,0,26.3,1006.9,60.6,4.2,14.4,6
Delhi,Delhi,29-09-2024,74,32.8224,37,77.0273,37,26.9361,38,12.1719,32,27.0135,31,1.26528,36,41.0175,36,33.1,25,0,14.8,80.6,193.2,28.8,40.4,25,32.5,24.2,77.5,0,0,0,0,20.2,1009.2,54.3,4.2,16.6,7
Delhi,Delhi,30-09-2024,126,64.0603,37,147.782,38,29.8524,38,12.4453,32,28.2094,31,1.18056,36,40.9131,36,33.7,25,0,14.8,278.4,207.9,29.4,40.2,25,34.3,24.8,77.6,0,0,0,0,30.2,1008.4,38.6,3.3,17.9,8
Delhi,Delhi,01-10-2024,149,68.3814,37,164.019,38,30.5824,37,13.6491,32,29.5857,30,1.54389,36,52.4744,36,34.3,25,0,16.6,278,222.6,29.6,40.7,25,34.3,24.9,77.6,0,0,0,0,31,1005.7,8.7,3.1,19.2,8
Delhi,Delhi,02-10-2024,173,71.1914,35,197.96,36,36.1836,36,14.7077,30,30.243,30,1.67629,35,44.1106,33,35.9,26,0,14.8,268.9,229.3,30.7,40.7,26,34.8,23.4,67.4,0,0,0,0,30.6,1005.1,1.7,3.8,19.8,8
Delhi,Delhi,03-10-2024,162,58.3933,36,191.627,37,37.8651,37,13.9532,31,29.2452,31,1.92333,36,44.2266,35,35.6,27,0,16.6,273.1,234.9,30.3,39.8,28.5,33.3,21.7,61.7,0,0,0,0,21.2,1004.4,0,4.2,20.2,8
Delhi,Delhi,04-10-2024,184,62.2216,37,188.332,38,38.8734,38,12.9556,32,33.1281,31,1.74417,36,36.7333,36,35.2,25.9,0,16.6,269.9,230.8,30.4,42.6,25.9,34.3,23,66.1,0,0,0,0,20.5,1005.6,12.1,4.1,19.8,8
Delhi,Delhi,05-10-2024,145,45.1405,37,153.892,38,33.4245,38,12.9334,32,33.6394,31,1.62,36,34.315,36,35.2,26.7,0,18.4,279.8,224.1,30.2,41.2,29.1,34.1,23.1,67.7,0,0,0,0,21.2,1007.7,27.9,4.3,19.6,8
Delhi,Delhi,06-10-2024,143,46.24,35,145.344,36,31.827,37,13.3206,31,31.3003,31,1.16361,36,49.7477,35,35.1,25.8,0,16.6,316.4,223.1,29.9,37.5,25.8,31.9,21,61,0,0,0,0,29.5,1011.3,6.7,4.1,19.3,8
Delhi,Delhi,07-10-2024,126,52.7495,37,144.172,38,31.1132,38,13.2556,32,29.76,31,1.32314,35,46.6911,36,34.7,24,0,11.2,294,227.8,29.2,36.2,24,30.9,21.5,66.3,0,0,0,0,16.2,1013.4,0.2,3.7,19.7,8
Delhi,Delhi,08-10-2024,167,73.3165,37,187.367,38,34.0468,38,12.8709,32,29.9058,31,1.30029,35,54.1964,36,34.7,23,0,11.2,289.9,208.7,28.8,36.9,23,30.1,20.6,64.2,0,0,0,0,15.8,1012.9,4.6,3.7,18.1,7
Delhi,Delhi,09-10-2024,164,68.3322,37,158.446,38,34.86,38,13.8413,32,31.0716,31,1.37278,36,56.5039,36,33.8,23,0,14.8,288.7,224.8,28.2,35.6,23,29.4,20.4,64.6,0,0,0,0,23.4,1011,9.1,3.6,19.5,8
Delhi,Delhi,10-10-2024,132,51.6225,36,145.513,37,33.8535,37,12.9335,31,31.1706,31,1.24278,36,51.8603,36,33.7,22,0,14.8,286.2,225.9,27.8,33.7,22,28.1,18.5,60.2,0,0,0,0,27.4,1010.2,19.9,4.2,19.6,8
Delhi,Delhi,11-10-2024,141,60.7408,36,155.707,37,40.3932,37,12.6329,31,31.2123,31,1.50111,36,58.8567,36,32.4,21,0,14.8,273.9,227.9,26.8,32.4,21,27,18.1,61.6,0,0,0,0,26.3,1010.3,12.3,3.7,19.7,8
Delhi,Delhi,12-10-2024,155,74.7861,36,189.632,36,47.5153,36,12.5337,30,30.631,30,1.936,35,62.7339,36,33.5,20.9,0,14.8,287,226.1,27.1,33.8,20.9,27.3,17.7,59.7,0,0,0,0,22.7,1010.9,15.2,3.8,19.6,8
Delhi,Delhi,13-10-2024,224,99.2064,36,225.32,36,52.9343,35,14.2703,30,31.3537,30,2.06758,33,56.9112,34,34.3,21.5,0,14.8,303.7,214.3,27.5,33.4,21.5,27.1,15.6,53.3,0,0,0,0,12.2,1011.6,29,3.8,18.3,8
Delhi,Delhi,14-10-2024,234,105.392,36,245.269,37,52.0486,37,13.8948,31,35.6394,31,2.13848,33,55.2494,35,33.5,21,0,16.6,281,223,27,32.4,21,26.8,15.6,52.6,0,0,0,0,22.3,1012.2,22,3.6,19.3,8
Delhi,Delhi,15-10-2024,198,90.0606,36,229.1,37,51.3281,37,13.0445,31,35.5245,31,1.91444,36,60.2132,34,33,19.8,0,13,260.2,220,26.5,32.9,19.8,26.4,15.6,53.9,0,0,0,0,25.6,1011.4,2.3,3.7,19.1,8
Delhi,Delhi,16-10-2024,230,104.138,36,276.464,37,57.25,37,14.7287,31,37.7587,31,2.51583,36,69.914,35,34.6,20.3,0,7.6,223.7,207.8,27.1,35.1,20.3,27,16.3,55.3,0,0,0,0,16.6,1010.1,50.4,3,17.9,8
Delhi,Delhi,17-10-2024,285,140.348,36,329.052,37,60.4759,37,17.2065,31,44.8642,31,2.78028,36,72.5097,34,35,21.7,0,7.6,155.8,208.9,27.9,35.4,21.7,27.9,16.9,55.5,0,0,0,0,19.4,1010.6,42.9,3,18,8
Delhi,Delhi,18-10-2024,292,133.257,36,320.408,37,58.0876,37,16.5784,31,50.9077,31,2.77343,35,57.6342,36,35.2,21.1,0,8,250.6,213.4,27.9,35.8,21.1,27.9,16.5,54.2,0,0,0,0,16.2,1010.4,0,3.3,18.3,8
Delhi,Delhi,19-10-2024,278,126.253,36,303.299,37,56.8281,37,15.9426,31,48.959,31,2.45083,36,56.6364,36,35.7,21.3,0,13,270.4,212.2,28.3,36.7,21.3,28.4,17.2,54.4,0,0,0,0,14.8,1010.8,0.4,3.4,18.2,8
Delhi,Delhi,20-10-2024,277,148.858,37,302.579,38,51.4379,38,15.8623,30,50.5977,31,2.25135,37,64.7668,37,34.8,21.8,0,13,83.9,207.8,27.9,38.9,21.8,29,19.9,64,0,0,0,0,22.3,1011.9,4.5,2.5,18,8
Delhi,Delhi,21-10-2024,310,155.011,37,292.506,38,51.8761,38,14.9971,31,47.0784,31,2.08189,37,69.0116,37,33.5,21.8,0,14.8,60.6,199.9,27.2,36.8,21.8,28.2,20.5,69.4,0,0,0,0,16.9,1012.5,0.4,2.3,17.3,7
Delhi,Delhi,22-10-2024,327,166.949,37,321.937,38,55.5621,38,16.0748,31,45.7306,31,2.04405,37,66.187,37,33,21.6,0,9.4,335.9,207,26.9,35.5,21.6,27.5,19.6,67.8,0,0,0,0,18,1013.6,0.6,2.1,17.9,7
Delhi,Delhi,23-10-2024,364,205.516,38,355.739,39,45.9792,39,14.2163,32,44.7258,31,1.81459,37,55.0708,37,32.3,21.6,0,18.4,286.9,203,26.6,33.9,21.6,27.1,19.3,67,0,0,0,0,29.9,1013.2,1.7,2,17.5,7
Delhi,Delhi,24-10-2024,306,138.591,38,264.132,39,40.5742,38,14.69,32,39.606,30,1.55889,36,61.2469,36,33.4,20,0,16.6,275.4,208.8,26.5,35,20,26.7,17.5,60.3,0,0,0,0,28.4,1011.8,0,2.6,18,7
Delhi,Delhi,25-10-2024,270,119.94,38,258.683,39,43.1731,39,14.1716,32,37.2697,31,1.43057,35,58.0392,37,33,20,0,20.5,273,206.8,25.6,33,20,25.6,16.8,61.8,0,0,0,0,32.8,1011,0,2.8,17.9,7
Delhi,Delhi,26-10-2024,255,168.484,38,328.153,39,53.8154,39,17.1412,32,40.4265,31,2.70541,37,71.397,37,33,19.9,0,16.6,290.4,205.5,25.8,33.5,19.9,25.9,16.3,58.2,0,0,0,0,24.8,1010.9,0,2.8,17.9,7
Delhi,Delhi,27-10-2024,356,185.489,38,333.657,39,55.2726,39,14.8903,32,48.9377,31,2.57139,36,62.8135,37,33,21.3,0,7.6,91.7,199.9,26.7,37,21.3,27.6,20,68.6,0,0,0,0,21.6,1010.1,0.4,2.3,17.2,7
Delhi,Delhi,28-10-2024,304,141.274,38,272.466,39,47.799,39,14.735,32,45.49,31,1.89297,37,50.7411,37,33.3,21.6,0,11.2,140.2,188.8,27.1,37.2,21.6,27.9,19.5,65.2,0,0,0,0,14.8,1009,3,2.7,16.3,7
Delhi,Delhi,29-10-2024,268,128.349,38,264.692,39,52.8177,39,14.5472,32,43.1219,31,2.32351,37,58.0729,35,34.6,21.8,0,11.2,118.9,195.9,27.6,39.1,21.8,28.8,20.3,67.2,0,0,0,0,18,1009.3,0,2.7,17,7
Delhi,Delhi,30-10-2024,307,160.758,38,330.547,39,55.1862,39,17.0269,32,47.6123,31,2.24541,37,76.3824,37,35,22,0,9.4,342.8,197,28.1,38.6,22,28.9,19.2,61.3,0,0,0,0,18.7,1009.9,0.2,2.7,17.1,7
Delhi,Delhi,31-10-2024,328,199.077,38,332.436,39,47.6474,39,20.0341,32,46.4155,31,1.96757,37,48.2759,37,33,22.1,0,16.6,269.7,198.2,26.9,35.3,22.1,27.3,18.7,63.8,0,0,0,0,32,1011.8,0,2.3,17.2,7
Delhi,Delhi,01-11-2024,339,220.641,38,332.096,39,40.0933,39,25.2353,32,37.4445,31,2.17889,36,57.2459,37,32.6,18,0,16.6,264.8,200.8,25.1,33.5,18,25,14.5,55.1,0,0,0,0,31.3,1012.6,0,2.5,17.2,7
Delhi,Delhi,02-11-2024,318,219.883,38,354.604,39,57.9885,39,20.0663,32,39.969,31,2.35027,37,59.7543,37,32.6,18.5,0,7.6,334.7,198.1,25,33,18.5,24.8,14.7,56.7,0,0,0,0,18.4,1013.7,0,2.5,17.1,7
Delhi,Delhi,03-11-2024,381,224.979,38,370.422,39,62.5663,38,19.3056,32,42.2626,31,2.63351,37,76.7432,37,31.6,17.8,0,9.4,338.7,193.9,24.3,32.3,17.8,24.1,14.5,58.5,0,0,0,0,17.6,1014.7,0,2.3,16.8,7
Delhi,Delhi,04-11-2024,380,233.769,38,405.983,39,59.4872,39,16.6706,32,46.141,31,3.04081,37,64.7322,37,31,18,0,7.6,259.8,192.7,23.8,32.1,18,23.9,15.9,63.7,0,0,0,0,15.8,1013.1,0,1.9,16.8,7
Delhi,Delhi,05-11-2024,372,213.749,38,376.598,39,67.0369,39,18.2359,32,52.3687,31,3.22297,37,75.8778,37,31.3,18.4,0,11.2,89.4,187.9,24.3,32.5,18.4,24.4,16.3,64.4,0,0,0,0,22.7,1015.1,0.5,2,16.2,7
Delhi,Delhi,06-11-2024,351,206.661,38,367.635,39,71.251,39,17.4822,32,48.5671,31,3.09027,37,73.7732,37,31.2,18.5,0,7.6,274.3,183.8,24.3,32.9,18.5,24.4,16.9,66.4,0,0,0,0,13.3,1015.3,6.6,1.8,15.8,7
Delhi,Delhi,07-11-2024,377,233.987,38,397.944,39,68.1836,39,15.6247,32,55.2271,31,2.9527,37,68.517,37,30.9,19.5,0,7.6,104.2,175.5,24.7,33.4,19.5,25,18,68.5,0,0,0,0,18.4,1014.5,2.3,1.6,15.1,6
Delhi,Delhi,08-11-2024,379,214.159,38,354.604,39,56.9708,39,14.1956,32,53.8732,31,2.57622,37,58.1305,37,30.9,19.6,0,7.6,109.7,175.5,24.4,33.4,19.6,24.8,18.5,71.9,0,0,0,0,18.7,1014.3,1.6,1.6,15.1,6
Delhi,Delhi,09-11-2024,350,184.828,38,314.347,39,50.9051,39,15.9512,32,49.5345,31,2.05432,37,60.1495,37,31.4,19.7,0,11.2,105.5,157.1,25,33.8,19.7,25.4,18.7,70.6,0,0,0,0,22.3,1014.3,1.6,1.6,13.5,6
Delhi,Delhi,10-11-2024,334,179.295,38,309.507,39,48.5823,39,14.3306,31,46.4019,31,2.69,37,69.9338,37,30.4,19.8,0,7.6,92.7,177.2,24.5,33.1,19.8,24.9,19.1,73.7,0,0,0,0,21.6,1014.3,2.3,1.7,15.3,7
Delhi,Delhi,11-11-2024,352,194.613,38,348.914,39,56.5433,39,17.5259,32,45.521,31,3.16,37,72.0689,36,31.1,18.8,0,5.4,72.6,165.2,24.5,33,18.8,24.8,18.5,72.2,0,0,0,0,16.9,1014.3,9.4,1.6,14.5,6
Delhi,Delhi,12-11-2024,334,191.602,38,325.374,39,49.1395,39,15.9606,32,45.2971,31,2.48486,37,53.2089,37,32,19.2,0,14.8,267.6,177.4,24.6,32.3,19.2,24.6,16.4,65.2,0,0,0,0,19.1,1013.9,4.9,2,15.3,7
Delhi,Delhi,13-11-2024,418,395.086,38,551.983,38,44.1182,39,15.24,32,50.721,31,2.96784,37,50.5759,37,26.6,18,0,10.1,274.8,176,21.3,26.6,18,21.3,18.3,84.3,0,0,0,0,24.8,1013.3,38.1,0.6,15.2,6
Delhi,Delhi,14-11-2024,424,280.455,38,456.563,39,55.2385,39,17.0659,32,49.031,31,3.2327,37,59.43,37,28.2,17.3,0,7.6,7.8,176.8,22.1,29.2,17.3,22.1,16.6,74.4,0,0,0,0,18.4,1015.5,16.8,1.1,15.2,7
Delhi,Delhi,15-11-2024,396,273.633,38,434.264,39,53.4441,39,15.3203,32,47.241,31,2.51568,37,58.7508,37,30,16.8,0,14.8,298.7,175.7,22.7,30.4,16.8,22.6,15.2,66.6,0,0,0,0,28.1,1014.5,7.9,1.7,15.1,7
Delhi,Delhi,16-11-2024,417,363.203,38,523.411,39,54.2841,39,17.5862,32,47.9174,31,3.16361,36,57.0308,37,28.8,16.7,0,10.1,279.7,176.8,22,29.5,16.7,22,15,67.7,0,0,0,0,26.6,1013.4,0.5,1.3,15.3,7
Delhi,Delhi,17-11-2024,441,428.579,37,568.138,39,49.5333,39,15.6353,32,49.6971,31,2.72514,37,51.5895,37,26.4,16,0,16.6,274.6,162.4,20.3,26.4,16,20.3,15.7,76.5,0,0,0,0,12.2,1014.3,23.5,1,14,6
Delhi,Delhi,18-11-2024,494,581.226,38,749.336,39,47.6736,39,15.7006,32,51.9532,31,2.86324,37,43.3335,37,23,16,0,14,276.6,166.6,18.3,23,16,18.3,15.6,85.6,0,0,0,0,28.1,1016,78.6,0.4,14.4,6
Delhi,Delhi,19-11-2024,460,332.008,38,459.451,39,54.5223,39,18.5581,32,40.8648,31,2.14973,37,47.8759,37,24,14,0,9.4,254,178.6,18.2,24,14,18.2,12.3,70.9,0,0,0,0,24.5,1016.9,21.7,1,15.4,7
Delhi,Delhi,20-11-2024,419,259.889,38,400.971,39,59.3277,39,18.4862,32,39.8842,31,2.83027,37,63.8508,37,25,13,0,9.4,256.3,179.1,18.5,25,13,18.5,10.7,64.2,0,0,0,0,21.6,1016,0,1.5,15.4,7
Delhi,Delhi,21-11-2024,371,208.335,38,357.603,39,65.5897,39,16.9913,32,40.2319,31,2.65865,37,61.8378,36,26,12,0,9.4,260.7,178.5,18.2,26,12,18.2,9.4,59.5,0,0,0,0,19.8,1015.4,0,1.7,15.4,7
Delhi,Delhi,22-11-2024,393,280.664,38,445.307,39,69.791,39,17.9419,32,43.4729,31,3.11919,37,64.4808,37,26.1,12.6,0,7.6,265.6,160.4,18.5,26.1,12.6,18.5,11.4,66.5,0,0,0,0,9.7,1015.1,0,1.3,14,6
Delhi,Delhi,23-11-2024,412,243.79,38,412.24,39,78.7205,39,18.7103,32,43.1726,31,3.40919,37,70.7754,37,28,12.7,0,7.6,177.9,170.1,19.6,27.2,12.7,19.5,11.3,64.3,0,0,0,0,19.1,1015.5,2.2,1.5,14.7,6
Delhi,Delhi,24-11-2024,318,147.118,38,274.358,39,61.6059,39,16.4916,32,40.351,31,2.69297,37,61.3381,37,28,13.6,0,14.8,268.4,171.2,20.3,27.1,13.6,20.2,11,59.6,0,0,0,0,26.6,1015.3,0,2.5,14.9,7
Delhi,Delhi,25-11-2024,349,251.366,38,388.322,39,52.8192,39,16.1509,32,39.7245,31,1.90892,37,59.6292,37,25.4,15,0,14.8,273.4,170.3,19.1,25.4,15,19.1,13.1,69.6,0,0,0,0,28.1,1015.3,0.7,1.6,14.6,7
Delhi,Delhi,26-11-2024,343,156.854,38,270.059,39,53.5646,39,17.1006,32,36.6806,31,1.91568,37,60.1784,37,25.8,13.6,0,13,271.4,172,18.6,25.8,13.6,18.6,11.4,65.9,0,0,0,0,25.9,1015.5,0,2.4,15.1,7
Delhi,Delhi,27-11-2024,303,151.838,38,274.684,39,60.0118,39,17.0413,32,37.941,31,2.60027,37,64.4616,37,26.2,12.5,0,11.2,298.1,172.9,18.4,26.2,12.5,18.4,9.9,61,0,0,0,0,22.3,1015,0,2.5,15.1,7
Delhi,Delhi,28-11-2024,325,184.474,39,330.283,39,65.0518,39,17.7028,32,40.8935,31,2.82432,37,67.4337,35,25.8,11.5,0,9.4,342.5,172.5,17.9,25.8,11.5,17.9,9.6,63.1,0,0,0,0,19.4,1016.8,0,2.2,15.1,7
Delhi,Delhi,29-11-2024,331,193.267,38,342.168,39,78.8579,39,19.15,32,41.7616,31,3.07054,37,66.3422,36,25.1,10.5,0,7.6,287.8,169.9,17.6,25.1,10.5,17.6,9.9,64.6,0,0,0,0,14,1017.3,0.8,2,14.8,7
Delhi,Delhi,30-11-2024,346,190.099,38,327.758,39,73.23,39,18.7019,32,41.7713,31,3.17027,37,57.5547,36,25.6,11,0,11.2,279.8,167.8,17.7,25.6,11,17.7,10.5,66.6,0,0,0,0,21.6,1015.4,0,1.9,14.4,6
Delhi,Delhi,01-12-2024,285,142.158,38,246.758,39,60.4446,39,17.2866,32,42.7061,31,2.19757,37,51.6732,37,25,14,0,14.8,271.3,164.2,18.6,25,14,18.6,10.9,64.1,0,0,0,0,19.8,1013.8,0,2.5,14.1,6
Delhi,Delhi,02-12-2024,280,132.087,38,243.282,39,63.3313,39,17.7028,32,42.131,31,2.38243,37,54.35,37,26,12.1,0,9.4,274.6,166.7,18.5,26,12.1,18.5,11.7,67.8,0,0,0,0,22,1013.9,0,2.5,14.3,6
Delhi,Delhi,03-12-2024,268,122.699,38,236.126,39,60.7992,39,16.4947,32,41.1394,31,1.84622,37,55.0486,37,26.9,11.8,0,14.8,276.7,166.1,18.7,26.6,11.8,18.7,11.4,66.7,0,0,0,0,24.1,1015.9,2.2,2.5,14.3,6
Delhi,Delhi,04-12-2024,178,74.1967,39,168.554,39,47.3562,39,15.1097,32,35.101,31,1.46378,37,51.0776,37,26,13,0,18.4,274.6,167,18.7,26,13,18.7,9.1,58.4,0,0,0,0,34.9,1015.2,0,3,14.3,6
Delhi,Delhi,05-12-2024,165,77.0431,39,176.534,39,54.3346,39,15.5847,32,35.5558,31,1.90861,36,53.6292,36,24.2,9.8,0,21.6,276.9,170.8,16.7,24.2,9.8,16.7,5.6,51.4,0,0,0,0,31,1014.8,0,3.5,14.8,7
Delhi,Delhi,06-12-2024,197,90.459,39,197.573,39,63.0582,39,17.0566,32,35.98,31,2.33676,37,56.9041,37,24,10.6,0,15.2,285.3,169.2,16.4,24,10.6,16.4,5.8,53.1,0,0,0,0,32,1013.8,0,3.5,14.6,6
Delhi,Delhi,07-12-2024,233,122.151,39,245.624,39,70.4038,39,17.4478,32,38.3194,31,2.97108,37,60.1932,37,23.4,9,0,7.6,291.3,168.7,15.6,23.4,9,15.6,5.4,54.7,0,0,0,0,17.3,1013.4,0,3.1,14.7,7
Delhi,Delhi,08-12-2024,302,162.755,39,297.357,39,69.709,39,17.0925,32,43.8261,31,3.00541,37,63.1658,36,22.7,9.4,0.085,16.6,110.9,152.2,16.1,22.7,9.4,16.1,7.1,58.1,100,4.17,0,0,34.2,1012.9,33.9,2.6,13.1,6
Delhi,Delhi,09-12-2024,186,87.4977,39,168.167,39,53.6874,39,14.7312,32,37.53,31,1.61,37,53.1084,37,20.6,9.9,0,11.2,299.5,161.4,14.7,20.6,9.9,14.7,8.7,69.7,0,0,0,0,25.2,1015.7,11.5,2.8,14,6
Delhi,Delhi,10-12-2024,234,97.8641,39,188.843,39,53.1574,39,14.5075,32,35.5681,31,1.44676,37,46.6868,37,21.9,8.5,0,20.5,272.6,168.2,13.9,21.9,7.9,13.7,4.9,61.9,0,0,0,0,33.5,1017.5,0,2.7,14.7,6
Delhi,Delhi,11-12-2024,199,101.237,39,207.062,39,58.0623,39,15.6547,32,36.5432,31,1.88405,37,57.2922,37,21.6,6,0,14.8,275.7,170.6,13.2,21.6,4.4,13,1,48.1,0,0,0,0,29.5,1017.3,0,3.2,14.9,7
Delhi,Delhi,12-12-2024,288,148.71,39,272.425,39,67.801,39,15.9441,32,41.6977,31,1.46595,37,55.3319,37,21.5,5.8,0,11.2,273.5,169.2,13.3,21.5,4.4,13.2,3.8,56.6,0,0,0,0,28.4,1016.8,0,2.4,14.9,7
Delhi,Delhi,13-12-2024,262,106.812,39,220.913,39,54.3238,39,13.6794,32,41.3903,31,1.14216,37,56.5649,37,22,7,0,20.5,272.5,170.9,14,22,5.6,13.8,3.5,54.4,0,0,0,0,37.1,1017.8,5.4,2.6,14.9,7
Delhi,Delhi,14-12-2024,193,100.574,38,205.97,39,56.9323,39,15.6531,32,39.5765,31,2.00778,36,56.3851,37,22,7,0,18.4,267.4,169.1,13.8,22,5.6,13.4,2.6,50.7,0,0,0,0,29.9,1018.1,0,3.4,14.8,7
Delhi,Delhi,15-12-2024,294,174.389,38,304.333,38,70.2911,38,17.0694,31,44.34,30,2.80333,36,56.9075,36,22,6.7,0,9.4,271.3,169.7,13.2,22,6.2,13.1,3.6,56.6,0,0,0,0,18.7,1019.5,0,2.6,14.7,7
Delhi,Delhi,16-12-2024,379,273.884,39,434.083,39,84.6408,39,16.54,32,53.8406,31,3.39351,37,56.8249,37,22.7,5.7,0,7.6,274.4,168.6,12.8,22.7,5.7,12.8,6.4,68.4,0,0,0,0,17.6,1017.7,0,1.7,14.5,6
Delhi,Delhi,17-12-2024,433,331.03,39,495.916,39,91.0633,39,17.105,32,57.7542,31,3.54162,37,63.1294,36,22.8,7,0,11.2,93.9,166.4,13.7,22.8,7,13.7,7.5,70.7,0,0,0,0,16.2,1016.3,3.5,1.1,14.4,6
Delhi,Delhi,18-12-2024,445,345.184,39,499.111,39,81.1682,39,16.7316,32,58.5768,31,3.34,37,47.1346,37,20,8,0,9.4,274.4,166.7,12.7,20,7.4,12.6,8.5,78.7,0,0,0,0,17.3,1015.9,8.3,0.7,14.4,6
Delhi,Delhi,19-12-2024,451,342.344,39,494.348,39,84.8087,39,17.6166,32,60.381,31,3.85417,36,51.6735,37,22,6.2,0,13,97.1,164.4,13.4,22,6.2,13.4,7.7,73.6,0,0,0,0,27.7,1015.7,0.6,1.2,14.3,6
Delhi,Delhi,20-12-2024,429,292.602,39,431.023,39,80.5436,39,17.2903,32,56.151,31,2.80056,36,50.3205,37,22.1,8.8,0,7.6,345.9,149.8,15.1,22.1,8.8,15.1,10.1,74.9,0,0,0,0,18,1015.4,6,1.1,13,6
Delhi,Delhi,21-12-2024,370,217.867,37,341.885,37,68.3578,37,15.6097,30,54.9873,30,2.74,36,48.4269,35,22.4,8.6,0,11.2,286.4,163.3,14.6,22.4,8.5,14.5,9,73.9,0,0,0,0,20.2,1015.9,3.3,1.2,14.1,6
Delhi,Delhi,22-12-2024,409,286.232,39,431.405,39,87.1732,38,19.3425,32,59.9267,30,3.35571,35,56.7111,36,23,8.5,0,9.4,126.8,162.8,15,23,8.5,15,8.9,71.2,0,0,0,0,13.3,1015.7,13.1,1.5,14.1,6
Delhi,Delhi,23-12-2024,406,269.264,39,388.134,39,75.9276,38,16.8494,32,56.326,30,1.90811,37,31.2572,36,18,10.2,0.29,11.2,61.8,96.3,14.5,18,10.2,14.5,10.6,78.3,100,12.5,0,0,35.6,1015.7,64.2,1.2,8.3,4
Delhi,Delhi,24-12-2024,369,187.311,39,279.855,39,60.7774,38,16.05,32,52.8473,30,1.93459,37,36.4397,37,20.2,11,1.851,11.2,52.7,140.2,14.9,20.2,11,14.9,11.1,80.8,100,4.17,0,0,24.8,1016.9,60.1,1.1,12.1,6
Delhi,Delhi,25-12-2024,336,185.605,39,274.52,39,58.2703,38,16.1966,32,55.3562,29,2.00111,36,36.5769,36,21.6,10,0,11.2,275.5,157,14.5,21.6,10,14.5,11.1,82.4,0,0,0,0,20.2,1019,24.5,0.9,13.5,6
Delhi,Delhi,26-12-2024,345,209.064,39,325.662,39,64.1246,39,17.2869,32,56.3783,30,2.52054,37,47.7862,37,23,9,0,7.6,3.5,162.4,15.3,23,9,15.3,10.5,76.7,0,0,0,0,14,1020.8,5,1.1,14,6
Delhi,Delhi,27-12-2024,353,160.374,39,220.779,39,52.671,39,13.5181,32,58.5877,31,1.79757,37,21.9036,33,16,13.9,44.597,18.4,55.3,42,14.5,16,13.9,14.5,13.6,94.3,100,25,0,0,39.6,1019.4,87.9,1.1,3.6,2
Delhi,Delhi,28-12-2024,139,92.6868,38,133.344,38,46.7389,38,14.2932,31,48.3063,30,1.25257,35,14.1878,36,16,13,5.104,9.4,288,35.2,14.9,16,13,14.9,14.2,96.1,100,4.17,0,0,24.1,1018.9,93,1.2,2.9,2
Delhi,Delhi,29-12-2024,225,88.3421,39,133.201,39,34.4936,39,12.8059,32,41.9603,31,0.913611,36,26.1946,37,16.5,11,0,18.4,278.2,129.3,13.3,16.5,11,13.3,12.3,93.5,0,0,0,0,26.6,1020.6,69.5,1.1,11.2,5
Delhi,Delhi,30-12-2024,173,90.4705,39,138.976,39,34.3674,39,13.3078,32,38.7926,31,1.18378,37,29.9632,37,13.9,9,0,14.8,270.1,149.1,11.4,13.9,8.2,11.3,10.3,92.9,0,0,0,0,28.1,1020.2,48.5,1.2,12.9,6
Delhi,Delhi,31-12-2024,283,155.285,39,251.544,39,47.3844,39,14.3747,32,44.37,31,1.78139,36,36.4286,37,16.3,9.5,0,7.6,273.7,109.8,11.7,16.3,9.1,11.6,9.4,86.1,0,0,0,0,16.9,1021,48.9,1.3,9.4,5
